/*
 Navicat Premium Data Transfer

 Source Server         : 39.107.157.91-dashu
 Source Server Type    : MariaDB
 Source Server Version : 100332
 Source Host           : 39.107.157.91:13306
 Source Schema         : dashu_frame_yanshi

 Target Server Type    : MariaDB
 Target Server Version : 100332
 File Encoding         : 65001

 Date: 22/05/2025 15:49:08
*/

SET NAMES utf8mb4;
SET FOREIGN_KEY_CHECKS = 0;

-- ----------------------------
-- Table structure for a_table
-- ----------------------------
DROP TABLE IF EXISTS `a_table`;
CREATE TABLE `a_table`  (
  `id` varchar(36) CHARACTER SET utf8mb4 COLLATE utf8mb4_general_ci NOT NULL COMMENT '主键',
  `mobile` varchar(20) CHARACTER SET utf8mb4 COLLATE utf8mb4_general_ci NOT NULL COMMENT '手机号',
  `field101` varchar(50) CHARACTER SET utf8mb4 COLLATE utf8mb4_general_ci NULL DEFAULT NULL COMMENT '级联选择',
  `field102` varchar(255) CHARACTER SET utf8mb4 COLLATE utf8mb4_general_ci NULL DEFAULT NULL COMMENT '多选框组',
  `order_index` int(11) NOT NULL COMMENT '顺序',
  `field114` varchar(200) CHARACTER SET utf8mb4 COLLATE utf8mb4_general_ci NULL DEFAULT NULL COMMENT 'ImageAvatar',
  `create_time` datetime(0) NULL DEFAULT NULL COMMENT '添加时间',
  `update_time` datetime(0) NULL DEFAULT NULL COMMENT '修改时间'
) ENGINE = InnoDB CHARACTER SET = utf8mb4 COLLATE = utf8mb4_general_ci COMMENT = '表描述' ROW_FORMAT = Dynamic;

-- ----------------------------
-- Table structure for a_table_file
-- ----------------------------
DROP TABLE IF EXISTS `a_table_file`;
CREATE TABLE `a_table_file`  (
  `file_id` varchar(36) CHARACTER SET utf8mb4 COLLATE utf8mb4_general_ci NOT NULL COMMENT '附件id',
  `a_table_id` varchar(36) CHARACTER SET utf8mb4 COLLATE utf8mb4_general_ci NULL DEFAULT NULL COMMENT '主表id',
  `file_url` varchar(100) CHARACTER SET utf8mb4 COLLATE utf8mb4_general_ci NULL DEFAULT NULL COMMENT '文件地址（文件访问地址）',
  `file_old_name` varchar(200) CHARACTER SET utf8mb4 COLLATE utf8mb4_general_ci NULL DEFAULT NULL COMMENT '原文件名',
  `file_name` varchar(100) CHARACTER SET utf8mb4 COLLATE utf8mb4_general_ci NULL DEFAULT NULL COMMENT '存储文件名',
  `file_extend` varchar(20) CHARACTER SET utf8mb4 COLLATE utf8mb4_general_ci NULL DEFAULT NULL COMMENT '文件扩展名',
  `file_size` bigint(20) NULL DEFAULT NULL COMMENT '文件大小',
  `create_time` datetime(0) NULL DEFAULT NULL COMMENT '附件上传时间'
) ENGINE = InnoDB CHARACTER SET = utf8mb4 COLLATE = utf8mb4_general_ci COMMENT = '表描述附件表' ROW_FORMAT = Dynamic;

-- ----------------------------
-- Table structure for bus_trade
-- ----------------------------
DROP TABLE IF EXISTS `bus_trade`;
CREATE TABLE `bus_trade`  (
  `trade_id` varchar(36) CHARACTER SET utf8mb4 COLLATE utf8mb4_general_ci NOT NULL COMMENT '订单ID',
  `product_id` varchar(36) CHARACTER SET utf8mb4 COLLATE utf8mb4_general_ci NULL DEFAULT NULL COMMENT '商品ID（外链到需要付款的商品或其他信息）',
  `user_id` varchar(36) CHARACTER SET utf8mb4 COLLATE utf8mb4_general_ci NULL DEFAULT NULL COMMENT '用户id（z_user表）',
  `pay_type` tinyint(1) NULL DEFAULT NULL COMMENT '支付方式0微信1支付宝',
  `trade_open_id` varchar(64) CHARACTER SET utf8mb4 COLLATE utf8mb4_general_ci NULL DEFAULT NULL COMMENT '支付用户微信/支付宝id',
  `trade_status` tinyint(1) NULL DEFAULT NULL COMMENT '支付状态0未支付1已支付',
  `pay_success_time` datetime(0) NULL DEFAULT NULL COMMENT '支付成功时间',
  `total_fee` int(11) NULL DEFAULT NULL COMMENT '总金额，单位：分',
  `out_trade_no` varchar(32) CHARACTER SET utf8mb4 COLLATE utf8mb4_general_ci NULL DEFAULT NULL COMMENT '商户订单号（微信32支付宝64内）',
  `attach` varchar(128) CHARACTER SET utf8mb4 COLLATE utf8mb4_general_ci NULL DEFAULT NULL COMMENT '附加内容（在查询API和支付通知中原样返回）',
  `result_json` varchar(4000) CHARACTER SET utf8mb4 COLLATE utf8mb4_general_ci NULL DEFAULT NULL COMMENT '支付反馈结果json',
  `refund_total_fee` int(11) NULL DEFAULT NULL COMMENT '已退款总金额，单位：分',
  `create_time` datetime(0) NULL DEFAULT NULL COMMENT '添加时间',
  `update_time` datetime(0) NULL DEFAULT NULL COMMENT '修改时间',
  PRIMARY KEY (`trade_id`) USING BTREE
) ENGINE = InnoDB CHARACTER SET = utf8mb4 COLLATE = utf8mb4_general_ci COMMENT = '交易 - 支付demo' ROW_FORMAT = Dynamic;

-- ----------------------------
-- Records of bus_trade
-- ----------------------------
INSERT INTO `bus_trade` VALUES ('03797d0a-000e-4dd3-a7c9-6618b1f3d887', 'xxxx-xxxx-xx-x', '1', 0, 'oA1uP6Q6ByzfrUpXr_N4dPuXmuQk', 1, '2023-06-17 08:56:28', 2, 'f6de4753cac142e4be7e48381184d62c', NULL, '{nonce_str=g05qb5qfycFgQC5T, trade_state=SUCCESS, sign=3A13180F30D5A3865BE96AA2388275B1, return_msg=OK, fee_type=CNY, mch_id=1642005801, cash_fee=2, cash_fee_type=CNY, total_fee=2, trade_state_desc=支付成功, attach=, time_end=20230617085626, transaction_id=4200001861202306173587703315, bank_type=OTHERS, openid=oA1uP6Q6ByzfrUpXr_N4dPuXmuQk, out_trade_no=f6de4753cac142e4be7e48381184d62c, appid=wx089f5f07265e8026, trade_type=NATIVE, result_code=SUCCESS, is_subscribe=N, return_code=SUCCESS}', 2, '2023-06-17 08:56:16', '2023-06-17 08:56:28');
INSERT INTO `bus_trade` VALUES ('0d19bc37-e63f-43a1-865a-d4fd78e16785', 'xxxx-xxxx-xx-x', '1', 0, 'oA1uP6Q6ByzfrUpXr_N4dPuXmuQk', 1, '2023-06-17 10:48:53', 2, '90d4015207594d79915d8d083033edfa', NULL, '{\"amount\":{\"currency\":\"CNY\",\"payer_currency\":\"CNY\",\"payer_total\":2,\"total\":2},\"appid\":\"wx089f5f07265e8026\",\"attach\":\"\",\"bank_type\":\"OTHERS\",\"mchid\":\"1642005801\",\"out_trade_no\":\"90d4015207594d79915d8d083033edfa\",\"payer\":{\"openid\":\"oA1uP6Q6ByzfrUpXr_N4dPuXmuQk\"},\"promotion_detail\":[],\"success_time\":\"2023-06-17T10:48:53+08:00\",\"trade_state\":\"SUCCESS\",\"trade_state_desc\":\"支付成功\",\"trade_type\":\"NATIVE\",\"transaction_id\":\"4200001876202306170241330268\"}', 2, '2023-06-17 10:48:42', '2023-06-17 10:48:53');
INSERT INTO `bus_trade` VALUES ('132f11db-7a8c-4470-87f1-a53229e3a278', 'xxxx-xxxx-xx-x', '1', 0, 'oA1uP6Q6ByzfrUpXr_N4dPuXmuQk', 1, '2023-06-17 08:46:52', 2, '2a36eeacabb64457ae4a0aa53c5c591c', NULL, '{nonce_str=UX7xq2fPAoQLkqTe, trade_state=SUCCESS, sign=AADC2B9B505D663FD27151BB581B360F, return_msg=OK, fee_type=CNY, mch_id=1642005801, cash_fee=2, cash_fee_type=CNY, total_fee=2, trade_state_desc=支付成功, attach=, time_end=20230617084652, transaction_id=4200001854202306171417921569, bank_type=OTHERS, openid=oA1uP6Q6ByzfrUpXr_N4dPuXmuQk, out_trade_no=2a36eeacabb64457ae4a0aa53c5c591c, appid=wx089f5f07265e8026, trade_type=NATIVE, result_code=SUCCESS, is_subscribe=N, return_code=SUCCESS}', 2, '2023-06-17 08:46:37', '2023-06-17 08:46:52');
INSERT INTO `bus_trade` VALUES ('1428f92e-7532-4bc1-a91e-f4dcb7a093c4', 'xxxx-xxxx-xx-x', '1', 0, 'oA1uP6Q6ByzfrUpXr_N4dPuXmuQk', 1, '2023-06-17 09:05:37', 2, '2a0c4bff78a943a1a9708ac51a507f4f', NULL, '{nonce_str=m6d9KGF88ECTtQ1h, trade_state=SUCCESS, sign=755C13814E5BBAA799805D1E3EE282F4, return_msg=OK, fee_type=CNY, mch_id=1642005801, cash_fee=2, cash_fee_type=CNY, total_fee=2, trade_state_desc=支付成功, attach=, time_end=20230617090537, transaction_id=4200001867202306179552341782, bank_type=OTHERS, openid=oA1uP6Q6ByzfrUpXr_N4dPuXmuQk, out_trade_no=2a0c4bff78a943a1a9708ac51a507f4f, appid=wx089f5f07265e8026, trade_type=NATIVE, result_code=SUCCESS, is_subscribe=N, return_code=SUCCESS}', 2, '2023-06-17 09:05:24', '2023-06-17 09:05:37');
INSERT INTO `bus_trade` VALUES ('23cf43b9-8cfa-40a1-b318-4d64bf6d809e', 'xxxx-xxxx-xx-x', '1', 1, NULL, 1, '2023-06-19 16:38:12', 2, 'efbec2d1a81d4175b3d7c0024073f48c', NULL, '{\"body\":\"{\\\"alipay_trade_query_response\\\":{\\\"code\\\":\\\"10000\\\",\\\"msg\\\":\\\"Success\\\",\\\"buyer_logon_id\\\":\\\"877***@qq.com\\\",\\\"buyer_pay_amount\\\":\\\"0.02\\\",\\\"buyer_user_id\\\":\\\"2088302660013281\\\",\\\"fund_bill_list\\\":[{\\\"amount\\\":\\\"0.02\\\",\\\"fund_channel\\\":\\\"ALIPAYACCOUNT\\\"}],\\\"invoice_amount\\\":\\\"0.02\\\",\\\"out_trade_no\\\":\\\"efbec2d1a81d4175b3d7c0024073f48c\\\",\\\"point_amount\\\":\\\"0.00\\\",\\\"receipt_amount\\\":\\\"0.02\\\",\\\"send_pay_date\\\":\\\"2023-06-19 16:38:10\\\",\\\"total_amount\\\":\\\"0.02\\\",\\\"trade_no\\\":\\\"2023061922001413281433825761\\\",\\\"trade_status\\\":\\\"TRADE_SUCCESS\\\"},\\\"sign\\\":\\\"nYHRpnZRzORa3bVvcl7KgDljcblwRUcv9EOzzj5k2nzZzTIoE2TWfK1ii4BlExxEwvaZ3PXScv6f8hc8DCT2C1Fm9dpS/3UWIVAzU91IrraDQgXIxZEJ0QgmFdwIZiOcgLbWpsEUZJI9VDrPMS4aeRiRIwSqtRf0h8377eTO1ScGS9eak9CY18Ivp4/6+gNkik3W4eCQXyjTG6GAcqba01tjR4yAne03p2f+2tzOA76q+DcCxI2AlBCiDbcYscxOPx1z/pddwVkS8l37lVTXGnhiVT+ASglZtjcsS0w2vigFTf+F5rF5fx4FBeE5vDighUhsYFWZm4TA+TRmFMVKYQ==\\\"}\",\"buyerLogonId\":\"877***@qq.com\",\"buyerPayAmount\":\"0.02\",\"buyerUserId\":\"2088302660013281\",\"fundBillList\":[{\"amount\":\"0.02\",\"fundChannel\":\"ALIPAYACCOUNT\"}],\"invoiceAmount\":\"0.02\",\"outTradeNo\":\"efbec2d1a81d4175b3d7c0024073f48c\",\"pointAmount\":\"0.00\",\"receiptAmount\":\"0.02\",\"sendPayDate\":1687163890000,\"totalAmount\":\"0.02\",\"tradeNo\":\"2023061922001413281433825761\",\"tradeStatus\":\"TRADE_SUCCESS\",\"code\":\"10000\",\"msg\":\"Success\",\"params\":{\"biz_content\":\"{\\\"out_trade_no\\\":\\\"efbec2d1a81d4175b3d7c0024073f48c\\\"}\"}}', 2, '2023-06-19 16:37:48', '2023-06-19 16:38:12');
INSERT INTO `bus_trade` VALUES ('2ea955bd-1568-423a-8395-66d80fcf6083', 'xxxx-xxxx-xx-x', '1', 0, 'oA1uP6Q6ByzfrUpXr_N4dPuXmuQk', 1, '2023-06-17 18:10:12', 2, 'e77763c46ec24783b2e07b482702a5b8', NULL, '{nonce_str=VXZhd9Lr7VKe1dIW, trade_state=SUCCESS, sign=578F885551C654C7D2C1C2DF947878AF, return_msg=OK, fee_type=CNY, mch_id=1642005801, cash_fee=2, cash_fee_type=CNY, total_fee=2, trade_state_desc=支付成功, attach=, time_end=20230617181012, transaction_id=4200001852202306175480721971, bank_type=OTHERS, openid=oA1uP6Q6ByzfrUpXr_N4dPuXmuQk, out_trade_no=e77763c46ec24783b2e07b482702a5b8, appid=wx089f5f07265e8026, trade_type=NATIVE, result_code=SUCCESS, is_subscribe=N, return_code=SUCCESS}', 2, '2023-06-17 18:09:59', '2023-06-17 18:10:12');
INSERT INTO `bus_trade` VALUES ('32a3842b-4aa8-4548-b879-48d2d982b0b7', 'xxxx-xxxx-xx-x', '1', 0, NULL, 0, NULL, 2, '3c9e6357dad944ccb381eb20b87b2a6a', NULL, NULL, NULL, '2024-01-31 15:05:58', NULL);
INSERT INTO `bus_trade` VALUES ('49dcb1a2-21c6-4d18-83ca-2ce66b751141', 'xxxx-xxxx-xx-x', '1', 0, NULL, 0, NULL, 2, '95c6fc6987724ca789bbb32549698096', NULL, NULL, NULL, '2024-10-16 10:49:14', NULL);
INSERT INTO `bus_trade` VALUES ('530bc7d9-aaca-4566-9b28-1ea9bf6bb468', 'xxxx-xxxx-xx-x', '1', 0, 'oA1uP6Q6ByzfrUpXr_N4dPuXmuQk', 1, '2023-06-17 10:51:52', 2, 'd52632d81b0f4c16929439a4967d02a2', NULL, '{nonce_str=VyeZDykeEnQECmw0, trade_state=SUCCESS, sign=7F29773664022D041D129ED0E2BAA27A, return_msg=OK, fee_type=CNY, mch_id=1642005801, cash_fee=2, cash_fee_type=CNY, total_fee=2, trade_state_desc=支付成功, attach=, time_end=20230617105151, transaction_id=4200001856202306179651328946, bank_type=OTHERS, openid=oA1uP6Q6ByzfrUpXr_N4dPuXmuQk, out_trade_no=d52632d81b0f4c16929439a4967d02a2, appid=wx089f5f07265e8026, trade_type=NATIVE, result_code=SUCCESS, is_subscribe=N, return_code=SUCCESS}', 2, '2023-06-17 10:51:39', '2023-06-17 10:51:52');
INSERT INTO `bus_trade` VALUES ('7eed732c-8725-475f-b80d-b955dece7d8c', 'xxxx-xxxx-xx-x', '1', 0, NULL, 0, NULL, 2, '08a2a7101a7547df80b377ae1d4b94ae', NULL, NULL, NULL, '2024-11-05 16:59:10', NULL);
INSERT INTO `bus_trade` VALUES ('804a7cf3-cf4c-445e-b8b4-f54c3b52025e', 'xxxx-xxxx-xx-x', '1', 0, 'oA1uP6Q6ByzfrUpXr_N4dPuXmuQk', 1, '2023-06-17 10:18:10', 2, '5e4bf244d36f42a9a3fa75c915af2951', NULL, '{\"amount\":{\"currency\":\"CNY\",\"payer_currency\":\"CNY\",\"payer_total\":2,\"total\":2},\"appid\":\"wx089f5f07265e8026\",\"attach\":\"\",\"bank_type\":\"OTHERS\",\"mchid\":\"1642005801\",\"out_trade_no\":\"5e4bf244d36f42a9a3fa75c915af2951\",\"payer\":{\"openid\":\"oA1uP6Q6ByzfrUpXr_N4dPuXmuQk\"},\"promotion_detail\":[],\"success_time\":\"2023-06-17T10:18:10+08:00\",\"trade_state\":\"SUCCESS\",\"trade_state_desc\":\"支付成功\",\"trade_type\":\"NATIVE\",\"transaction_id\":\"4200001877202306178834897976\"}', 2, '2023-06-17 10:17:59', '2023-06-17 10:18:10');
INSERT INTO `bus_trade` VALUES ('8f0194db-d944-4626-b3a4-882f399869cc', 'xxxx-xxxx-xx-x', '1', 1, NULL, 0, NULL, 2, 'b6ebde04459e4a989c717c69cafe3d8f', NULL, NULL, NULL, '2025-05-06 23:05:55', NULL);
INSERT INTO `bus_trade` VALUES ('8f744936-a073-4278-b510-0daa97327ae8', 'xxxx-xxxx-xx-x', '1', 0, NULL, 0, NULL, 2, '95260912ab544b0f8170e9a101d59b01', NULL, NULL, NULL, '2024-01-31 15:06:12', NULL);
INSERT INTO `bus_trade` VALUES ('ba228b95-f0ec-4d7d-a307-77c9c9fabd60', 'xxxx-xxxx-xx-x', '1', 1, NULL, 0, NULL, 2, '87a3928c7f1e4c7cb823708cbcd12cb6', NULL, NULL, NULL, '2025-05-06 23:06:12', NULL);
INSERT INTO `bus_trade` VALUES ('baae56cc-3b53-4eac-aeb7-61719e0df5bc', 'xxxx-xxxx-xx-x', '1', 0, NULL, 0, NULL, 2, '918a6e6f25bd49e4b72eb4b93e2c6210', NULL, NULL, NULL, '2024-01-31 15:04:56', NULL);
INSERT INTO `bus_trade` VALUES ('dcf160b5-9397-4d8f-80f2-822977fa385b', 'xxxx-xxxx-xx-x', '1', 0, 'oA1uP6Q6ByzfrUpXr_N4dPuXmuQk', 1, '2023-06-17 09:32:14', 2, 'd1c3aca56e9e4a388e8200e5556cce11', NULL, '{nonce_str=hWSOiLhrtjxIZtaC, trade_state=SUCCESS, sign=DF32279ACE1B6B60A220C60888D0CD35, return_msg=OK, fee_type=CNY, mch_id=1642005801, cash_fee=2, cash_fee_type=CNY, total_fee=2, trade_state_desc=支付成功, attach=, time_end=20230617093214, transaction_id=4200001858202306174060263212, bank_type=OTHERS, openid=oA1uP6Q6ByzfrUpXr_N4dPuXmuQk, out_trade_no=d1c3aca56e9e4a388e8200e5556cce11, appid=wx089f5f07265e8026, trade_type=NATIVE, result_code=SUCCESS, is_subscribe=N, return_code=SUCCESS}', 2, '2023-06-17 09:32:00', '2023-06-17 09:32:14');
INSERT INTO `bus_trade` VALUES ('f405f84a-c39a-4a01-8e0a-d2089121eac7', 'xxxx-xxxx-xx-x', '1', 1, NULL, 1, '2023-05-26 10:35:03', 1, 'df838cc4ee6d48d59c1380c9f6e2664f', NULL, '{\"body\":\"{\\\"alipay_trade_query_response\\\":{\\\"code\\\":\\\"10000\\\",\\\"msg\\\":\\\"Success\\\",\\\"buyer_logon_id\\\":\\\"877***@qq.com\\\",\\\"buyer_pay_amount\\\":\\\"0.01\\\",\\\"buyer_user_id\\\":\\\"2088302660013281\\\",\\\"fund_bill_list\\\":[{\\\"amount\\\":\\\"0.01\\\",\\\"fund_channel\\\":\\\"PCREDIT\\\"}],\\\"invoice_amount\\\":\\\"0.01\\\",\\\"out_trade_no\\\":\\\"df838cc4ee6d48d59c1380c9f6e2664f\\\",\\\"point_amount\\\":\\\"0.00\\\",\\\"receipt_amount\\\":\\\"0.01\\\",\\\"send_pay_date\\\":\\\"2023-05-26 10:35:01\\\",\\\"total_amount\\\":\\\"0.01\\\",\\\"trade_no\\\":\\\"2023052622001413281414217136\\\",\\\"trade_status\\\":\\\"TRADE_SUCCESS\\\"},\\\"sign\\\":\\\"a/ysZbhfomdLtE4pZ6Gm4qoEykdbKdQ8XCqM8R99LiSbo9lzjGCo6HVWePkcuv53ahs6yLY/5oFy7xWTW8+JQz6913fniSMyDcbmY2PTda+L6nK3ac5OLNZfY5nZhLldAZl4xCBHFo+0026N/2CX5YleTyokru27hVoEbG9k+vB6t+zTaKqMhfTZWOFr1J6Ko0/69QFZPWGBZXy28mmq81j6pg/rJDgBQX3zDGEqZtvdEcOKLTtOtenW7M+BYR6rtHgFKyh/sLUt3xyBJORepTXwoz5gdUInLDEBVmjS5ZHntMqJnbrwoeZSFq+S6h9tRIpKXhz8GxIMry5ajuXsNA==\\\"}\",\"buyerLogonId\":\"877***@qq.com\",\"buyerPayAmount\":\"0.01\",\"buyerUserId\":\"2088302660013281\",\"fundBillList\":[{\"amount\":\"0.01\",\"fundChannel\":\"PCREDIT\"}],\"invoiceAmount\":\"0.01\",\"outTradeNo\":\"df838cc4ee6d48d59c1380c9f6e2664f\",\"pointAmount\":\"0.00\",\"receiptAmount\":\"0.01\",\"sendPayDate\":1685068501000,\"totalAmount\":\"0.01\",\"tradeNo\":\"2023052622001413281414217136\",\"tradeStatus\":\"TRADE_SUCCESS\",\"code\":\"10000\",\"msg\":\"Success\",\"params\":{\"biz_content\":\"{\\\"out_trade_no\\\":\\\"df838cc4ee6d48d59c1380c9f6e2664f\\\"}\"}}', NULL, '2023-05-26 10:34:30', '2023-05-26 10:35:03');
INSERT INTO `bus_trade` VALUES ('fb3d9de7-3412-4d3d-b4b6-7dc6b06f8830', 'xxxx-xxxx-xx-x', '1', 0, 'oA1uP6Q6ByzfrUpXr_N4dPuXmuQk', 1, '2023-06-17 10:40:45', 2, '6e0442833add496aa1a7a4277bac140d', NULL, '{\"amount\":{\"currency\":\"CNY\",\"payer_currency\":\"CNY\",\"payer_total\":2,\"total\":2},\"appid\":\"wx089f5f07265e8026\",\"attach\":\"\",\"bank_type\":\"OTHERS\",\"mchid\":\"1642005801\",\"out_trade_no\":\"6e0442833add496aa1a7a4277bac140d\",\"payer\":{\"openid\":\"oA1uP6Q6ByzfrUpXr_N4dPuXmuQk\"},\"promotion_detail\":[],\"success_time\":\"2023-06-17T10:40:45+08:00\",\"trade_state\":\"SUCCESS\",\"trade_state_desc\":\"支付成功\",\"trade_type\":\"NATIVE\",\"transaction_id\":\"4200001883202306175183883231\"}', 2, '2023-06-17 10:40:34', '2023-06-17 10:40:45');
INSERT INTO `bus_trade` VALUES ('fe9173af-b30e-4d60-9e16-642e5747d05a', 'xxxx-xxxx-xx-x', '1', 1, NULL, 0, NULL, 2, '74839f0d697f470c946c101c69eaed0b', NULL, NULL, NULL, '2025-05-06 23:06:07', NULL);

-- ----------------------------
-- Table structure for bus_trade_refund
-- ----------------------------
DROP TABLE IF EXISTS `bus_trade_refund`;
CREATE TABLE `bus_trade_refund`  (
  `refund_id` varchar(36) CHARACTER SET utf8mb4 COLLATE utf8mb4_general_ci NOT NULL COMMENT '退款ID',
  `trade_id` varchar(36) CHARACTER SET utf8mb4 COLLATE utf8mb4_general_ci NULL DEFAULT NULL COMMENT '订单ID',
  `out_refund_no` varchar(64) CHARACTER SET utf8mb4 COLLATE utf8mb4_general_ci NULL DEFAULT NULL COMMENT '商户退款单号',
  `refund_index` int(4) NULL DEFAULT NULL COMMENT '序号（下标$n）',
  `refund_desc` varchar(80) CHARACTER SET utf8mb4 COLLATE utf8mb4_general_ci NULL DEFAULT NULL COMMENT '退款原因',
  `refund_status` tinyint(1) NULL DEFAULT NULL COMMENT '退款状态0退款中1退款成功2退款异常',
  `refund_success_time` datetime(0) NULL DEFAULT NULL COMMENT '退款成功时间',
  `refund_fee` int(11) NULL DEFAULT NULL COMMENT '退款金额，单位：分',
  `refund_result_json` varchar(4000) CHARACTER SET utf8mb4 COLLATE utf8mb4_general_ci NULL DEFAULT NULL COMMENT '退款反馈结果json',
  `create_time` datetime(0) NULL DEFAULT NULL COMMENT '添加时间',
  `update_time` datetime(0) NULL DEFAULT NULL COMMENT '修改时间',
  PRIMARY KEY (`refund_id`) USING BTREE
) ENGINE = InnoDB CHARACTER SET = utf8mb4 COLLATE = utf8mb4_general_ci COMMENT = '退款 - 支付demo' ROW_FORMAT = Dynamic;

-- ----------------------------
-- Records of bus_trade_refund
-- ----------------------------
INSERT INTO `bus_trade_refund` VALUES ('0b494765-dd6f-45a9-97c0-b6fb39f15bc4', '2ea955bd-1568-423a-8395-66d80fcf6083', '42f0ebd53ca04382b5337d1b87471b54', 0, NULL, 1, '2023-06-17 18:10:45', 1, '{\"nonce_str\":\"M1RLDIpc5HAVmGjw\",\"refund_status_0\":\"SUCCESS\",\"cash_refund_fee_0\":\"1\",\"sign\":\"A6C6CAF1F20D68B4B4A026AEE29C064A\",\"refund_fee_0\":\"1\",\"return_msg\":\"OK\",\"mch_id\":\"1642005801\",\"cash_fee\":\"2\",\"refund_id_0\":\"50302506132023061748514385980\",\"total_fee\":\"2\",\"refund_account_0\":\"REFUND_SOURCE_RECHARGE_FUNDS\",\"refund_count\":\"1\",\"transaction_id\":\"4200001852202306175480721971\",\"out_refund_no_0\":\"42f0ebd53ca04382b5337d1b87471b54\",\"refund_recv_accout_0\":\"支付用户零钱\",\"refund_success_time_0\":\"2023-06-17 18:10:45\",\"out_trade_no\":\"e77763c46ec24783b2e07b482702a5b8\",\"appid\":\"wx089f5f07265e8026\",\"refund_fee\":\"1\",\"result_code\":\"SUCCESS\",\"return_code\":\"SUCCESS\",\"refund_channel_0\":\"ORIGINAL\"}', '2023-06-17 18:10:36', NULL);
INSERT INTO `bus_trade_refund` VALUES ('1d392280-8247-4fa9-8bb1-92803048eb57', '1428f92e-7532-4bc1-a91e-f4dcb7a093c4', 'e13d87aebbce465ab272855c063c932c', 1, '2', 1, '2023-06-17 09:06:42', 1, '{\"nonce_str\":\"6Q35N6Kk2PJGEAo8\",\"refund_status_0\":\"SUCCESS\",\"cash_refund_fee_0\":\"1\",\"sign\":\"C0FBA96AB07038BF642B27C32DB461C2\",\"refund_fee_0\":\"1\",\"return_msg\":\"OK\",\"mch_id\":\"1642005801\",\"cash_fee\":\"2\",\"refund_id_0\":\"50301006102023061735441249313\",\"total_fee\":\"2\",\"refund_account_0\":\"REFUND_SOURCE_RECHARGE_FUNDS\",\"refund_count\":\"1\",\"transaction_id\":\"4200001867202306179552341782\",\"out_refund_no_0\":\"e13d87aebbce465ab272855c063c932c\",\"refund_recv_accout_0\":\"支付用户零钱\",\"refund_success_time_0\":\"2023-06-17 09:06:12\",\"out_trade_no\":\"2a0c4bff78a943a1a9708ac51a507f4f\",\"appid\":\"wx089f5f07265e8026\",\"refund_fee\":\"1\",\"result_code\":\"SUCCESS\",\"return_code\":\"SUCCESS\",\"refund_channel_0\":\"ORIGINAL\"}', '2023-06-17 09:06:04', NULL);
INSERT INTO `bus_trade_refund` VALUES ('20bb48d3-974d-4e98-99c3-8b8d27db97f2', '23cf43b9-8cfa-40a1-b318-4d64bf6d809e', 'a78299b4b9d548c1bcf8897e9fd4ada1', 1, '2', 1, '2023-06-19 16:53:08', 1, '{\"gmtRefundPay\":1687164788000,\"outRequestNo\":\"a78299b4b9d548c1bcf8897e9fd4ada1\",\"outTradeNo\":\"efbec2d1a81d4175b3d7c0024073f48c\",\"refundAmount\":\"0.01\",\"refundStatus\":\"REFUND_SUCCESS\",\"totalAmount\":\"0.02\",\"tradeNo\":\"2023061922001413281433825761\",\"code\":\"10000\",\"msg\":\"Success\",\"body\":\"{\\\"alipay_trade_fastpay_refund_query_response\\\":{\\\"code\\\":\\\"10000\\\",\\\"msg\\\":\\\"Success\\\",\\\"gmt_refund_pay\\\":\\\"2023-06-19 16:53:08\\\",\\\"out_request_no\\\":\\\"a78299b4b9d548c1bcf8897e9fd4ada1\\\",\\\"out_trade_no\\\":\\\"efbec2d1a81d4175b3d7c0024073f48c\\\",\\\"refund_amount\\\":\\\"0.01\\\",\\\"refund_status\\\":\\\"REFUND_SUCCESS\\\",\\\"total_amount\\\":\\\"0.02\\\",\\\"trade_no\\\":\\\"2023061922001413281433825761\\\"},\\\"sign\\\":\\\"aUvMN9ZcnP+pevLAc0cmVAieRSqcVkeh3uGYQSBRwF6cgNeSDC3HTXzb5g0EgeTzsDwzT8oIGp+kUx0oSvHMaOPcCCyG02frxMNWB/9/1nj43H3q/bG0+Yd2C+GmG386qbRSYgpOaZvtTMn2/A88faSWkMN8jE2OYW6wpBiTThe4Ve4YQARphIKam4qZU4qhDlHrpyA/+uMIVw7z4amWWZ8f0P8AGOWnJ3ndn1VNqnMm1nZydbPse1BztfvKgevdHHTqoRGZjbThDEm/pw8F9X69dqqgFFDXRrafT4gA+KVb9y2DjKSIarrFHAYCOiLhGF3x0E1XgL4c3E3Sdsiuhw==\\\"}\",\"params\":{\"biz_content\":\"{\\\"out_request_no\\\":\\\"a78299b4b9d548c1bcf8897e9fd4ada1\\\",\\\"out_trade_no\\\":\\\"efbec2d1a81d4175b3d7c0024073f48c\\\",\\\"query_options\\\":[\\\"gmt_refund_pay\\\"]}\"}}', '2023-06-19 16:53:08', '2023-06-19 16:53:10');
INSERT INTO `bus_trade_refund` VALUES ('2e038193-8088-43ca-ac05-a983b2bdc3d2', '530bc7d9-aaca-4566-9b28-1ea9bf6bb468', 'fa41e162859a4b1b9d7b22acf39fd1f5', 0, '1', 1, '2023-06-17 10:52:06', 1, '{\"nonce_str\":\"wNbo0n417m7QiZnA\",\"refund_status_0\":\"SUCCESS\",\"cash_refund_fee_0\":\"1\",\"sign\":\"4FACE4493B006B76BF96B7D1FF0BAAC1\",\"refund_fee_0\":\"1\",\"return_msg\":\"OK\",\"mch_id\":\"1642005801\",\"cash_fee\":\"2\",\"refund_id_0\":\"50302506382023061725692600594\",\"total_fee\":\"2\",\"refund_account_0\":\"REFUND_SOURCE_RECHARGE_FUNDS\",\"refund_count\":\"1\",\"transaction_id\":\"4200001856202306179651328946\",\"out_refund_no_0\":\"fa41e162859a4b1b9d7b22acf39fd1f5\",\"refund_recv_accout_0\":\"支付用户零钱\",\"refund_success_time_0\":\"2023-06-17 10:52:06\",\"out_trade_no\":\"d52632d81b0f4c16929439a4967d02a2\",\"appid\":\"wx089f5f07265e8026\",\"refund_fee\":\"1\",\"result_code\":\"SUCCESS\",\"return_code\":\"SUCCESS\",\"refund_channel_0\":\"ORIGINAL\"}', '2023-06-17 10:51:58', NULL);
INSERT INTO `bus_trade_refund` VALUES ('3f81d9aa-fad1-47af-922d-4dfe6dc7075a', '804a7cf3-cf4c-445e-b8b4-f54c3b52025e', '8b14a9a8c49747a899fa557f9ca9400f', 0, '1', 1, '2023-06-17 10:34:18', 1, '{\"amount\":{\"currency\":\"CNY\",\"discount_refund\":0,\"from\":[],\"payer_refund\":1,\"payer_total\":2,\"refund\":1,\"refund_fee\":0,\"settlement_refund\":1,\"settlement_total\":2,\"total\":2},\"channel\":\"ORIGINAL\",\"create_time\":\"2023-06-17T10:18:19+08:00\",\"funds_account\":\"AVAILABLE\",\"out_refund_no\":\"8b14a9a8c49747a899fa557f9ca9400f\",\"out_trade_no\":\"5e4bf244d36f42a9a3fa75c915af2951\",\"promotion_detail\":[],\"refund_id\":\"50301906132023061791750486666\",\"status\":\"SUCCESS\",\"success_time\":\"2023-06-17T10:18:26+08:00\",\"transaction_id\":\"4200001877202306178834897976\",\"user_received_account\":\"支付用户零钱\"}', '2023-06-17 10:18:18', NULL);
INSERT INTO `bus_trade_refund` VALUES ('4bdeb69d-48cb-42f2-9cdb-ffdcc69da352', '530bc7d9-aaca-4566-9b28-1ea9bf6bb468', 'a3be943b3fd9426bbf2f45d52aacc587', 1, '2', 1, '2023-06-17 10:52:36', 1, '{\"nonce_str\":\"Mic9VIM8wjwu90d9\",\"refund_status_0\":\"SUCCESS\",\"cash_refund_fee_0\":\"1\",\"sign\":\"59F2681F848DB7E47B06DF40F7EA8C81\",\"refund_fee_0\":\"1\",\"return_msg\":\"OK\",\"mch_id\":\"1642005801\",\"cash_fee\":\"2\",\"refund_id_0\":\"50302506382023061747037209076\",\"total_fee\":\"2\",\"refund_account_0\":\"REFUND_SOURCE_RECHARGE_FUNDS\",\"refund_count\":\"1\",\"transaction_id\":\"4200001856202306179651328946\",\"out_refund_no_0\":\"a3be943b3fd9426bbf2f45d52aacc587\",\"refund_recv_accout_0\":\"支付用户零钱\",\"refund_success_time_0\":\"2023-06-17 10:52:36\",\"out_trade_no\":\"d52632d81b0f4c16929439a4967d02a2\",\"appid\":\"wx089f5f07265e8026\",\"refund_fee\":\"1\",\"result_code\":\"SUCCESS\",\"return_code\":\"SUCCESS\",\"refund_channel_0\":\"ORIGINAL\"}', '2023-06-17 10:52:28', NULL);
INSERT INTO `bus_trade_refund` VALUES ('4ebc966a-d8d2-49a8-b073-d7e799d77483', '23cf43b9-8cfa-40a1-b318-4d64bf6d809e', '2d1295d3f55a440fbfbc675754b2bd95', 0, '1', 1, '2023-06-19 16:45:27', 1, '{\"gmtRefundPay\":1687164327000,\"outRequestNo\":\"2d1295d3f55a440fbfbc675754b2bd95\",\"outTradeNo\":\"efbec2d1a81d4175b3d7c0024073f48c\",\"refundAmount\":\"0.01\",\"refundStatus\":\"REFUND_SUCCESS\",\"totalAmount\":\"0.02\",\"tradeNo\":\"2023061922001413281433825761\",\"code\":\"10000\",\"msg\":\"Success\",\"body\":\"{\\\"alipay_trade_fastpay_refund_query_response\\\":{\\\"code\\\":\\\"10000\\\",\\\"msg\\\":\\\"Success\\\",\\\"gmt_refund_pay\\\":\\\"2023-06-19 16:45:27\\\",\\\"out_request_no\\\":\\\"2d1295d3f55a440fbfbc675754b2bd95\\\",\\\"out_trade_no\\\":\\\"efbec2d1a81d4175b3d7c0024073f48c\\\",\\\"refund_amount\\\":\\\"0.01\\\",\\\"refund_status\\\":\\\"REFUND_SUCCESS\\\",\\\"total_amount\\\":\\\"0.02\\\",\\\"trade_no\\\":\\\"2023061922001413281433825761\\\"},\\\"sign\\\":\\\"TqPV2YLpv5u/foPM1m4XBRR+dfsfnHC+rSLEsEwUkm3+nkLAqpfLpbWQmGZG41jnPnzAIPeR0aUiJLw0boIq4lQvStlX+qT0eq3S0AKIdpYoX9vQVKt9xz3J1U+81I4RS5E+ipmdftCd+AXIoda9lT0vMbLKvTPExCs99nvd6HYlNQRUYzRYYqbAligMV11/gBNFSKyS+ShvCMA9uLBYI4zcvj3qt48yaMmIQPIicrWP/XSetK/zSkPlf55ryq0jXbc9TM3JdsX1zLHuDrVcRqKSOLfIXlM418nJxDO2c4lS83eyrJ/hoMPyUJURlTXICKa4XaSKLs0F7kZyi1pi+g==\\\"}\",\"params\":{\"biz_content\":\"{\\\"out_request_no\\\":\\\"2d1295d3f55a440fbfbc675754b2bd95\\\",\\\"out_trade_no\\\":\\\"efbec2d1a81d4175b3d7c0024073f48c\\\",\\\"query_options\\\":[\\\"gmt_refund_pay\\\"]}\"}}', '2023-06-19 16:45:27', '2023-06-19 16:50:17');
INSERT INTO `bus_trade_refund` VALUES ('58344b16-ed8f-47dd-9cc9-ff7c34d8e88b', '0d19bc37-e63f-43a1-865a-d4fd78e16785', 'd778f7c65f7b4a7fb2ed67ea40315884', 1, '2', 1, '2023-06-17 10:49:23', 1, '{\"amount\":{\"currency\":\"CNY\",\"discount_refund\":0,\"from\":[],\"payer_refund\":1,\"payer_total\":2,\"refund\":1,\"refund_fee\":0,\"settlement_refund\":1,\"settlement_total\":2,\"total\":2},\"channel\":\"ORIGINAL\",\"create_time\":\"2023-06-17T10:49:16+08:00\",\"funds_account\":\"AVAILABLE\",\"out_refund_no\":\"d778f7c65f7b4a7fb2ed67ea40315884\",\"out_trade_no\":\"90d4015207594d79915d8d083033edfa\",\"promotion_detail\":[],\"refund_id\":\"50300406102023061755275729719\",\"status\":\"SUCCESS\",\"success_time\":\"2023-06-17T10:49:23+08:00\",\"transaction_id\":\"4200001876202306170241330268\",\"user_received_account\":\"支付用户零钱\"}', '2023-06-17 10:49:15', NULL);
INSERT INTO `bus_trade_refund` VALUES ('62e3911b-c07a-40ec-b5a5-f4ff96a3f541', 'dcf160b5-9397-4d8f-80f2-822977fa385b', '6045c666dafc41e0a6f7b2c368012f52', 1, '2', 1, '2023-06-17 09:33:05', 1, '{\"nonce_str\":\"BbY5j0O08vn8vUtY\",\"refund_status_0\":\"SUCCESS\",\"cash_refund_fee_0\":\"1\",\"sign\":\"AC2AD63E4A1502E5B927A575D896A97B\",\"refund_fee_0\":\"1\",\"return_msg\":\"OK\",\"mch_id\":\"1642005801\",\"cash_fee\":\"2\",\"refund_id_0\":\"50301706252023061730561403661\",\"total_fee\":\"2\",\"refund_account_0\":\"REFUND_SOURCE_RECHARGE_FUNDS\",\"refund_count\":\"1\",\"transaction_id\":\"4200001858202306174060263212\",\"out_refund_no_0\":\"6045c666dafc41e0a6f7b2c368012f52\",\"refund_recv_accout_0\":\"支付用户零钱\",\"refund_success_time_0\":\"2023-06-17 09:33:05\",\"out_trade_no\":\"d1c3aca56e9e4a388e8200e5556cce11\",\"appid\":\"wx089f5f07265e8026\",\"refund_fee\":\"1\",\"result_code\":\"SUCCESS\",\"return_code\":\"SUCCESS\",\"refund_channel_0\":\"ORIGINAL\"}', '2023-06-17 09:32:47', NULL);
INSERT INTO `bus_trade_refund` VALUES ('72574e36-a074-4468-bcf0-ccea0c7eab5a', '804a7cf3-cf4c-445e-b8b4-f54c3b52025e', 'e028b3f24c92400d8dc4e5131a2ab5a2', 1, '2', 1, '2023-06-17 10:35:36', 1, '{\"amount\":{\"currency\":\"CNY\",\"discount_refund\":0,\"from\":[],\"payer_refund\":1,\"payer_total\":2,\"refund\":1,\"refund_fee\":0,\"settlement_refund\":1,\"settlement_total\":2,\"total\":2},\"channel\":\"ORIGINAL\",\"create_time\":\"2023-06-17T10:35:18+08:00\",\"funds_account\":\"AVAILABLE\",\"out_refund_no\":\"e028b3f24c92400d8dc4e5131a2ab5a2\",\"out_trade_no\":\"5e4bf244d36f42a9a3fa75c915af2951\",\"promotion_detail\":[],\"refund_id\":\"50301906132023061772829768823\",\"status\":\"SUCCESS\",\"success_time\":\"2023-06-17T10:35:35+08:00\",\"transaction_id\":\"4200001877202306178834897976\",\"user_received_account\":\"支付用户零钱\"}', '2023-06-17 10:35:17', NULL);
INSERT INTO `bus_trade_refund` VALUES ('74b7e455-eaa4-42d4-9f13-0eb1d487bc10', '03797d0a-000e-4dd3-a7c9-6618b1f3d887', '1ee06c52bd0844d4bd4cf1682585d53a', 0, '1', 1, '2023-06-17 08:58:23', 1, '{\"nonce_str\":\"O28FGPty34btgXgD\",\"refund_status_0\":\"SUCCESS\",\"cash_refund_fee_0\":\"1\",\"sign\":\"79A15EB419DAA06C8F5F82D4F3E0E9A3\",\"refund_fee_0\":\"1\",\"return_msg\":\"OK\",\"mch_id\":\"1642005801\",\"cash_fee\":\"2\",\"refund_id_0\":\"50301506352023061708824532479\",\"total_fee\":\"2\",\"refund_account_0\":\"REFUND_SOURCE_RECHARGE_FUNDS\",\"refund_count\":\"1\",\"transaction_id\":\"4200001861202306173587703315\",\"out_refund_no_0\":\"1ee06c52bd0844d4bd4cf1682585d53a\",\"refund_recv_accout_0\":\"支付用户零钱\",\"refund_success_time_0\":\"2023-06-17 08:58:23\",\"out_trade_no\":\"f6de4753cac142e4be7e48381184d62c\",\"appid\":\"wx089f5f07265e8026\",\"refund_fee\":\"1\",\"result_code\":\"SUCCESS\",\"return_code\":\"SUCCESS\",\"refund_channel_0\":\"ORIGINAL\"}', '2023-06-17 08:58:15', NULL);
INSERT INTO `bus_trade_refund` VALUES ('7a494b0f-450c-4104-835f-a857e2e216e2', '03797d0a-000e-4dd3-a7c9-6618b1f3d887', '882e736f9d3745cfaa2dcc74f004c890', 1, '2', 1, '2023-06-17 09:05:01', 1, '{\"nonce_str\":\"XMFnfuHufL4ertmf\",\"refund_status_0\":\"SUCCESS\",\"cash_refund_fee_0\":\"1\",\"sign\":\"10678CE6C06420D27F9B98F888AF047A\",\"refund_fee_0\":\"1\",\"return_msg\":\"OK\",\"mch_id\":\"1642005801\",\"cash_fee\":\"2\",\"refund_id_0\":\"50301506352023061748581893626\",\"total_fee\":\"2\",\"refund_account_0\":\"REFUND_SOURCE_RECHARGE_FUNDS\",\"refund_count\":\"1\",\"transaction_id\":\"4200001861202306173587703315\",\"out_refund_no_0\":\"882e736f9d3745cfaa2dcc74f004c890\",\"refund_recv_accout_0\":\"支付用户零钱\",\"refund_success_time_0\":\"2023-06-17 09:03:42\",\"out_trade_no\":\"f6de4753cac142e4be7e48381184d62c\",\"appid\":\"wx089f5f07265e8026\",\"refund_fee\":\"1\",\"result_code\":\"SUCCESS\",\"return_code\":\"SUCCESS\",\"refund_channel_0\":\"ORIGINAL\"}', '2023-06-17 09:03:34', NULL);
INSERT INTO `bus_trade_refund` VALUES ('828d248a-831d-4411-b4eb-7f5e59251fb3', '132f11db-7a8c-4470-87f1-a53229e3a278', '3da562c6f1294f498a80f58edc140bf6', 1, NULL, 1, '2023-06-17 08:52:32', 1, '{\"nonce_str\":\"NH1pZzCGOx3MChQo\",\"refund_status_0\":\"SUCCESS\",\"cash_refund_fee_0\":\"1\",\"sign\":\"2200F92B47300DA5D7F62D87E2B72055\",\"refund_fee_0\":\"1\",\"return_msg\":\"OK\",\"mch_id\":\"1642005801\",\"cash_fee\":\"2\",\"refund_id_0\":\"50301306362023061717273612022\",\"total_fee\":\"2\",\"refund_account_0\":\"REFUND_SOURCE_RECHARGE_FUNDS\",\"refund_count\":\"1\",\"transaction_id\":\"4200001854202306171417921569\",\"out_refund_no_0\":\"3da562c6f1294f498a80f58edc140bf6\",\"refund_recv_accout_0\":\"支付用户零钱\",\"refund_success_time_0\":\"2023-06-17 08:52:32\",\"out_trade_no\":\"2a36eeacabb64457ae4a0aa53c5c591c\",\"appid\":\"wx089f5f07265e8026\",\"refund_fee\":\"1\",\"result_code\":\"SUCCESS\",\"return_code\":\"SUCCESS\",\"refund_channel_0\":\"ORIGINAL\"}', '2023-06-17 08:52:24', NULL);
INSERT INTO `bus_trade_refund` VALUES ('87b1ce1e-4eca-472a-934c-b874e1e8b4ed', 'dcf160b5-9397-4d8f-80f2-822977fa385b', 'cafa2e00c6134f50bfd6d9e72ed2511e', 0, '1', 1, '2023-06-17 09:32:38', 1, '{\"nonce_str\":\"WL42Ykx5tEBx5YlS\",\"refund_status_0\":\"SUCCESS\",\"cash_refund_fee_0\":\"1\",\"sign\":\"713C80A9007A76E3DF5CD5F580F265D7\",\"refund_fee_0\":\"1\",\"return_msg\":\"OK\",\"mch_id\":\"1642005801\",\"cash_fee\":\"2\",\"refund_id_0\":\"50301706252023061718108519891\",\"total_fee\":\"2\",\"refund_account_0\":\"REFUND_SOURCE_RECHARGE_FUNDS\",\"refund_count\":\"1\",\"transaction_id\":\"4200001858202306174060263212\",\"out_refund_no_0\":\"cafa2e00c6134f50bfd6d9e72ed2511e\",\"refund_recv_accout_0\":\"支付用户零钱\",\"refund_success_time_0\":\"2023-06-17 09:32:30\",\"out_trade_no\":\"d1c3aca56e9e4a388e8200e5556cce11\",\"appid\":\"wx089f5f07265e8026\",\"refund_fee\":\"1\",\"result_code\":\"SUCCESS\",\"return_code\":\"SUCCESS\",\"refund_channel_0\":\"ORIGINAL\"}', '2023-06-17 09:32:23', NULL);
INSERT INTO `bus_trade_refund` VALUES ('893de98e-8a6a-43cb-9657-787ebf383d5e', '1428f92e-7532-4bc1-a91e-f4dcb7a093c4', '9b0b73692b41452db352c78a7df80d4d', 0, '1', 1, '2023-06-17 09:05:55', 1, '{\"nonce_str\":\"cy4STOjWSURO2LxG\",\"refund_status_0\":\"SUCCESS\",\"cash_refund_fee_0\":\"1\",\"sign\":\"49588C5051CFBDA6DD292A21033A62C0\",\"refund_fee_0\":\"1\",\"return_msg\":\"OK\",\"mch_id\":\"1642005801\",\"cash_fee\":\"2\",\"refund_id_0\":\"50301006102023061768255995532\",\"total_fee\":\"2\",\"refund_account_0\":\"REFUND_SOURCE_RECHARGE_FUNDS\",\"refund_count\":\"1\",\"transaction_id\":\"4200001867202306179552341782\",\"out_refund_no_0\":\"9b0b73692b41452db352c78a7df80d4d\",\"refund_recv_accout_0\":\"支付用户零钱\",\"refund_success_time_0\":\"2023-06-17 09:05:54\",\"out_trade_no\":\"2a0c4bff78a943a1a9708ac51a507f4f\",\"appid\":\"wx089f5f07265e8026\",\"refund_fee\":\"1\",\"result_code\":\"SUCCESS\",\"return_code\":\"SUCCESS\",\"refund_channel_0\":\"ORIGINAL\"}', '2023-06-17 09:05:46', NULL);
INSERT INTO `bus_trade_refund` VALUES ('90cb4052-c273-4ee5-af5c-d796e620f86e', '2ea955bd-1568-423a-8395-66d80fcf6083', '50937b27c0044bd3a81531ddcb7ad243', 1, '22', 1, '2023-06-17 18:11:21', 1, '{\"nonce_str\":\"Cr1mKXko2A6gjNhZ\",\"refund_status_0\":\"SUCCESS\",\"cash_refund_fee_0\":\"1\",\"sign\":\"00BB61AD65288DCC612B9134D5D950EC\",\"refund_fee_0\":\"1\",\"return_msg\":\"OK\",\"mch_id\":\"1642005801\",\"cash_fee\":\"2\",\"refund_id_0\":\"50302506132023061769824174453\",\"total_fee\":\"2\",\"refund_account_0\":\"REFUND_SOURCE_RECHARGE_FUNDS\",\"refund_count\":\"1\",\"transaction_id\":\"4200001852202306175480721971\",\"out_refund_no_0\":\"50937b27c0044bd3a81531ddcb7ad243\",\"refund_recv_accout_0\":\"支付用户零钱\",\"refund_success_time_0\":\"2023-06-17 18:11:21\",\"out_trade_no\":\"e77763c46ec24783b2e07b482702a5b8\",\"appid\":\"wx089f5f07265e8026\",\"refund_fee\":\"1\",\"result_code\":\"SUCCESS\",\"return_code\":\"SUCCESS\",\"refund_channel_0\":\"ORIGINAL\"}', '2023-06-17 18:11:12', NULL);
INSERT INTO `bus_trade_refund` VALUES ('993964b3-d477-4796-a521-235614c634c9', 'fb3d9de7-3412-4d3d-b4b6-7dc6b06f8830', 'ba1ee12e7d814b3aa797e670b639c814', 1, '3', 1, '2023-06-17 10:48:17', 1, '{\"amount\":{\"currency\":\"CNY\",\"discount_refund\":0,\"from\":[],\"payer_refund\":1,\"payer_total\":2,\"refund\":1,\"refund_fee\":0,\"settlement_refund\":1,\"settlement_total\":2,\"total\":2},\"channel\":\"ORIGINAL\",\"create_time\":\"2023-06-17T10:48:10+08:00\",\"funds_account\":\"AVAILABLE\",\"out_refund_no\":\"ba1ee12e7d814b3aa797e670b639c814\",\"out_trade_no\":\"6e0442833add496aa1a7a4277bac140d\",\"promotion_detail\":[],\"refund_id\":\"50301106112023061741997481470\",\"status\":\"SUCCESS\",\"success_time\":\"2023-06-17T10:48:17+08:00\",\"transaction_id\":\"4200001883202306175183883231\",\"user_received_account\":\"支付用户零钱\"}', '2023-06-17 10:48:09', NULL);
INSERT INTO `bus_trade_refund` VALUES ('c840448a-8a04-435a-abeb-ad95682896df', '0d19bc37-e63f-43a1-865a-d4fd78e16785', 'a3e286bcf1964ce2903b1a74315132da', 0, '1', 1, '2023-06-17 10:49:07', 1, '{\"amount\":{\"currency\":\"CNY\",\"discount_refund\":0,\"from\":[],\"payer_refund\":1,\"payer_total\":2,\"refund\":1,\"refund_fee\":0,\"settlement_refund\":1,\"settlement_total\":2,\"total\":2},\"channel\":\"ORIGINAL\",\"create_time\":\"2023-06-17T10:49:00+08:00\",\"funds_account\":\"AVAILABLE\",\"out_refund_no\":\"a3e286bcf1964ce2903b1a74315132da\",\"out_trade_no\":\"90d4015207594d79915d8d083033edfa\",\"promotion_detail\":[],\"refund_id\":\"50300406102023061789145419847\",\"status\":\"SUCCESS\",\"success_time\":\"2023-06-17T10:49:07+08:00\",\"transaction_id\":\"4200001876202306170241330268\",\"user_received_account\":\"支付用户零钱\"}', '2023-06-17 10:48:59', NULL);
INSERT INTO `bus_trade_refund` VALUES ('fa3dcfa0-30a4-462a-8d7c-4cfed2cbe65f', '132f11db-7a8c-4470-87f1-a53229e3a278', 'e4ff921b889e489e9a3aa7f398b462c4', 0, '1', 1, '2023-06-17 08:47:13', 1, '{\"nonce_str\":\"LigvYDUezOgCSbCT\",\"refund_status_0\":\"SUCCESS\",\"cash_refund_fee_0\":\"1\",\"sign\":\"AE868547D608CD44904EE4877202D1E2\",\"refund_fee_0\":\"1\",\"return_msg\":\"OK\",\"mch_id\":\"1642005801\",\"cash_fee\":\"2\",\"refund_id_0\":\"50301306362023061751449772229\",\"total_fee\":\"2\",\"refund_account_0\":\"REFUND_SOURCE_RECHARGE_FUNDS\",\"refund_count\":\"1\",\"transaction_id\":\"4200001854202306171417921569\",\"out_refund_no_0\":\"e4ff921b889e489e9a3aa7f398b462c4\",\"refund_recv_accout_0\":\"支付用户零钱\",\"refund_success_time_0\":\"2023-06-17 08:47:12\",\"out_trade_no\":\"2a36eeacabb64457ae4a0aa53c5c591c\",\"appid\":\"wx089f5f07265e8026\",\"refund_fee\":\"1\",\"result_code\":\"SUCCESS\",\"return_code\":\"SUCCESS\",\"refund_channel_0\":\"ORIGINAL\"}', '2023-06-17 08:47:04', NULL);
INSERT INTO `bus_trade_refund` VALUES ('fec61d46-cd89-458d-b944-77868b27f658', 'fb3d9de7-3412-4d3d-b4b6-7dc6b06f8830', 'f60692f8d50d42428a910272e095cc9b', 0, '1', 1, '2023-06-17 10:41:13', 1, '{\"amount\":{\"currency\":\"CNY\",\"discount_refund\":0,\"from\":[],\"payer_refund\":1,\"payer_total\":2,\"refund\":1,\"refund_fee\":0,\"settlement_refund\":1,\"settlement_total\":2,\"total\":2},\"channel\":\"ORIGINAL\",\"create_time\":\"2023-06-17T10:40:56+08:00\",\"funds_account\":\"AVAILABLE\",\"out_refund_no\":\"f60692f8d50d42428a910272e095cc9b\",\"out_trade_no\":\"6e0442833add496aa1a7a4277bac140d\",\"promotion_detail\":[],\"refund_id\":\"50301106112023061760491121668\",\"status\":\"SUCCESS\",\"success_time\":\"2023-06-17T10:41:13+08:00\",\"transaction_id\":\"4200001883202306175183883231\",\"user_received_account\":\"支付用户零钱\"}', '2023-06-17 10:40:55', NULL);

-- ----------------------------
-- Table structure for demo_news
-- ----------------------------
DROP TABLE IF EXISTS `demo_news`;
CREATE TABLE `demo_news`  (
  `news_id` varchar(36) CHARACTER SET utf8mb4 COLLATE utf8mb4_general_ci NOT NULL COMMENT '新闻id',
  `news_title` varchar(60) CHARACTER SET utf8mb4 COLLATE utf8mb4_general_ci NULL DEFAULT NULL COMMENT '新闻标题',
  `news_content` longtext CHARACTER SET utf8mb4 COLLATE utf8mb4_general_ci NULL COMMENT '新闻内容',
  `order_index` int(10) NULL DEFAULT NULL COMMENT '顺序',
  `create_time` datetime(0) NULL DEFAULT NULL COMMENT '添加时间',
  `update_time` datetime(0) NULL DEFAULT NULL COMMENT '修改时间',
  PRIMARY KEY (`news_id`) USING BTREE
) ENGINE = InnoDB CHARACTER SET = utf8mb4 COLLATE = utf8mb4_general_ci COMMENT = '新闻 - 常用表单demo' ROW_FORMAT = Dynamic;

-- ----------------------------
-- Records of demo_news
-- ----------------------------
INSERT INTO `demo_news` VALUES ('0b308312-7fd6-4824-b085-5492c105708d', '修改新闻表-测试修改新闻表-测试修改新闻表-测试修改新闻-a', '&lt;p&gt;a&lt;/p&gt;', 3, '2024-06-18 15:31:35', '2024-07-04 14:06:24');
INSERT INTO `demo_news` VALUES ('3d9b0dff-c1e4-43b4-94b2-2ed62aef3395', '2', '&lt;p&gt;2&lt;/p&gt;', 1, '2024-06-18 15:31:52', '2024-07-04 14:06:39');
INSERT INTO `demo_news` VALUES ('3f4564c7-e5b8-4986-bbdc-4b49510af7ec', '2', '&lt;p&gt;2&lt;/p&gt;', 0, '2024-07-04 16:37:54', '2025-01-13 10:07:47');
INSERT INTO `demo_news` VALUES ('5aad851d-ee8b-4c79-9a16-5253a4cd8284', 'new', '&lt;p&gt;new&lt;/p&gt;', 0, '2025-01-13 10:08:11', NULL);
INSERT INTO `demo_news` VALUES ('70475962-260d-468f-8a61-4117b0158b82', '修改新闻表-测试修改新闻表-测试修改新闻表-测试修改新闻-d', '&lt;p&gt;d&lt;/p&gt;', 3, '2024-06-18 15:31:48', '2024-07-04 14:06:28');
INSERT INTO `demo_news` VALUES ('777b6820-a772-486c-8547-535bce305c70', '修改新闻表-测试修改新闻表-测试修改新闻表-测试修改新闻-b', '&lt;p&gt;b&lt;/p&gt;', 3, '2024-06-18 15:31:41', '2024-07-04 14:06:32');
INSERT INTO `demo_news` VALUES ('87587e87-2597-401b-ba63-4901714468af', '修改新闻表-测试修改新闻表-测试修改新闻表-测试修改新闻-f', '&lt;p&gt;f&lt;/p&gt;', 2, '2024-06-18 15:31:55', '2024-07-04 14:07:12');
INSERT INTO `demo_news` VALUES ('b4c6d16b-dd51-454c-9d3c-2499ff321b0e', '修改新闻表-测试修改新闻表-测试修改新闻表-测试修改新闻-j', '&lt;p&gt;j&lt;/p&gt;', 2, '2024-06-18 15:32:08', '2024-07-04 14:07:07');
INSERT INTO `demo_news` VALUES ('ba16ef92-8f17-4812-8df1-d20246851290', 'kkk', '&lt;p&gt;kkk&lt;/p&gt;', 0, '2024-07-05 16:29:43', NULL);
INSERT INTO `demo_news` VALUES ('c100f677-deea-4bba-8f44-8aa0c4725ce4', '修改新闻表-测试修改新闻表-测试修改新闻表-测试修改新闻-c', '&lt;p&gt;c&lt;/p&gt;', 2, '2024-06-18 15:31:44', '2024-07-04 14:07:03');
INSERT INTO `demo_news` VALUES ('d24bc7d3-2cec-46fe-8af1-a2c4a188b5e9', 'ww及新时代推动中部地区崛起座谈会精神，研究部署道县学习', '&lt;p style=\"text-indent: 2em; text-align: justify;\"&gt;&lt;strong&gt;今日永州讯（通讯员 何玲）&lt;/strong&gt;3月24日下午，道县2024年第7次县委常委会会议召开，传达学习习近平总书记在湖南考察时的重要讲话和指示精神以及新时代推动中部地区崛起座谈会精神，研究部署道县学习宣传贯彻的初步安排和意见。县委书记李天明主持并讲话。&lt;/p&gt;&lt;p style=\"text-align: justify;\"&gt;&lt;img src=\"https://picture.hn0746.com/mam/6600d0d8e4b024a6dd9c2cd7.jpg\" alt=\"\" data-href=\"\" style=\"\"&gt;&lt;/p&gt;&lt;p style=\"text-indent: 2em; text-align: justify;\"&gt;会议指出，习近平总书记考察期间发表的系列重要讲话和指示，与党的十八大以来习近平总书记关于湖南工作的重要讲话和指示批示精神既一脉相承又与时俱进，与习近平总书记2020年来湘考察时为湖南描绘的&ldquo;三高四新&rdquo;美好蓝图有机衔接，反映了习近&lt;/p&gt;', 2, '2024-03-25 11:23:31', '2024-07-04 14:06:59');
INSERT INTO `demo_news` VALUES ('f0405e1b-14ee-4727-b4fa-2951b33c632e', '及新时代推动中部地区崛起座谈会精神，研究部署道县学习-j', '&lt;p&gt;j&lt;/p&gt;', 2, '2024-06-18 15:32:13', '2024-07-04 14:06:55');
INSERT INTO `demo_news` VALUES ('f3bc628d-9564-4891-86ac-549e7510f2fd', '3', '&lt;p&gt;3&lt;/p&gt;', 0, '2024-07-04 16:38:33', NULL);
INSERT INTO `demo_news` VALUES ('fdfbb1bb-375f-4634-bd01-8f2c276286ca', 'g', '&lt;p&gt;g&lt;/p&gt;', 2, '2024-06-18 15:32:00', '2024-07-04 14:06:49');

-- ----------------------------
-- Table structure for demo_news_file
-- ----------------------------
DROP TABLE IF EXISTS `demo_news_file`;
CREATE TABLE `demo_news_file`  (
  `file_id` varchar(36) CHARACTER SET utf8mb4 COLLATE utf8mb4_general_ci NOT NULL COMMENT '附件id',
  `demo_news_id` varchar(36) CHARACTER SET utf8mb4 COLLATE utf8mb4_general_ci NULL DEFAULT NULL COMMENT '主表id',
  `file_url` varchar(100) CHARACTER SET utf8mb4 COLLATE utf8mb4_general_ci NULL DEFAULT NULL COMMENT '文件地址（文件访问地址）',
  `file_old_name` varchar(200) CHARACTER SET utf8mb4 COLLATE utf8mb4_general_ci NULL DEFAULT NULL COMMENT '原文件名',
  `file_name` varchar(100) CHARACTER SET utf8mb4 COLLATE utf8mb4_general_ci NULL DEFAULT NULL COMMENT '存储文件名',
  `file_extend` varchar(20) CHARACTER SET utf8mb4 COLLATE utf8mb4_general_ci NULL DEFAULT NULL COMMENT '文件扩展名',
  `file_size` bigint(20) NULL DEFAULT NULL COMMENT '文件大小',
  `create_time` datetime(0) NULL DEFAULT NULL COMMENT '附件上传时间',
  PRIMARY KEY (`file_id`) USING BTREE
) ENGINE = InnoDB CHARACTER SET = utf8mb4 COLLATE = utf8mb4_general_ci COMMENT = '新闻 - 常用表单demo附件表' ROW_FORMAT = Dynamic;

-- ----------------------------
-- Table structure for demo_sms
-- ----------------------------
DROP TABLE IF EXISTS `demo_sms`;
CREATE TABLE `demo_sms`  (
  `sms_id` varchar(36) CHARACTER SET utf8mb4 COLLATE utf8mb4_general_ci NOT NULL COMMENT '发送短信id',
  `sms_channel` varchar(100) CHARACTER SET utf8mb4 COLLATE utf8mb4_general_ci NULL DEFAULT NULL COMMENT '发送渠道（例如：阿里云短信）',
  `sms_phones` varchar(12000) CHARACTER SET utf8mb4 COLLATE utf8mb4_general_ci NULL DEFAULT NULL COMMENT '手机号（多个以英文逗号隔开，最多支持1000个）',
  `send_json` text CHARACTER SET utf8mb4 COLLATE utf8mb4_general_ci NULL DEFAULT NULL COMMENT '发送短信内容json',
  `status` char(1) CHARACTER SET utf8mb4 COLLATE utf8mb4_general_ci NULL DEFAULT NULL COMMENT '发送状态（0发送失败1发送成功）',
  `result_json` text CHARACTER SET utf8mb4 COLLATE utf8mb4_general_ci NULL DEFAULT NULL COMMENT '返回结果json',
  `create_time` datetime(0) NULL DEFAULT NULL COMMENT '发送时间',
  PRIMARY KEY (`sms_id`) USING BTREE
) ENGINE = InnoDB CHARACTER SET = utf8mb4 COLLATE = utf8mb4_general_ci COMMENT = '短信 - demo' ROW_FORMAT = Dynamic;

-- ----------------------------
-- Records of demo_sms
-- ----------------------------
INSERT INTO `demo_sms` VALUES ('6dcdf036-47a1-43ef-a83e-d2bfae8c31e4', '阿里云短信', '13022786800', '{\"code\":\"1234\"}', '0', '{\"code\":\"isv.SMS_TEMPLATE_ILLEGAL\",\"message\":\"该账号下找不到对应模板\",\"requestId\":\"0DA4F30A-8DD6-5A52-ACB9-04A962A9593D\"}', '2023-12-16 13:41:46');
INSERT INTO `demo_sms` VALUES ('fa5670ad-1263-488d-a1db-554301fee93c', '阿里云短信', '15286930694', '{\"code\":\"1111\"}', '0', NULL, '2025-02-18 13:57:59');

-- ----------------------------
-- Table structure for oauth_client_details
-- ----------------------------
DROP TABLE IF EXISTS `oauth_client_details`;
CREATE TABLE `oauth_client_details`  (
  `client_id` varchar(100) CHARACTER SET utf8mb4 COLLATE utf8mb4_general_ci NOT NULL COMMENT '客户端id',
  `resource_ids` varchar(100) CHARACTER SET utf8mb4 COLLATE utf8mb4_general_ci NULL DEFAULT NULL COMMENT '资源ids',
  `client_secret` varchar(100) CHARACTER SET utf8mb4 COLLATE utf8mb4_general_ci NULL DEFAULT NULL COMMENT '客户端Secret',
  `scope` varchar(100) CHARACTER SET utf8mb4 COLLATE utf8mb4_general_ci NULL DEFAULT NULL COMMENT '权限范围(read,write)',
  `authorized_grant_types` varchar(100) CHARACTER SET utf8mb4 COLLATE utf8mb4_general_ci NULL DEFAULT NULL COMMENT '授权模式(authorization_code,password,refresh_token)',
  `web_server_redirect_uri` varchar(200) CHARACTER SET utf8mb4 COLLATE utf8mb4_general_ci NULL DEFAULT NULL COMMENT '客户端回调地址',
  `authorities` varchar(100) CHARACTER SET utf8mb4 COLLATE utf8mb4_general_ci NULL DEFAULT NULL COMMENT '授权用户/角色',
  `access_token_validity` int(11) NULL DEFAULT NULL COMMENT 'access_token有效期，单位秒',
  `refresh_token_validity` int(11) NULL DEFAULT NULL COMMENT 'refresh_token有效期，单位秒',
  `additional_information` varchar(4096) CHARACTER SET utf8mb4 COLLATE utf8mb4_general_ci NULL DEFAULT NULL COMMENT '备注信息，必须是JSON格式',
  `autoapprove` varchar(100) CHARACTER SET utf8mb4 COLLATE utf8mb4_general_ci NULL DEFAULT NULL COMMENT '是否自动授权(true自动授权;false需要用户手动确认)',
  PRIMARY KEY (`client_id`) USING BTREE
) ENGINE = InnoDB CHARACTER SET = utf8mb4 COLLATE = utf8mb4_general_ci COMMENT = 'Oauth2 - 应用信息表' ROW_FORMAT = Dynamic;

-- ----------------------------
-- Records of oauth_client_details
-- ----------------------------
INSERT INTO `oauth_client_details` VALUES ('22', NULL, '$2a$10$iEXIh8zAvPHA6MHvqpsaDuxufPCwK.SnqplKA0NjI/qZZud4nHhFq', 'read,write', 'authorization_code,refresh_token', 'http://www.baidu.com', NULL, 3600, 3600, NULL, 'false');
INSERT INTO `oauth_client_details` VALUES ('dev', '', '$2a$10$8qe63cH9a7thHe4gybAjFeIAKY1Se7UfoxB9w3CcDvJEfk/tPUOde', 'read,write', 'authorization_code,refresh_token,password', 'http://localhost:9528/dashuserver/oauth2/client/login/code', '', 3600, 3600, '{\"country\":\"CN\",\"country_code\":\"086\"}', 'true');

-- ----------------------------
-- Table structure for oauth_client_user
-- ----------------------------
DROP TABLE IF EXISTS `oauth_client_user`;
CREATE TABLE `oauth_client_user`  (
  `user_id` varchar(36) CHARACTER SET utf8mb4 COLLATE utf8mb4_general_ci NOT NULL COMMENT '用户ID',
  `open_id` varchar(36) CHARACTER SET utf8mb4 COLLATE utf8mb4_general_ci NOT NULL COMMENT 'oauth2的openId',
  PRIMARY KEY (`user_id`, `open_id`) USING BTREE
) ENGINE = InnoDB CHARACTER SET = utf8mb4 COLLATE = utf8mb4_general_ci COMMENT = 'Oauth2 - 用户绑定表' ROW_FORMAT = Dynamic;

-- ----------------------------
-- Records of oauth_client_user
-- ----------------------------
INSERT INTO `oauth_client_user` VALUES ('b7433e5d-07e0-48a8-bc90-559f18f5ab76', 'b7433e5d-07e0-48a8-bc90-559f18f5ab76');

-- ----------------------------
-- Table structure for z_api
-- ----------------------------
DROP TABLE IF EXISTS `z_api`;
CREATE TABLE `z_api`  (
  `api_id` varchar(36) CHARACTER SET utf8mb4 COLLATE utf8mb4_general_ci NOT NULL COMMENT 'API ID',
  `api_group_id` varchar(36) CHARACTER SET utf8mb4 COLLATE utf8mb4_general_ci NULL DEFAULT NULL COMMENT 'API分组ID',
  `api_name` varchar(100) CHARACTER SET utf8mb4 COLLATE utf8mb4_general_ci NULL DEFAULT NULL COMMENT 'API名称',
  `api_permission` varchar(200) CHARACTER SET utf8mb4 COLLATE utf8mb4_general_ci NULL DEFAULT NULL COMMENT 'API标记',
  `api_request_url` varchar(200) CHARACTER SET utf8mb4 COLLATE utf8mb4_general_ci NULL DEFAULT NULL COMMENT 'API请求地址',
  `api_request_method` varchar(10) CHARACTER SET utf8mb4 COLLATE utf8mb4_general_ci NULL DEFAULT NULL COMMENT 'API请求方法（GET、POST、PUT、DELETE等）',
  `api_description` varchar(200) CHARACTER SET utf8mb4 COLLATE utf8mb4_general_ci NULL DEFAULT NULL COMMENT 'API描述',
  `api_class_name` varchar(200) CHARACTER SET utf8mb4 COLLATE utf8mb4_general_ci NULL DEFAULT NULL COMMENT '类名',
  `api_method_name` varchar(100) CHARACTER SET utf8mb4 COLLATE utf8mb4_general_ci NULL DEFAULT NULL COMMENT '方法名',
  `api_order` int(11) NULL DEFAULT NULL COMMENT 'API顺序',
  `create_time` datetime(0) NULL DEFAULT NULL COMMENT '创建时间',
  `update_time` datetime(0) NULL DEFAULT NULL COMMENT '最后更新时间',
  PRIMARY KEY (`api_id`) USING BTREE
) ENGINE = InnoDB CHARACTER SET = utf8mb4 COLLATE = utf8mb4_general_ci COMMENT = 'API信息表' ROW_FORMAT = Dynamic;

-- ----------------------------
-- Records of z_api
-- ----------------------------
INSERT INTO `z_api` VALUES ('006a54bd-6f5b-4436-bbfe-08ef00f3c4f6', 'b6d85d14-7b5d-40d4-acb4-8c18d51efe45', '详情-Oauth2客户端信息表', 'oauth2.client:oauthClientDetails:getById', '/oauth2.client/oauthClientDetails/getById', 'GET', '详情-Oauth2客户端信息表', 'Oauth2客户端信息表@OauthClientDetailsController.java', 'getById', 100, '2023-09-12 17:39:55', '2025-05-06 23:03:34');
INSERT INTO `z_api` VALUES ('01bd8cb2-3a76-4678-902f-e7030b83ff5f', '', '详情-ddos用户请求记录', 'ddos:zDdos:getById', '/ddos/zDdos/getById', 'GET', '详情-ddos用户请求记录', 'ddos用户请求记录@ZDdosController.java', 'getById', 100, '2024-07-15 16:44:53', '2025-05-06 23:03:34');
INSERT INTO `z_api` VALUES ('01d17c0e-2db0-4960-a497-3a5fd757c237', 'b6d85d14-7b5d-40d4-acb4-8c18d51efe45', '分页列表-操作日志表', 'zlog:zOperateLog:list', '/zlog/zOperateLog/list', 'GET', '分页列表-操作日志表', '操作日志表@ZOperateLogController.java', 'list', 100, '2023-01-07 17:36:25', '2025-05-06 23:03:34');
INSERT INTO `z_api` VALUES ('02242cc9-d512-44d1-8e5f-f8e424835115', '0359dcde-cc03-43ff-9322-84f89a302523', '详情-短信 - demo', 'sms:demoSms:getById', '/sms/demoSms/getById', 'GET', '详情-短信 - demo', '短信 - demo@DemoSmsController.java', 'getById', 100, '2023-12-14 13:55:16', '2025-05-06 23:03:34');
INSERT INTO `z_api` VALUES ('028caa75-4d09-42ca-9d1b-464cfb9b2dea', '8dacd0aa-0604-4c80-ac0d-06675eeb6907', '保存扫描到的API（已存在的更新）', 'api:saveScanApi', 'api/saveScanApi', 'GET', '保存扫描到的API（已存在的更新）', 'ZApiController.java', 'saveScanApi', 1, '2022-05-21 15:23:45', '2025-05-06 23:03:34');
INSERT INTO `z_api` VALUES ('02955bbb-ae0f-441a-8f75-79524a630614', '8dacd0aa-0604-4c80-ac0d-06675eeb6907', '删除-组织机构表', 'zorg:zOrganization:delete', '/zorg/zOrganization/delete', 'POST', '删除-组织机构表', '组织机构表@ZOrganizationController.java', 'delete', 100, '2023-01-11 14:13:51', '2025-05-06 23:03:34');
INSERT INTO `z_api` VALUES ('037d1fe4-912e-4d68-b430-f391095a37d9', '8dacd0aa-0604-4c80-ac0d-06675eeb6907', '删除-字典类型', 'dictType:zDictType:delete', '/dictType/zDictType/delete', 'POST', '删除-字典类型', '字典类型@ZDictTypeController.java', 'delete', 100, '2023-05-26 17:14:39', '2025-05-06 23:03:34');
INSERT INTO `z_api` VALUES ('03b1007d-17c4-4ab6-974e-405e39fb2028', '8dacd0aa-0604-4c80-ac0d-06675eeb6907', '修改-字典类型', 'dictType:zDictType:update', '/dictType/zDictType/update', 'POST', '修改-字典类型', '字典类型@ZDictTypeController.java', 'update', 100, '2023-05-26 17:14:39', '2025-05-06 23:03:34');
INSERT INTO `z_api` VALUES ('03da5ff1-bdc3-46b0-b8b9-cb2f016d44e1', '8dacd0aa-0604-4c80-ac0d-06675eeb6907', '导出excel-字典类型', 'dictType:zDictType:export:excel', '/dictType/zDictType/export/excel', 'GET', '导出excel-字典类型', '字典类型@ZDictTypeController.java', 'exportExcel', 100, '2023-05-26 17:14:39', '2025-05-06 23:03:34');
INSERT INTO `z_api` VALUES ('04829347-180c-4d59-865d-172c7425dc76', '8dacd0aa-0604-4c80-ac0d-06675eeb6907', '复制角色', 'role:copy', 'role/copy', 'POST', '复制角色', 'ZRoleController.java', 'copy', 109, '2023-01-28 10:11:33', '2025-05-06 23:03:34');
INSERT INTO `z_api` VALUES ('0612400e-2c1c-4143-b975-535bebdaa871', NULL, '新增-用户-微信-绑定关系表', 'applet:wechat2user:zUserWechat:add', '/applet/wechat2user/zUserWechat/add', 'POST', '新增-用户-微信-绑定关系表', '用户-微信-绑定关系表@ZUserWechatController.java', 'add', 113, '2024-12-28 10:47:17', '2025-05-06 23:03:34');
INSERT INTO `z_api` VALUES ('08533114-b22f-48dc-a396-6c58f1e0e2cb', NULL, '修改-用户-微信-绑定关系表', 'applet:wechat2user:zUserWechat:update', '/applet/wechat2user/zUserWechat/update', 'POST', '修改-用户-微信-绑定关系表', '用户-微信-绑定关系表@ZUserWechatController.java', 'update', 113, '2024-12-28 10:47:17', '2025-05-06 23:03:34');
INSERT INTO `z_api` VALUES ('097abf79-00a2-49ef-91c6-acdd08afed30', '8dacd0aa-0604-4c80-ac0d-06675eeb6907', '新增-组织机构表', 'zorg:zOrganization:add', '/zorg/zOrganization/add', 'POST', '新增-组织机构表', '组织机构表@ZOrganizationController.java', 'add', 100, '2023-01-11 14:13:51', '2025-05-06 23:03:34');
INSERT INTO `z_api` VALUES ('0b8c1605-f66f-40b4-9a08-cdac9f247361', '0359dcde-cc03-43ff-9322-84f89a302523', '导出excel-退款 - 支付demo', 'tradeRefund:busTradeRefund:export:excel', '/tradeRefund/busTradeRefund/export/excel', 'GET', '导出excel-退款 - 支付demo', '退款 - 支付demo@BusTradeRefundController.java', 'exportExcel', 100, '2023-06-14 17:09:56', '2025-05-06 23:03:34');
INSERT INTO `z_api` VALUES ('0e9b99da-5fd7-40b2-a090-d5d2676cc074', '8dacd0aa-0604-4c80-ac0d-06675eeb6907', '详情-文件记录表', 'files:zFiles:getById', '/files/zFiles/getById', 'GET', '详情-文件记录表', '文件记录表@ZFilesController.java', 'getById', 100, '2023-09-15 15:31:18', '2025-05-06 23:03:34');
INSERT INTO `z_api` VALUES ('0f3178eb-7ae2-449e-a9de-8016971f87ba', '8dacd0aa-0604-4c80-ac0d-06675eeb6907', '删除-字典数据', 'dictData:zDictData:delete', '/dictData/zDictData/delete', 'POST', '删除-字典数据', '字典数据@ZDictDataController.java', 'delete', 100, '2023-05-26 17:14:51', '2025-05-06 23:03:34');
INSERT INTO `z_api` VALUES ('0f5bd33a-2572-4ea6-abd6-de6c0619ce36', 'b6d85d14-7b5d-40d4-acb4-8c18d51efe45', '删除-用户主题配置', 'userTheme:zUserTheme:delete', '/userTheme/zUserTheme/delete', 'POST', '删除-用户主题配置', '用户主题配置@ZUserThemeController.java', 'delete', 100, '2023-11-04 16:47:08', '2025-05-06 23:03:34');
INSERT INTO `z_api` VALUES ('0fabdb76-a506-461f-a6b2-2f0c153e9531', '0359dcde-cc03-43ff-9322-84f89a302523', '删除-退款 - 支付demo', 'tradeRefund:busTradeRefund:delete', '/tradeRefund/busTradeRefund/delete', 'POST', '删除-退款 - 支付demo', '退款 - 支付demo@BusTradeRefundController.java', 'delete', 100, '2023-06-14 17:09:56', '2025-05-06 23:03:34');
INSERT INTO `z_api` VALUES ('10fb6e84-2767-4d10-818c-fba3ad439b90', '0359dcde-cc03-43ff-9322-84f89a302523', '删除-新闻表-测试', 'news:news:delete', '/news/news/delete', 'POST', '删除-新闻表-测试', '新闻表-测试@NewsController.java', 'delete', 100, '2023-02-17 20:12:16', '2025-05-06 23:03:34');
INSERT INTO `z_api` VALUES ('12e5a69e-5a64-473d-acb2-4a26b52c5661', '8dacd0aa-0604-4c80-ac0d-06675eeb6907', '导出excel-字典数据', 'dictData:zDictData:export:excel', '/dictData/zDictData/export/excel', 'GET', '导出excel-字典数据', '字典数据@ZDictDataController.java', 'exportExcel', 100, '2023-05-26 17:14:51', '2025-05-06 23:03:34');
INSERT INTO `z_api` VALUES ('136dba1c-deab-4b95-85bf-43557789ff3e', 'b6d85d14-7b5d-40d4-acb4-8c18d51efe45', '修改-定时任务调度表', 'zquartz:zQuartz:update', '/zquartz/zQuartz/update', 'POST', '修改-定时任务调度表', '定时任务调度表@ZQuartzController.java', 'update', 100, '2022-12-26 15:57:56', '2025-05-06 23:03:34');
INSERT INTO `z_api` VALUES ('14ae6834-86a7-4511-97e1-f0a27608a6a0', '', '新增-ddos用户请求记录', 'ddos:zDdos:add', '/ddos/zDdos/add', 'POST', '新增-ddos用户请求记录', 'ddos用户请求记录@ZDdosController.java', 'add', 100, '2024-07-15 16:44:53', '2025-05-06 23:03:34');
INSERT INTO `z_api` VALUES ('15fc63cc-6618-4704-acc1-12c3801ffc15', '8dacd0aa-0604-4c80-ac0d-06675eeb6907', '分页列表-字典类型', 'dictType:zDictType:list', '/dictType/zDictType/list', 'GET', '分页列表-字典类型', '字典类型@ZDictTypeController.java', 'list', 100, '2023-05-26 17:14:39', '2025-05-06 23:03:34');
INSERT INTO `z_api` VALUES ('160e0e73-3b43-4e3d-b84a-5f8b201d82d3', '', '详情-参数参数配置', 'config:zConfig:getById', '/config/zConfig/getById', 'GET', '详情-参数参数配置', '参数参数配置@ZConfigController.java', 'getById', 100, '2024-05-27 15:13:16', '2025-05-06 23:03:34');
INSERT INTO `z_api` VALUES ('1db593ca-0715-4f78-9b29-ff2fdf93ec5d', '8dacd0aa-0604-4c80-ac0d-06675eeb6907', '永久锁定信息-用户锁定', 'zuserlock:zUserLock:list', '/zuserlock/zUserLock/list', 'GET', '永久锁定信息-用户锁定', '用户锁定@ZUserLockController.java', 'list', 100, '2023-01-05 15:13:32', '2025-05-06 23:03:34');
INSERT INTO `z_api` VALUES ('204ee757-ab6e-467c-ae4c-b9a1d2d4cc29', '8dacd0aa-0604-4c80-ac0d-06675eeb6907', '修改-组织机构表', 'zorg:zOrganization:update', '/zorg/zOrganization/update', 'POST', '修改-组织机构表', '组织机构表@ZOrganizationController.java', 'update', 100, '2023-01-11 14:13:51', '2025-05-06 23:03:34');
INSERT INTO `z_api` VALUES ('206cb14f-1c22-4ac4-bd6c-12be4d2389bb', '8dacd0aa-0604-4c80-ac0d-06675eeb6907', '缓存锁定信息-用户锁定', 'zuserlock:zUserLock:cacheList', '/zuserlock/zUserLock/cacheList', 'GET', '缓存锁定信息-用户锁定', '用户锁定@ZUserLockController.java', 'cacheList', 100, '2023-01-05 15:13:32', '2025-05-06 23:03:34');
INSERT INTO `z_api` VALUES ('210ce819-cf3b-4552-8927-46d9ec3bdd7d', 'b6d85d14-7b5d-40d4-acb4-8c18d51efe45', '分页列表-Oauth2客户端信息表', 'oauth2.client:oauthClientDetails:list', '/oauth2.client/oauthClientDetails/list', 'GET', '分页列表-Oauth2客户端信息表', 'Oauth2客户端信息表@OauthClientDetailsController.java', 'list', 100, '2023-09-12 17:39:55', '2025-05-06 23:03:34');
INSERT INTO `z_api` VALUES ('21ee6c61-afd3-482d-87d0-5ca3d6a69605', 'b6d85d14-7b5d-40d4-acb4-8c18d51efe45', '分页列表-用户主题配置', 'userTheme:zUserTheme:list', '/userTheme/zUserTheme/list', 'GET', '分页列表-用户主题配置', '用户主题配置@ZUserThemeController.java', 'list', 100, '2023-11-04 16:47:09', '2025-05-06 23:03:34');
INSERT INTO `z_api` VALUES ('23fe4f41-bd03-437a-8ba5-185a3f5ec363', '8dacd0aa-0604-4c80-ac0d-06675eeb6907', '删除资源（菜单，按钮等）', 'permission:delete', 'permission/delete', 'POST', '删除资源（菜单，按钮等）', '资源权限信息@ZPermissionController.java', 'delete', 1, '2022-05-21 15:23:45', '2025-05-06 23:03:34');
INSERT INTO `z_api` VALUES ('240bbc2b-450a-473b-b6fb-c65a0ce9f931', '0359dcde-cc03-43ff-9322-84f89a302523', '分页列表-交易 - 支付demo', 'trade:busTrade:list', '/trade/busTrade/list', 'GET', '分页列表-交易 - 支付demo', '交易 - 支付demo@BusTradeController.java', 'list', 100, '2023-05-16 10:00:16', '2025-05-06 23:03:34');
INSERT INTO `z_api` VALUES ('24968ee8-0901-454d-a149-a8aa60ca4993', '0359dcde-cc03-43ff-9322-84f89a302523', '详情-交易 - 支付demo', 'trade:busTrade:getById', '/trade/busTrade/getById', 'GET', '详情-交易 - 支付demo', '交易 - 支付demo@BusTradeController.java', 'getById', 100, '2023-05-16 10:00:16', '2025-05-06 23:03:34');
INSERT INTO `z_api` VALUES ('25a5f088-ffb9-4d60-aaa3-55ebd7c2e639', '0359dcde-cc03-43ff-9322-84f89a302523', '新增-交易 - 支付demo', 'trade:busTrade:add', '/trade/busTrade/add', 'POST', '新增-交易 - 支付demo', '交易 - 支付demo@BusTradeController.java', 'add', 100, '2023-05-16 10:00:16', '2025-05-06 23:03:34');
INSERT INTO `z_api` VALUES ('2ab44440-a148-49bd-a597-383ec057b24b', '8dacd0aa-0604-4c80-ac0d-06675eeb6907', '分页列表-文件记录表', 'files:zFiles:list', '/files/zFiles/list', 'GET', '分页列表-文件记录表', '文件记录表@ZFilesController.java', 'list', 100, '2023-09-15 15:31:18', '2025-05-06 23:03:34');
INSERT INTO `z_api` VALUES ('2ed7f103-880d-45f0-b597-31ef350ee4c8', '8dacd0aa-0604-4c80-ac0d-06675eeb6907', '导出excel-组织机构表', 'zorg:zOrganization:export:excel', '/zorg/zOrganization/export/excel', 'GET', '导出excel-组织机构表', '组织机构表@ZOrganizationController.java', 'exportExcel', 100, '2023-01-11 14:13:51', '2025-05-06 23:03:34');
INSERT INTO `z_api` VALUES ('35844170-250a-4b06-a9ca-f040dcf3d8a4', '8dacd0aa-0604-4c80-ac0d-06675eeb6907', '按钮管理-查询页面按钮列表', 'permission:getListById', 'permission/getListById', 'GET', '按钮管理-查询页面按钮列表', '资源权限信息@ZPermissionController.java', 'getListById', 9, '2022-05-22 10:30:26', '2025-05-06 23:03:34');
INSERT INTO `z_api` VALUES ('3cd5f71a-1c79-4da2-b39c-2c6474887175', '0359dcde-cc03-43ff-9322-84f89a302523', '修改-短信 - demo', 'sms:demoSms:update', '/sms/demoSms/update', 'POST', '修改-短信 - demo', '短信 - demo@DemoSmsController.java', 'update', 100, '2023-12-14 13:55:16', '2025-05-06 23:03:34');
INSERT INTO `z_api` VALUES ('3eaea914-b718-40a6-9f4f-369735a4ac1a', '8dacd0aa-0604-4c80-ac0d-06675eeb6907', '删除-文件记录表', 'files:zFiles:delete', '/files/zFiles/delete', 'POST', '删除-文件记录表', '文件记录表@ZFilesController.java', 'delete', 100, '2023-09-15 15:31:17', '2025-05-06 23:03:34');
INSERT INTO `z_api` VALUES ('3f175aaf-288a-4533-8902-32da3d519f66', '8dacd0aa-0604-4c80-ac0d-06675eeb6907', '组织机构树', 'zorg:zOrganization:tree', '/zorg/zOrganization/tree', 'GET', '组织机构树', '组织机构表@ZOrganizationController.java', 'tree', 104, '2023-01-12 09:21:41', '2025-05-06 23:03:34');
INSERT INTO `z_api` VALUES ('410b3a7d-4d8a-4b27-9d3a-c0d3b222ebff', '8dacd0aa-0604-4c80-ac0d-06675eeb6907', '添加分组信息', 'api:group:add', '/api/group/add', 'POST', '添加分组信息', 'ZApiGroupController.java', 'add', 45, '2022-08-20 17:35:58', '2025-05-06 23:03:34');
INSERT INTO `z_api` VALUES ('4265a428-f887-4c82-95f4-9bda6a9a8c01', '0359dcde-cc03-43ff-9322-84f89a302523', '修改-交易 - 支付demo', 'trade:busTrade:update', '/trade/busTrade/update', 'POST', '修改-交易 - 支付demo', '交易 - 支付demo@BusTradeController.java', 'update', 100, '2023-05-16 10:00:16', '2025-05-06 23:03:34');
INSERT INTO `z_api` VALUES ('44fe7e2b-e8f2-486f-b7d0-6c57acc8013a', 'b6d85d14-7b5d-40d4-acb4-8c18d51efe45', '详情-操作日志表', 'zlog:zOperateLog:getById', '/zlog/zOperateLog/getById', 'GET', '详情-操作日志表', '操作日志表@ZOperateLogController.java', 'getById', 100, '2023-01-07 17:36:25', '2025-05-06 23:03:34');
INSERT INTO `z_api` VALUES ('4562bf89-2ca0-474d-a714-c06500e46e2a', '', '反例:[权限标记+忽略列表]', 'test:abc3', '/test/abc3', 'GET', '反例:[权限标记+忽略列表]', 'TestController.java', 'abc3', 103, '2023-01-06 11:15:46', '2025-05-06 23:03:34');
INSERT INTO `z_api` VALUES ('45b484db-c5e6-4c72-baf8-cdbe2a8600ba', '56ab6d90-7881-4141-8072-c1d591b44c23', '修改-代码生成器表单', 'generator:zFormGenerator:update', '/generator/zFormGenerator/update', 'POST', '修改-代码生成器表单', '代码生成器表单@ZFormGeneratorController.java', 'update', 100, '2023-11-22 09:13:15', '2025-05-06 23:03:34');
INSERT INTO `z_api` VALUES ('4b20e90f-4586-4f5f-9563-ff0719b4bd9b', '8dacd0aa-0604-4c80-ac0d-06675eeb6907', '新增-字典数据', 'dictData:zDictData:add', '/dictData/zDictData/add', 'POST', '新增-字典数据', '字典数据@ZDictDataController.java', 'add', 100, '2023-05-26 17:14:51', '2025-05-06 23:03:34');
INSERT INTO `z_api` VALUES ('4c5931b1-fd6a-42da-856a-c22b06475848', '0359dcde-cc03-43ff-9322-84f89a302523', '新增-退款 - 支付demo', 'tradeRefund:busTradeRefund:add', '/tradeRefund/busTradeRefund/add', 'POST', '新增-退款 - 支付demo', '退款 - 支付demo@BusTradeRefundController.java', 'add', 100, '2023-06-14 17:09:56', '2025-05-06 23:03:34');
INSERT INTO `z_api` VALUES ('50736719-90a3-40d2-a259-7e1430f24938', 'b6d85d14-7b5d-40d4-acb4-8c18d51efe45', '新增-Oauth2客户端信息表', 'oauth2.client:oauthClientDetails:add', '/oauth2.client/oauthClientDetails/add', 'POST', '新增-Oauth2客户端信息表', 'Oauth2客户端信息表@OauthClientDetailsController.java', 'add', 100, '2023-09-12 17:39:55', '2025-05-06 23:03:34');
INSERT INTO `z_api` VALUES ('55ca5e6a-947f-40b9-ac8f-3044a87e3481', NULL, '详情-用户-微信-绑定关系表', 'applet:wechat2user:zUserWechat:getById', '/applet/wechat2user/zUserWechat/getById', 'GET', '详情-用户-微信-绑定关系表', '用户-微信-绑定关系表@ZUserWechatController.java', 'getById', 113, '2024-12-28 10:47:17', '2025-05-06 23:03:34');
INSERT INTO `z_api` VALUES ('57c6140b-c453-49d3-9f8c-30941f3ddbb8', '0359dcde-cc03-43ff-9322-84f89a302523', '删除-短信 - demo', 'sms:demoSms:delete', '/sms/demoSms/delete', 'POST', '删除-短信 - demo', '短信 - demo@DemoSmsController.java', 'delete', 100, '2023-12-14 13:55:16', '2025-05-06 23:03:34');
INSERT INTO `z_api` VALUES ('5c43ab1b-438c-4cf1-9df7-86448eeb1520', 'b6d85d14-7b5d-40d4-acb4-8c18d51efe45', '新增-定时任务调度表', 'zquartz:zQuartz:add', '/zquartz/zQuartz/add', 'POST', '新增-定时任务调度表', '定时任务调度表@ZQuartzController.java', 'add', 100, '2022-12-26 15:57:56', '2025-05-06 23:03:34');
INSERT INTO `z_api` VALUES ('5d171f1b-952c-4d1b-8286-59f319c31182', '8dacd0aa-0604-4c80-ac0d-06675eeb6907', '查询资源对应的API', 'permission:api:getApiListByPermissionId', 'permission/api/getApiListByPermissionId', 'GET', '查询资源对应的API', 'ZPermissionApiController.java', 'getApiListByPermissionId', 1, '2022-05-21 15:23:45', '2025-05-06 23:03:34');
INSERT INTO `z_api` VALUES ('5e0b9bc8-9b91-4bf6-9b91-6512aa9c0384', '0359dcde-cc03-43ff-9322-84f89a302523', '分页列表-退款 - 支付demo', 'tradeRefund:busTradeRefund:list', '/tradeRefund/busTradeRefund/list', 'GET', '分页列表-退款 - 支付demo', '退款 - 支付demo@BusTradeRefundController.java', 'list', 100, '2023-06-14 17:09:56', '2025-05-06 23:03:34');
INSERT INTO `z_api` VALUES ('5e13a202-0f00-4428-b771-40e0027d5a50', 'b6d85d14-7b5d-40d4-acb4-8c18d51efe45', '修改-用户主题配置', 'userTheme:zUserTheme:update', '/userTheme/zUserTheme/update', 'POST', '修改-用户主题配置', '用户主题配置@ZUserThemeController.java', 'update', 100, '2023-11-04 16:47:08', '2025-05-06 23:03:34');
INSERT INTO `z_api` VALUES ('5f9bd3af-347f-4913-bb29-02d1267310c2', 'b6d85d14-7b5d-40d4-acb4-8c18d51efe45', '详情-定时任务调度表', 'zquartz:zQuartz:getById', '/zquartz/zQuartz/getById', 'GET', '详情-定时任务调度表', '定时任务调度表@ZQuartzController.java', 'getById', 100, '2022-12-26 15:57:56', '2025-05-06 23:03:34');
INSERT INTO `z_api` VALUES ('5f9bd3af-347f-4913-bb29-234234df2343', 'b6d85d14-7b5d-40d4-acb4-8c18d51efe45', '刷新定时任务状态', 'zquartz:zQuartz:refresh', '/zquartz/zQuartz/refresh', 'GET', '刷新定时任务状态', '定时任务调度表@ZQuartzController.java', 'refresh', 100, '2022-12-26 15:57:56', '2025-05-06 23:03:34');
INSERT INTO `z_api` VALUES ('63725e4a-6935-45d0-a881-9a8c5e3bc5e8', '8dacd0aa-0604-4c80-ac0d-06675eeb6907', '查询扫描到的所有API接口', 'api:listGroupApi', 'api/listGroupApi', 'GET', '查询扫描到的所有API接口', 'ZApiController.java', 'listGroupApi', 1, '2022-05-21 15:23:45', '2025-05-06 23:03:34');
INSERT INTO `z_api` VALUES ('63b4d0cc-609b-45e7-b288-fbf304a2e988', '56ab6d90-7881-4141-8072-c1d591b44c23', '导入excel-代码生成器表单', 'generator:zFormGenerator:import:excel', '/generator/zFormGenerator/import/excel', 'POST', '导入excel-代码生成器表单', '代码生成器表单@ZFormGeneratorController.java', 'importExcel', 100, '2023-11-22 09:13:16', '2025-05-06 23:03:34');
INSERT INTO `z_api` VALUES ('65ef3a41-5c77-4395-adf3-d76ab5d3c37d', '0359dcde-cc03-43ff-9322-84f89a302523', '修改-新闻表-测试', 'news:news:update', '/news/news/update', 'POST', '修改-新闻表-测试', '新闻表-测试@NewsController.java', 'update', 100, '2023-02-17 20:12:16', '2025-05-06 23:03:34');
INSERT INTO `z_api` VALUES ('66a92662-715d-4834-beb9-fbef8676a09c', NULL, '详情-静态资源文件表', 'filesStatic:zFilesStatic:getById', '/filesStatic/zFilesStatic/getById', 'GET', '详情-静态资源文件表', '静态资源文件表@ZFilesStaticController.java', 'getById', 115, '2025-05-06 23:03:34', NULL);
INSERT INTO `z_api` VALUES ('67025cd0-6b3e-44a2-9f86-d9991778a80a', '0359dcde-cc03-43ff-9322-84f89a302523', '修改-退款 - 支付demo', 'tradeRefund:busTradeRefund:update', '/tradeRefund/busTradeRefund/update', 'POST', '修改-退款 - 支付demo', '退款 - 支付demo@BusTradeRefundController.java', 'update', 100, '2023-06-14 17:09:56', '2025-05-06 23:03:34');
INSERT INTO `z_api` VALUES ('67bc9c2c-d2dd-4c6e-a032-fcefa5ea81e2', '8dacd0aa-0604-4c80-ac0d-06675eeb6907', '批量删除角色', 'role:delete', 'role/delete', 'POST', '批量删除角色', 'ZRoleController.java', 'delete', 6, '2022-05-22 09:05:34', '2025-05-06 23:03:34');
INSERT INTO `z_api` VALUES ('67d6b8b0-376b-4857-b462-6f26aa82ba27', '8dacd0aa-0604-4c80-ac0d-06675eeb6907', '清除无效的API', 'api:clearApi', 'api/clearApi', 'GET', '清除无效的API', 'ZApiController.java', 'clearApi', 7, '2022-05-22 10:13:45', '2025-05-06 23:03:34');
INSERT INTO `z_api` VALUES ('6914f755-58db-47fa-b27b-32d19e91963c', NULL, '修改-静态资源文件表', 'filesStatic:zFilesStatic:update', '/filesStatic/zFilesStatic/update', 'POST', '修改-静态资源文件表', '静态资源文件表@ZFilesStaticController.java', 'update', 115, '2025-05-06 23:03:34', NULL);
INSERT INTO `z_api` VALUES ('6cace0db-8a92-4761-afa2-6c118e817fd4', '8dacd0aa-0604-4c80-ac0d-06675eeb6907', '查询父级组织机构树', 'zorg:zOrganization:parentTree', '/zorg/zOrganization/parentTree', 'GET', '查询父级组织机构树', '组织机构表@ZOrganizationController.java', 'parentTree', 105, '2023-01-14 10:08:58', '2025-05-06 23:03:34');
INSERT INTO `z_api` VALUES ('6cd3af3a-09b9-4542-a67c-1cd266118593', 'b6d85d14-7b5d-40d4-acb4-8c18d51efe45', '修改-Oauth2客户端信息表', 'oauth2.client:oauthClientDetails:update', '/oauth2.client/oauthClientDetails/update', 'POST', '修改-Oauth2客户端信息表', 'Oauth2客户端信息表@OauthClientDetailsController.java', 'update', 100, '2023-09-12 17:39:55', '2025-05-06 23:03:34');
INSERT INTO `z_api` VALUES ('6dae9356-5278-460c-9fee-cc85d61cb515', NULL, '导出excel-静态资源文件表', 'filesStatic:zFilesStatic:export:excel', '/filesStatic/zFilesStatic/export/excel', 'GET', '导出excel-静态资源文件表', '静态资源文件表@ZFilesStaticController.java', 'exportExcel', 115, '2025-05-06 23:03:34', NULL);
INSERT INTO `z_api` VALUES ('6e237d4c-7659-461b-8b18-c0480138d74d', '0359dcde-cc03-43ff-9322-84f89a302523', '新增-短信 - demo', 'sms:demoSms:add', '/sms/demoSms/add', 'POST', '新增-短信 - demo', '短信 - demo@DemoSmsController.java', 'add', 100, '2023-12-14 13:55:16', '2025-05-06 23:03:34');
INSERT INTO `z_api` VALUES ('6eac843c-45b9-449f-a074-ae3f8d2c1b26', '8dacd0aa-0604-4c80-ac0d-06675eeb6907', '用户详情', 'user:getById', '/user/getById', 'GET', '用户详情', '用户信息@ZUserController.java', 'getById', 102, '2023-01-02 16:50:18', '2025-05-06 23:03:34');
INSERT INTO `z_api` VALUES ('71b1de8c-b372-4c58-9e15-82fb77cd6091', '8dacd0aa-0604-4c80-ac0d-06675eeb6907', '保存资源和API关联关系', 'permission:api:savePermissionApi', 'permission/api/savePermissionApi', 'POST', '保存资源和API关联关系', 'ZPermissionApiController.java', 'savePermissionApi', 1, '2022-05-21 15:23:45', '2025-05-06 23:03:34');
INSERT INTO `z_api` VALUES ('725d1061-93be-4cc7-8aef-09ab637603be', '8dacd0aa-0604-4c80-ac0d-06675eeb6907', '用户管理组织机构树', 'user:org:tree', '/user/org/tree', 'GET', '用户管理组织机构树', '用户信息@ZUserController.java', 'orgTree', 108, '2023-01-16 15:36:22', '2025-05-06 23:03:34');
INSERT INTO `z_api` VALUES ('746b4596-61f1-457d-8e89-c424fcf40a0f', '8dacd0aa-0604-4c80-ac0d-06675eeb6907', '详情-字典数据', 'dictData:zDictData:getById', '/dictData/zDictData/getById', 'GET', '详情-字典数据', '字典数据@ZDictDataController.java', 'getById', 100, '2023-05-26 17:14:51', '2025-05-06 23:03:34');
INSERT INTO `z_api` VALUES ('75582fbb-0592-4fc1-8122-9116c1fb4a5e', '8dacd0aa-0604-4c80-ac0d-06675eeb6907', '启用/禁用用户', 'user:change:status', '/user/change/status', 'POST', '启用/禁用用户', '用户信息@ZUserController.java', 'changeStatus', 107, '2023-01-16 09:22:38', '2025-05-06 23:03:34');
INSERT INTO `z_api` VALUES ('759bd3cb-874b-41dd-a253-e8d7494cae87', '0359dcde-cc03-43ff-9322-84f89a302523', '导入excel-短信 - demo', 'sms:demoSms:import:excel', '/sms/demoSms/import/excel', 'POST', '导入excel-短信 - demo', '短信 - demo@DemoSmsController.java', 'importExcel', 100, '2023-12-14 13:55:16', '2025-05-06 23:03:34');
INSERT INTO `z_api` VALUES ('75f49fa5-77f6-4367-bde7-06573f5a422c', '8dacd0aa-0604-4c80-ac0d-06675eeb6907', '保存角色权限关系', 'role:permission:saveRolePermission', 'role/permission/saveRolePermission', 'POST', '保存角色权限关系', 'ZRolePermissionController.java', 'saveRolePermission', 11, '2022-05-25 17:17:40', '2025-05-06 23:03:34');
INSERT INTO `z_api` VALUES ('7a74f05c-7732-4e2d-ae97-71bc018c5915', '8dacd0aa-0604-4c80-ac0d-06675eeb6907', '添加角色', 'role:add', 'role/add', 'POST', '添加角色', 'ZRoleController.java', 'add', 5, '2022-05-22 08:54:41', '2025-05-06 23:03:34');
INSERT INTO `z_api` VALUES ('7c8a4f90-416b-4595-8354-4ab605779cd0', '8dacd0aa-0604-4c80-ac0d-06675eeb6907', '查询角色列表', 'role:list', 'role/list', 'GET', '查询角色列表', 'ZRoleController.java', 'list', 3, '2022-05-21 23:18:17', '2025-05-06 23:03:34');
INSERT INTO `z_api` VALUES ('7da7ff55-ea0f-40a9-894d-f0ea0a498f9b', 'b6d85d14-7b5d-40d4-acb4-8c18d51efe45', '新增-用户主题配置', 'userTheme:zUserTheme:add', '/userTheme/zUserTheme/add', 'POST', '新增-用户主题配置', '用户主题配置@ZUserThemeController.java', 'add', 100, '2023-11-04 16:47:08', '2025-05-06 23:03:34');
INSERT INTO `z_api` VALUES ('7febf5a0-116f-49c6-be89-57f8b2f15904', NULL, '新增-静态资源文件表', 'filesStatic:zFilesStatic:add', '/filesStatic/zFilesStatic/add', 'POST', '新增-静态资源文件表', '静态资源文件表@ZFilesStaticController.java', 'add', 115, '2025-05-06 23:03:34', NULL);
INSERT INTO `z_api` VALUES ('81ddb4e1-4998-4d91-8164-47d6f6167a81', 'b6d85d14-7b5d-40d4-acb4-8c18d51efe45', '删除-定时任务调度表', 'zquartz:zQuartz:delete', '/zquartz/zQuartz/delete', 'POST', '删除-定时任务调度表', '定时任务调度表@ZQuartzController.java', 'delete', 100, '2022-12-26 15:57:56', '2025-05-06 23:03:34');
INSERT INTO `z_api` VALUES ('823483ea-b544-4716-841d-c66a2fa21606', '8dacd0aa-0604-4c80-ac0d-06675eeb6907', '批量重置密码', 'user:reset:password', '/user/reset/password', 'POST', '批量重置密码', '用户信息@ZUserController.java', 'resetPassword', 102, '2023-01-02 16:50:18', '2025-05-06 23:03:34');
INSERT INTO `z_api` VALUES ('8289e110-7ec7-4cfe-ab43-3a6a00562a69', '8dacd0aa-0604-4c80-ac0d-06675eeb6907', '修改-字典数据', 'dictData:zDictData:update', '/dictData/zDictData/update', 'POST', '修改-字典数据', '字典数据@ZDictDataController.java', 'update', 100, '2023-05-26 17:14:51', '2025-05-06 23:03:34');
INSERT INTO `z_api` VALUES ('84e4b9da-a515-4e56-a610-d6a63c104a24', '', '修改-参数参数配置', 'config:zConfig:update', '/config/zConfig/update', 'POST', '修改-参数参数配置', '参数参数配置@ZConfigController.java', 'update', 100, '2024-05-27 15:13:16', '2025-05-06 23:03:34');
INSERT INTO `z_api` VALUES ('86602ef4-10f9-4fb3-a90c-96f419280cc8', '56ab6d90-7881-4141-8072-c1d591b44c23', '删除-代码生成器表单', 'generator:zFormGenerator:delete', '/generator/zFormGenerator/delete', 'POST', '删除-代码生成器表单', '代码生成器表单@ZFormGeneratorController.java', 'delete', 100, '2023-11-22 09:13:15', '2025-05-06 23:03:34');
INSERT INTO `z_api` VALUES ('86cd45d5-a007-4597-986f-d321654184b6', '0359dcde-cc03-43ff-9322-84f89a302523', '导出excel-交易 - 支付demo', 'trade:busTrade:export:excel', '/trade/busTrade/export/excel', 'GET', '导出excel-交易 - 支付demo', '交易 - 支付demo@BusTradeController.java', 'exportExcel', 100, '2023-05-16 10:00:16', '2025-05-06 23:03:34');
INSERT INTO `z_api` VALUES ('89216faa-16bb-44db-bafd-a49b33e573f6', '8dacd0aa-0604-4c80-ac0d-06675eeb6907', '查询资源树表格', 'permission:tree:list', 'permission/tree/list', 'GET', '查询资源树表格', '资源权限信息@ZPermissionController.java', 'treeList', 1, '2022-05-21 15:23:45', '2025-05-06 23:03:34');
INSERT INTO `z_api` VALUES ('89ed5e9a-a500-43c4-89df-11611159a772', '56ab6d90-7881-4141-8072-c1d591b44c23', '导出excel-代码生成器表单', 'generator:zFormGenerator:export:excel', '/generator/zFormGenerator/export/excel', 'GET', '导出excel-代码生成器表单', '代码生成器表单@ZFormGeneratorController.java', 'exportExcel', 100, '2023-11-22 09:13:16', '2025-05-06 23:03:34');
INSERT INTO `z_api` VALUES ('8adce246-8d95-4d03-a35e-005b2ec3540a', 'b6d85d14-7b5d-40d4-acb4-8c18d51efe45', '导入excel-Oauth2客户端信息表', 'oauth2.client:oauthClientDetails:import:excel', '/oauth2.client/oauthClientDetails/import/excel', 'POST', '导入excel-Oauth2客户端信息表', 'Oauth2客户端信息表@OauthClientDetailsController.java', 'importExcel', 100, '2023-09-12 17:39:55', '2025-05-06 23:03:34');
INSERT INTO `z_api` VALUES ('8d137faf-d578-4a6a-81ea-6c770ccb050c', 'b6d85d14-7b5d-40d4-acb4-8c18d51efe45', '导出excel-操作日志表', 'zlog:zOperateLog:export:excel', '/zlog/zOperateLog/export/excel', 'GET', '导出excel-操作日志表', '操作日志表@ZOperateLogController.java', 'exportExcel', 100, '2023-01-07 17:36:25', '2025-05-06 23:03:34');
INSERT INTO `z_api` VALUES ('8f7e1491-5b18-43f6-9a32-99a77c7d2d0f', NULL, '修改-ddos用户请求记录', 'ddos:zDdos:update', '/ddos/zDdos/update', 'POST', '修改-ddos用户请求记录', 'ddos用户请求记录@ZDdosController.java', 'update', 100, '2024-07-15 16:44:53', '2025-05-06 23:03:34');
INSERT INTO `z_api` VALUES ('9038352b-bac3-4c39-af25-f0eeb435445e', NULL, '分页列表-用户-微信-绑定关系表', 'applet:wechat2user:zUserWechat:list', '/applet/wechat2user/zUserWechat/list', 'GET', '分页列表-用户-微信-绑定关系表', '用户-微信-绑定关系表@ZUserWechatController.java', 'list', 113, '2024-12-28 10:47:17', '2025-05-06 23:03:34');
INSERT INTO `z_api` VALUES ('9457a3ba-52b9-46c5-8179-6ddaf8a85eb4', 'b6d85d14-7b5d-40d4-acb4-8c18d51efe45', '导出excel-用户主题配置', 'userTheme:zUserTheme:export:excel', '/userTheme/zUserTheme/export/excel', 'GET', '导出excel-用户主题配置', '用户主题配置@ZUserThemeController.java', 'exportExcel', 100, '2023-11-04 16:47:08', '2025-05-06 23:03:34');
INSERT INTO `z_api` VALUES ('96585c77-50b1-46bf-92b2-b1500df10146', '56ab6d90-7881-4141-8072-c1d591b44c23', '详情-代码生成器表单', 'generator:zFormGenerator:getById', '/generator/zFormGenerator/getById', 'GET', '详情-代码生成器表单', '代码生成器表单@ZFormGeneratorController.java', 'getById', 100, '2023-11-22 09:13:16', '2025-05-06 23:03:34');
INSERT INTO `z_api` VALUES ('98858063-f9d0-4e4f-b0d1-07bd019894e3', '8dacd0aa-0604-4c80-ac0d-06675eeb6907', '查询分组列表', 'api:group:list', '/api/group/list', 'GET', '查询分组列表', 'ZApiGroupController.java', 'list', 106, '2023-01-14 15:27:22', '2025-05-06 23:03:34');
INSERT INTO `z_api` VALUES ('98fec7a4-467f-4c2d-b3ec-ea71b1b101cb', '0359dcde-cc03-43ff-9322-84f89a302523', '新增-新闻表-测试', 'news:news:add', '/news/news/add', 'POST', '新增-新闻表-测试', '新闻表-测试@NewsController.java', 'add', 100, '2023-02-17 20:12:16', '2025-05-06 23:03:34');
INSERT INTO `z_api` VALUES ('9ea479ff-f0d6-4c3b-bce9-e1ce6249f7bf', '0359dcde-cc03-43ff-9322-84f89a302523', '详情-新闻表-测试', 'news:news:getById', '/news/news/getById', 'GET', '详情-新闻表-测试', '新闻表-测试@NewsController.java', 'getById', 100, '2023-02-17 20:12:16', '2025-05-06 23:03:34');
INSERT INTO `z_api` VALUES ('a1b3a310-1ed9-42ac-9423-4c71effd0ce5', '0359dcde-cc03-43ff-9322-84f89a302523', '分页列表-新闻表-测试', 'news:news:list', '/news/news/list', 'GET', '分页列表-新闻表-测试', '新闻表-测试@NewsController.java', 'list', 100, '2023-02-17 20:12:16', '2025-05-06 23:03:34');
INSERT INTO `z_api` VALUES ('a3515024-bcb3-46b9-9a2f-6ac46d398bcd', '0359dcde-cc03-43ff-9322-84f89a302523', '分页列表-短信 - demo', 'sms:demoSms:list', '/sms/demoSms/list', 'GET', '分页列表-短信 - demo', '短信 - demo@DemoSmsController.java', 'list', 100, '2023-12-14 13:55:16', '2025-05-06 23:03:34');
INSERT INTO `z_api` VALUES ('a576ed0f-f7f9-41d6-8375-b1a4ea3489a8', '0359dcde-cc03-43ff-9322-84f89a302523', '导出excel-短信 - demo', 'sms:demoSms:export:excel', '/sms/demoSms/export/excel', 'GET', '导出excel-短信 - demo', '短信 - demo@DemoSmsController.java', 'exportExcel', 100, '2023-12-14 13:55:16', '2025-05-06 23:03:34');
INSERT INTO `z_api` VALUES ('a5979831-656e-4dbe-9fd2-ca007f387a52', '8dacd0aa-0604-4c80-ac0d-06675eeb6907', '查询资源树表格', 'permission:treeList', 'permission/treeList', 'GET', '查询资源树表格', '资源权限信息@ZPermissionController.java', 'permissionTreeList', 8, '2022-05-22 10:20:13', '2025-05-06 23:03:34');
INSERT INTO `z_api` VALUES ('a748922a-1aaa-473a-9f46-e52b92f53d99', NULL, '分页列表-ddos用户请求记录', 'ddos:zDdos:list', '/ddos/zDdos/list', 'GET', '分页列表-ddos用户请求记录', 'ddos用户请求记录@ZDdosController.java', 'list', 100, '2024-07-15 16:44:53', '2025-05-06 23:03:34');
INSERT INTO `z_api` VALUES ('a7b9c28d-b6e8-429a-8420-756d1068ef4b', '8dacd0aa-0604-4c80-ac0d-06675eeb6907', '修改角色', 'role:update', 'role/update', 'POST', '修改角色', 'ZRoleController.java', 'update', 5, '2022-05-22 08:54:41', '2025-05-06 23:03:34');
INSERT INTO `z_api` VALUES ('a7ef1f66-a411-48d6-8c0a-cd99e5949c2c', '56ab6d90-7881-4141-8072-c1d591b44c23', '新增-代码生成器表单', 'generator:zFormGenerator:add', '/generator/zFormGenerator/add', 'POST', '新增-代码生成器表单', '代码生成器表单@ZFormGeneratorController.java', 'add', 100, '2023-11-22 09:13:15', '2025-05-06 23:03:34');
INSERT INTO `z_api` VALUES ('a8c3d7c9-2dda-48ef-a918-f1b3405f4250', '8dacd0aa-0604-4c80-ac0d-06675eeb6907', '导出excel-文件记录表', 'files:zFiles:export:excel', '/files/zFiles/export/excel', 'GET', '导出excel-文件记录表', '文件记录表@ZFilesController.java', 'exportExcel', 100, '2023-09-15 15:31:17', '2025-05-06 23:03:34');
INSERT INTO `z_api` VALUES ('adf62e8c-0e1d-4519-8823-a1b588835182', NULL, '导入excel-参数参数配置', 'config:zConfig:import:excel', '/config/zConfig/import/excel', 'POST', '导入excel-参数参数配置', '参数参数配置@ZConfigController.java', 'importExcel', 100, '2024-05-27 15:13:16', '2025-05-06 23:03:34');
INSERT INTO `z_api` VALUES ('afcbd43a-8285-4d18-bc7f-813950503124', 'b6d85d14-7b5d-40d4-acb4-8c18d51efe45', '导入excel-用户主题配置', 'userTheme:zUserTheme:import:excel', '/userTheme/zUserTheme/import/excel', 'POST', '导入excel-用户主题配置', '用户主题配置@ZUserThemeController.java', 'importExcel', 100, '2023-11-04 16:47:08', '2025-05-06 23:03:34');
INSERT INTO `z_api` VALUES ('b1a7a275-ad0a-4ca6-9a70-bb82054c303b', '8dacd0aa-0604-4c80-ac0d-06675eeb6907', '修改资源（菜单，按钮等）', 'permission:update', 'permission/update', 'POST', '修改资源（菜单，按钮等）', '资源权限信息@ZPermissionController.java', 'update', 1, '2022-05-21 15:23:45', '2025-05-06 23:03:34');
INSERT INTO `z_api` VALUES ('b2285a87-b869-4585-bc1b-b469e2b37f49', '8dacd0aa-0604-4c80-ac0d-06675eeb6907', '用户解锁', 'zuserlock:zUserLock:unlock', '/zuserlock/zUserLock/unlock', 'POST', '用户解锁', '用户锁定@ZUserLockController.java', 'delete', 100, '2023-01-05 15:13:32', '2025-05-06 23:03:34');
INSERT INTO `z_api` VALUES ('b27b4616-e09b-419e-85a4-5f94d348380e', 'b6d85d14-7b5d-40d4-acb4-8c18d51efe45', '导出excel-Oauth2客户端信息表', 'oauth2.client:oauthClientDetails:export:excel', '/oauth2.client/oauthClientDetails/export/excel', 'GET', '导出excel-Oauth2客户端信息表', 'Oauth2客户端信息表@OauthClientDetailsController.java', 'exportExcel', 100, '2023-09-12 17:39:55', '2025-05-06 23:03:34');
INSERT INTO `z_api` VALUES ('b647294e-2de3-4dbc-be06-218116611462', '8dacd0aa-0604-4c80-ac0d-06675eeb6907', '修改-文件记录表', 'files:zFiles:update', '/files/zFiles/update', 'POST', '修改-文件记录表', '文件记录表@ZFilesController.java', 'update', 100, '2023-09-15 15:31:17', '2025-05-06 23:03:34');
INSERT INTO `z_api` VALUES ('b83dab5a-edbf-4cb3-8d13-9a5934f6d8ec', '56ab6d90-7881-4141-8072-c1d591b44c23', '分页列表-代码生成器表单', 'generator:zFormGenerator:list', '/generator/zFormGenerator/list', 'GET', '分页列表-代码生成器表单', '代码生成器表单@ZFormGeneratorController.java', 'list', 100, '2023-11-22 09:13:16', '2025-05-06 23:03:34');
INSERT INTO `z_api` VALUES ('bb1c1477-1b05-43c2-93c3-4f0e2ac86327', NULL, '导出excel-ddos用户请求记录', 'ddos:zDdos:export:excel', '/ddos/zDdos/export/excel', 'GET', '导出excel-ddos用户请求记录', 'ddos用户请求记录@ZDdosController.java', 'exportExcel', 100, '2024-07-15 16:44:53', '2025-05-06 23:03:34');
INSERT INTO `z_api` VALUES ('bd0afbbd-807f-49b5-adcc-fb41fbb3af42', '8dacd0aa-0604-4c80-ac0d-06675eeb6907', '新增-文件记录表', 'files:zFiles:add', '/files/zFiles/add', 'POST', '新增-文件记录表', '文件记录表@ZFilesController.java', 'add', 100, '2023-09-15 15:31:17', '2025-05-06 23:03:34');
INSERT INTO `z_api` VALUES ('bed3696d-f07f-4e88-82c2-4f4feb4f62c5', NULL, '导出excel-参数参数配置', 'config:zConfig:export:excel', '/config/zConfig/export/excel', 'GET', '导出excel-参数参数配置', '参数参数配置@ZConfigController.java', 'exportExcel', 100, '2024-05-27 15:13:16', '2025-05-06 23:03:34');
INSERT INTO `z_api` VALUES ('c06df9d5-6da2-435e-97ba-03d95a8af719', '8dacd0aa-0604-4c80-ac0d-06675eeb6907', '批量删除用户', 'user:delete', '/user/delete', 'POST', '批量删除用户', '用户信息@ZUserController.java', 'delete', 14, '2022-05-30 23:29:13', '2025-05-06 23:03:34');
INSERT INTO `z_api` VALUES ('c3838c54-6661-4b2a-b927-3c265ab28a86', '8dacd0aa-0604-4c80-ac0d-06675eeb6907', '添加资源（菜单，按钮等）', 'permission:add', 'permission/add', 'POST', '添加资源（菜单，按钮等）', '资源权限信息@ZPermissionController.java', 'add', 1, '2022-05-21 15:23:45', '2025-05-06 23:03:34');
INSERT INTO `z_api` VALUES ('c44babb2-413e-48f4-9e7c-330b37891ffd', '8dacd0aa-0604-4c80-ac0d-06675eeb6907', '分页列表-组织机构表', 'zorg:zOrganization:list', '/zorg/zOrganization/list', 'GET', '分页列表-组织机构表', '组织机构表@ZOrganizationController.java', 'list', 100, '2023-01-11 14:13:51', '2025-05-06 23:03:34');
INSERT INTO `z_api` VALUES ('c4717414-dee8-4469-87b0-081f4b6284d7', '8dacd0aa-0604-4c80-ac0d-06675eeb6907', '导入excel-字典类型', 'dictType:zDictType:import:excel', '/dictType/zDictType/import/excel', 'POST', '导入excel-字典类型', '字典类型@ZDictTypeController.java', 'importExcel', 100, '2023-05-26 17:14:39', '2025-05-06 23:03:34');
INSERT INTO `z_api` VALUES ('c5c8f4a1-32ef-4ecb-9ebf-2171266ffc25', '8dacd0aa-0604-4c80-ac0d-06675eeb6907', '启用/禁用菜单', 'permission:changeIsEnabled', 'permission/changeIsEnabled', 'POST', '启用/禁用菜单', '资源权限信息@ZPermissionController.java', 'changeIsEnabled', 111, '2023-04-20 15:09:49', '2025-05-06 23:03:34');
INSERT INTO `z_api` VALUES ('c6e82e05-1bd7-488c-a362-d895a036c815', 'b6d85d14-7b5d-40d4-acb4-8c18d51efe45', '导出excel-定时任务调度表', 'zquartz:zQuartz:export:excel', '/zquartz/zQuartz/export/excel', 'GET', '导出excel-定时任务调度表', '定时任务调度表@ZQuartzController.java', 'exportExcel', 101, '2022-12-28 10:14:12', '2025-05-06 23:03:34');
INSERT INTO `z_api` VALUES ('c756910d-07ac-4a20-b208-7acb253ee416', NULL, '分页列表-静态资源文件表', 'filesStatic:zFilesStatic:list', '/filesStatic/zFilesStatic/list', 'GET', '分页列表-静态资源文件表', '静态资源文件表@ZFilesStaticController.java', 'list', 115, '2025-05-06 23:03:34', NULL);
INSERT INTO `z_api` VALUES ('ca8291e2-256b-4ac8-8d20-8b93a36e3fa2', '8dacd0aa-0604-4c80-ac0d-06675eeb6907', '修改上下级关系', 'permission:updateParentId', 'permission/updateParentId', 'POST', '修改上下级关系', '资源权限信息@ZPermissionController.java', 'updateParentId', 15, '2022-06-03 18:10:46', '2025-05-06 23:03:34');
INSERT INTO `z_api` VALUES ('cba131c5-98af-4ad4-826c-e2eea84bba91', NULL, '删除-ddos用户请求记录', 'ddos:zDdos:delete', '/ddos/zDdos/delete', 'POST', '删除-ddos用户请求记录', 'ddos用户请求记录@ZDdosController.java', 'delete', 100, '2024-07-15 16:44:53', '2025-05-06 23:03:34');
INSERT INTO `z_api` VALUES ('cba9683a-f4e5-4ea5-88ba-e70fa551abef', '8dacd0aa-0604-4c80-ac0d-06675eeb6907', '导入excel-文件记录表', 'files:zFiles:import:excel', '/files/zFiles/import/excel', 'POST', '导入excel-文件记录表', '文件记录表@ZFilesController.java', 'importExcel', 100, '2023-09-15 15:31:18', '2025-05-06 23:03:34');
INSERT INTO `z_api` VALUES ('ccd6fca6-aae8-4e7b-b334-658d31de48f2', '8dacd0aa-0604-4c80-ac0d-06675eeb6907', '新增-字典类型', 'dictType:zDictType:add', '/dictType/zDictType/add', 'POST', '新增-字典类型', '字典类型@ZDictTypeController.java', 'add', 100, '2023-05-26 17:14:39', '2025-05-06 23:03:34');
INSERT INTO `z_api` VALUES ('ce1ddfa7-c414-4535-8828-8766f90f5e70', 'b6d85d14-7b5d-40d4-acb4-8c18d51efe45', '详情-用户主题配置', 'userTheme:zUserTheme:getById', '/userTheme/zUserTheme/getById', 'GET', '详情-用户主题配置', '用户主题配置@ZUserThemeController.java', 'getById', 100, '2023-11-04 16:47:09', '2025-05-06 23:03:34');
INSERT INTO `z_api` VALUES ('cedd916c-be79-4c23-9593-b542b4d8879d', '8dacd0aa-0604-4c80-ac0d-06675eeb6907', '删除分组信息', 'api:group:delete', '/api/group/delete', 'POST', '删除分组信息', 'ZApiGroupController.java', 'delete', 40, '2022-08-14 17:09:06', '2025-05-06 23:03:34');
INSERT INTO `z_api` VALUES ('d1f5569a-6772-4e94-bd7d-133609a4438b', NULL, '删除-参数参数配置', 'config:zConfig:delete', '/config/zConfig/delete', 'POST', '删除-参数参数配置', '参数参数配置@ZConfigController.java', 'delete', 100, '2024-05-27 15:13:16', '2025-05-06 23:03:34');
INSERT INTO `z_api` VALUES ('d28e568f-8dce-4058-ad59-bb1bbb309406', NULL, '新增-参数参数配置', 'config:zConfig:add', '/config/zConfig/add', 'POST', '新增-参数参数配置', '参数参数配置@ZConfigController.java', 'add', 100, '2024-05-27 15:13:16', '2025-05-06 23:03:34');
INSERT INTO `z_api` VALUES ('d2a60f52-8164-462d-9577-94f75f9706d0', NULL, '删除-静态资源文件表', 'filesStatic:zFilesStatic:delete', '/filesStatic/zFilesStatic/delete', 'POST', '删除-静态资源文件表', '静态资源文件表@ZFilesStaticController.java', 'delete', 115, '2025-05-06 23:03:34', NULL);
INSERT INTO `z_api` VALUES ('d35c2b97-3f04-4fd8-8d2a-fa717436d6ac', '8dacd0aa-0604-4c80-ac0d-06675eeb6907', '分页列表-字典数据', 'dictData:zDictData:list', '/dictData/zDictData/list', 'GET', '分页列表-字典数据', '字典数据@ZDictDataController.java', 'list', 100, '2023-05-26 17:14:51', '2025-05-06 23:03:34');
INSERT INTO `z_api` VALUES ('d65487f5-1449-4377-856d-975a0dd3012a', NULL, '分页列表-参数参数配置', 'config:zConfig:list', '/config/zConfig/list', 'GET', '分页列表-参数参数配置', '参数参数配置@ZConfigController.java', 'list', 100, '2024-05-27 15:13:16', '2025-05-06 23:03:34');
INSERT INTO `z_api` VALUES ('d6761175-7a42-43ff-8ffb-013d6edbea0c', '0359dcde-cc03-43ff-9322-84f89a302523', '详情-退款 - 支付demo', 'tradeRefund:busTradeRefund:getById', '/tradeRefund/busTradeRefund/getById', 'GET', '详情-退款 - 支付demo', '退款 - 支付demo@BusTradeRefundController.java', 'getById', 100, '2023-06-14 17:09:56', '2025-05-06 23:03:34');
INSERT INTO `z_api` VALUES ('d78c535e-df5f-4bbe-9cb5-b14a18a67ca5', '8dacd0aa-0604-4c80-ac0d-06675eeb6907', '角色分配权限列表', 'permission:listForRole', 'permission/listForRole', 'GET', '角色分配权限列表', '资源权限信息@ZPermissionController.java', 'listForRole', 10, '2022-05-22 23:01:46', '2025-05-06 23:03:34');
INSERT INTO `z_api` VALUES ('d9eaa3ae-5f3f-4ef6-99e6-0e03f1643334', '8dacd0aa-0604-4c80-ac0d-06675eeb6907', '详情-组织机构表', 'zorg:zOrganization:getById', '/zorg/zOrganization/getById', 'GET', '详情-组织机构表', '组织机构表@ZOrganizationController.java', 'getById', 100, '2023-01-11 14:13:51', '2025-05-06 23:03:34');
INSERT INTO `z_api` VALUES ('dbf36d3c-623e-451e-b85c-6ed8a3aef00d', '8dacd0aa-0604-4c80-ac0d-06675eeb6907', '导入excel-字典数据', 'dictData:zDictData:import:excel', '/dictData/zDictData/import/excel', 'POST', '导入excel-字典数据', '字典数据@ZDictDataController.java', 'importExcel', 100, '2023-05-26 17:14:51', '2025-05-06 23:03:34');
INSERT INTO `z_api` VALUES ('dc3a4f6e-1116-4bc4-a412-5f8b1940e6cb', '0359dcde-cc03-43ff-9322-84f89a302523', '导入excel-交易 - 支付demo', 'trade:busTrade:import:excel', '/trade/busTrade/import/excel', 'POST', '导入excel-交易 - 支付demo', '交易 - 支付demo@BusTradeController.java', 'importExcel', 100, '2023-05-16 10:00:16', '2025-05-06 23:03:34');
INSERT INTO `z_api` VALUES ('dd58a1d7-42fb-45e2-87d2-8b9b99bfca32', NULL, '导入excel-ddos用户请求记录', 'ddos:zDdos:import:excel', '/ddos/zDdos/import/excel', 'POST', '导入excel-ddos用户请求记录', 'ddos用户请求记录@ZDdosController.java', 'importExcel', 100, '2024-07-15 16:44:53', '2025-05-06 23:03:34');
INSERT INTO `z_api` VALUES ('e537a477-30a7-48af-b609-a34e181d4947', '8dacd0aa-0604-4c80-ac0d-06675eeb6907', '修改用户信息', 'user:update', '/user/update', 'POST', '修改用户信息', '用户信息@ZUserController.java', 'update', 13, '2022-05-30 22:50:54', '2025-05-06 23:03:34');
INSERT INTO `z_api` VALUES ('e5fbee90-10fb-44c0-a865-2393d1913642', '8dacd0aa-0604-4c80-ac0d-06675eeb6907', '查询扫描到的所有API接口', 'api:getAllApiList', 'api/getAllApiList', 'GET', '查询扫描到的所有API接口', 'ZApiController.java', 'getAllApiList', 1, '2022-05-21 15:23:45', '2025-05-06 23:03:34');
INSERT INTO `z_api` VALUES ('e6eeef03-20fd-441e-afe6-b9735148927f', '0359dcde-cc03-43ff-9322-84f89a302523', '导出excel-新闻表-测试', 'news:news:export:excel', '/news/news/export/excel', 'GET', '导出excel-新闻表-测试', '新闻表-测试@NewsController.java', 'exportExcel', 100, '2023-02-17 20:12:16', '2025-05-06 23:03:34');
INSERT INTO `z_api` VALUES ('e77ea885-beab-49b4-ab75-c3d972db47da', 'b6d85d14-7b5d-40d4-acb4-8c18d51efe45', '分页列表-定时任务调度表', 'zquartz:zQuartz:list', '/zquartz/zQuartz/list', 'GET', '分页列表-定时任务调度表', '定时任务调度表@ZQuartzController.java', 'list', 100, '2022-12-26 15:57:56', '2025-05-06 23:03:34');
INSERT INTO `z_api` VALUES ('eab60c29-7f2c-4fed-b350-1164e4107694', 'b6d85d14-7b5d-40d4-acb4-8c18d51efe45', '删除-操作日志表', 'zlog:zOperateLog:delete', '/zlog/zOperateLog/delete', 'POST', '删除-操作日志表', '操作日志表@ZOperateLogController.java', 'delete', 100, '2023-01-07 17:36:25', '2025-05-06 23:03:34');
INSERT INTO `z_api` VALUES ('eac7786d-8ed5-45b3-9b39-30c52f84eb01', 'b6d85d14-7b5d-40d4-acb4-8c18d51efe45', '删除-Oauth2客户端信息表', 'oauth2.client:oauthClientDetails:delete', '/oauth2.client/oauthClientDetails/delete', 'POST', '删除-Oauth2客户端信息表', 'Oauth2客户端信息表@OauthClientDetailsController.java', 'delete', 100, '2023-09-12 17:39:55', '2025-05-06 23:03:34');
INSERT INTO `z_api` VALUES ('ec882556-250a-4c2a-8a14-64c380468482', NULL, '删除-用户-微信-绑定关系表', 'applet:wechat2user:zUserWechat:delete', '/applet/wechat2user/zUserWechat/delete', 'POST', '删除-用户-微信-绑定关系表', '用户-微信-绑定关系表@ZUserWechatController.java', 'delete', 113, '2024-12-28 10:47:17', '2025-05-06 23:03:34');
INSERT INTO `z_api` VALUES ('ed19f7a8-aa03-4c55-91a9-ad06da07905b', '8dacd0aa-0604-4c80-ac0d-06675eeb6907', '添加用户', 'user:add', '/user/add', 'POST', '添加用户', '用户信息@ZUserController.java', 'add', 12, '2022-05-30 21:13:50', '2025-05-06 23:03:34');
INSERT INTO `z_api` VALUES ('ed4694fe-0d1b-485b-9dec-877378130602', '0359dcde-cc03-43ff-9322-84f89a302523', '导入excel-退款 - 支付demo', 'tradeRefund:busTradeRefund:import:excel', '/tradeRefund/busTradeRefund/import/excel', 'POST', '导入excel-退款 - 支付demo', '退款 - 支付demo@BusTradeRefundController.java', 'importExcel', 100, '2023-06-14 17:09:56', '2025-05-06 23:03:34');
INSERT INTO `z_api` VALUES ('f79e96d2-7fe3-457e-a3a9-ebc33b610634', 'b6d85d14-7b5d-40d4-acb4-8c18d51efe45', '修改-密码安全等设置', 'zsafety:zSafety:update', '/zsafety/zSafety/update', 'POST', '修改-密码安全等设置', '密码安全等设置@ZSafetyController.java', 'update', 100, '2022-12-30 09:09:42', '2025-05-06 23:03:34');
INSERT INTO `z_api` VALUES ('f8a1beda-8d22-40d7-bcac-e939d71cc30f', '0359dcde-cc03-43ff-9322-84f89a302523', '删除-交易 - 支付demo', 'trade:busTrade:delete', '/trade/busTrade/delete', 'POST', '删除-交易 - 支付demo', '交易 - 支付demo@BusTradeController.java', 'delete', 100, '2023-05-16 10:00:16', '2025-05-06 23:03:34');
INSERT INTO `z_api` VALUES ('fac5ed74-d4d3-4ea4-a856-f56729ad0c0b', NULL, '导入excel-静态资源文件表', 'filesStatic:zFilesStatic:import:excel', '/filesStatic/zFilesStatic/import/excel', 'POST', '导入excel-静态资源文件表', '静态资源文件表@ZFilesStaticController.java', 'importExcel', 115, '2025-05-06 23:03:34', NULL);
INSERT INTO `z_api` VALUES ('fb682783-14d4-4dd0-aed9-25649758aacf', '', '正常权限标签', 'test:abc2', '/test/abc2', 'GET', '正常权限标签', 'TestController.java', 'abc2', 103, '2023-01-06 11:15:46', '2025-05-06 23:03:34');
INSERT INTO `z_api` VALUES ('fed5aaef-799c-4399-b9af-c6b964706cda', '8dacd0aa-0604-4c80-ac0d-06675eeb6907', '详情-字典类型', 'dictType:zDictType:getById', '/dictType/zDictType/getById', 'GET', '详情-字典类型', '字典类型@ZDictTypeController.java', 'getById', 100, '2023-05-26 17:14:39', '2025-05-06 23:03:34');
INSERT INTO `z_api` VALUES ('ff41df04-0ee6-493d-9cf8-32a182ec7d1c', NULL, '导入excel-组织机构表', 'zorg:zOrganization:import:excel', '/zorg/zOrganization/import/excel', 'POST', '导入excel-组织机构表', '组织机构表@ZOrganizationController.java', 'importExcel', 114, '2025-01-11 10:08:28', '2025-05-06 23:03:34');
INSERT INTO `z_api` VALUES ('ffa64801-06ca-43ed-9c2b-1001344b9471', '8dacd0aa-0604-4c80-ac0d-06675eeb6907', '查询用户列表', 'user:list', '/user/list', 'GET', '查询用户列表', '用户信息@ZUserController.java', 'list', 12, '2022-05-30 21:13:50', '2025-05-06 23:03:34');

-- ----------------------------
-- Table structure for z_api_group
-- ----------------------------
DROP TABLE IF EXISTS `z_api_group`;
CREATE TABLE `z_api_group`  (
  `api_group_id` varchar(36) CHARACTER SET utf8mb4 COLLATE utf8mb4_general_ci NOT NULL COMMENT 'API分组ID',
  `group_name` varchar(100) CHARACTER SET utf8mb4 COLLATE utf8mb4_general_ci NULL DEFAULT NULL COMMENT '分组名称',
  `group_order` int(11) NULL DEFAULT NULL COMMENT '分组顺序',
  `create_time` datetime(0) NULL DEFAULT NULL COMMENT '创建时间',
  `update_time` datetime(0) NULL DEFAULT NULL COMMENT '最后更新时间',
  PRIMARY KEY (`api_group_id`) USING BTREE
) ENGINE = InnoDB CHARACTER SET = utf8mb4 COLLATE = utf8mb4_general_ci COMMENT = 'API分组信息表' ROW_FORMAT = Dynamic;

-- ----------------------------
-- Records of z_api_group
-- ----------------------------
INSERT INTO `z_api_group` VALUES ('0359dcde-cc03-43ff-9322-84f89a302523', 'DEMO', 99, '2023-12-19 14:28:44', NULL);
INSERT INTO `z_api_group` VALUES ('56ab6d90-7881-4141-8072-c1d591b44c23', '开发管理', 102, '2023-12-19 14:28:18', NULL);
INSERT INTO `z_api_group` VALUES ('8dacd0aa-0604-4c80-ac0d-06675eeb6907', '系统管理', 100, '2023-12-19 14:26:27', NULL);
INSERT INTO `z_api_group` VALUES ('b6d85d14-7b5d-40d4-acb4-8c18d51efe45', '系统配置', 101, '2023-12-19 14:27:36', NULL);

-- ----------------------------
-- Table structure for z_config
-- ----------------------------
DROP TABLE IF EXISTS `z_config`;
CREATE TABLE `z_config`  (
  `cfg_id` varchar(36) CHARACTER SET utf8mb4 COLLATE utf8mb4_general_ci NOT NULL COMMENT '系统参数ID',
  `cfg_name` varchar(100) CHARACTER SET utf8mb4 COLLATE utf8mb4_general_ci NOT NULL COMMENT '参数名称',
  `cfg_key` varchar(100) CHARACTER SET utf8mb4 COLLATE utf8mb4_general_ci NOT NULL COMMENT '参数键名',
  `cfg_value` varchar(100) CHARACTER SET utf8mb4 COLLATE utf8mb4_general_ci NOT NULL COMMENT '参数键值',
  `cfg_remark` varchar(200) CHARACTER SET utf8mb4 COLLATE utf8mb4_general_ci NULL DEFAULT NULL COMMENT '备注',
  `cfg_is_sys` char(1) CHARACTER SET utf8mb4 COLLATE utf8mb4_general_ci NULL DEFAULT NULL COMMENT '是否系统参数（0否1是）',
  `order_index` int(11) NULL DEFAULT NULL COMMENT '顺序',
  `create_time` datetime(0) NULL DEFAULT NULL COMMENT '创建时间',
  `update_time` datetime(0) NULL DEFAULT NULL COMMENT '修改时间',
  PRIMARY KEY (`cfg_id`) USING BTREE
) ENGINE = InnoDB CHARACTER SET = utf8mb4 COLLATE = utf8mb4_general_ci COMMENT = '系统参数配置' ROW_FORMAT = Dynamic;

-- ----------------------------
-- Records of z_config
-- ----------------------------
INSERT INTO `z_config` VALUES ('6c9ceeb0-3648-48ff-9ad0-881ed47f0df7', '是否开启注册用户', 'sys.register.isOpen', 'true', '是否开启注册用户：开启注册=true；关闭注册=false', '1', 1, '2024-05-27 15:34:39', NULL);

-- ----------------------------
-- Table structure for z_ddos
-- ----------------------------
DROP TABLE IF EXISTS `z_ddos`;
CREATE TABLE `z_ddos`  (
  `ddos_id` varchar(36) CHARACTER SET utf8mb4 COLLATE utf8mb4_general_ci NOT NULL COMMENT 'DDoS_id',
  `user_ip` varchar(255) CHARACTER SET utf8mb4 COLLATE utf8mb4_general_ci NOT NULL COMMENT '用户ip',
  `request_count` int(10) NOT NULL COMMENT '请求次数',
  `limit_json` varchar(255) CHARACTER SET utf8mb4 COLLATE utf8mb4_general_ci NULL DEFAULT NULL COMMENT '限制配置（例如：5分钟内限制100次）',
  `user_id` varchar(36) CHARACTER SET utf8mb4 COLLATE utf8mb4_general_ci NULL DEFAULT NULL COMMENT '用户id（有则保存）',
  `create_time` datetime(0) NULL DEFAULT NULL COMMENT '记录时间',
  PRIMARY KEY (`ddos_id`) USING BTREE
) ENGINE = InnoDB CHARACTER SET = utf8mb4 COLLATE = utf8mb4_general_ci COMMENT = 'ddos用户请求记录' ROW_FORMAT = Dynamic;

-- ----------------------------
-- Records of z_ddos
-- ----------------------------
INSERT INTO `z_ddos` VALUES ('0370fa04-10ab-4c9a-b486-fb10c802ee29', '101.230.181.42', 102, '{5分钟内限制100次}', NULL, '2024-10-09 09:35:16');
INSERT INTO `z_ddos` VALUES ('055aad92-679b-4097-af04-802783c13fe6', '101.230.181.42', 101, '{5分钟内限制100次}', '1', '2024-10-09 09:34:58');
INSERT INTO `z_ddos` VALUES ('0ebd4ebe-7d44-4a09-8e6f-e64664cbc102', '101.230.181.42', 107, '{5分钟内限制100次}', '1', '2024-10-09 09:35:12');
INSERT INTO `z_ddos` VALUES ('130aac34-467e-4932-8d30-94163744df20', '58.57.95.202', 103, '{5分钟内限制100次}', '1', '2025-01-11 11:28:42');
INSERT INTO `z_ddos` VALUES ('156da629-a2e3-450e-b66a-83f66ef4a657', '58.57.95.202', 105, '{5分钟内限制100次}', '1', '2025-01-11 11:28:43');
INSERT INTO `z_ddos` VALUES ('18eb3b68-ee15-4bde-a550-a8415e62aab7', '101.230.181.42', 102, '{5分钟内限制100次}', NULL, '2024-10-09 09:35:16');
INSERT INTO `z_ddos` VALUES ('1f660b34-35e9-4809-9007-8de9e2a66213', '58.57.95.202', 101, '{5分钟内限制100次}', '1', '2025-01-13 10:08:39');
INSERT INTO `z_ddos` VALUES ('22f36a88-878f-4762-8049-8dcab4916f6d', '101.230.181.42', 103, '{5分钟内限制100次}', '1', '2024-10-09 09:35:01');
INSERT INTO `z_ddos` VALUES ('25fb3972-a5ce-497b-86b7-f4dbe09d4fa5', '101.230.181.42', 106, '{5分钟内限制100次}', NULL, '2024-10-09 09:35:22');
INSERT INTO `z_ddos` VALUES ('3df71cc3-582b-4203-882c-d0ae58ae4060', '101.230.181.42', 104, '{5分钟内限制100次}', '1', '2024-10-09 09:35:21');
INSERT INTO `z_ddos` VALUES ('51372988-1c96-4352-b2ed-a87c7171eaef', '101.230.181.42', 103, '{5分钟内限制100次}', '1', '2024-10-09 09:35:19');
INSERT INTO `z_ddos` VALUES ('5328fc2b-4341-4007-ad05-64f395b3c7e3', '101.230.181.42', 107, '{5分钟内限制100次}', '1', '2024-10-09 09:35:12');
INSERT INTO `z_ddos` VALUES ('547dd96a-7ca5-4b5d-a1ab-b16ab0484bc3', '101.230.181.42', 106, '{5分钟内限制100次}', '1', '2024-10-09 09:35:04');
INSERT INTO `z_ddos` VALUES ('5b6c88c7-c3fb-4d57-b190-a3da7f8ab1a6', '58.57.95.202', 104, '{5分钟内限制100次}', '1', '2025-01-11 11:28:42');
INSERT INTO `z_ddos` VALUES ('6562969f-35db-408a-b4d8-e6e3a0be572d', '39.174.248.46', 102, '{5分钟内限制100次}', '1', '2024-12-31 14:55:25');
INSERT INTO `z_ddos` VALUES ('67ad0eff-6f9d-41c3-8a11-7fccd58febfe', '39.174.248.46', 103, '{5分钟内限制100次}', NULL, '2024-12-31 14:55:25');
INSERT INTO `z_ddos` VALUES ('6ca6913b-2312-4b0a-a974-416ce8ee5a87', '58.57.95.202', 108, '{5分钟内限制100次}', '1', '2025-01-11 11:28:47');
INSERT INTO `z_ddos` VALUES ('6ea3cc15-c072-4d3d-b9f5-63fa9dea77b4', '58.57.95.202', 105, '{5分钟内限制100次}', '1', '2025-01-13 10:08:58');
INSERT INTO `z_ddos` VALUES ('6f9583fa-6952-4c74-b317-a2ca3bb23c7c', '58.57.95.202', 102, '{5分钟内限制100次}', '1', '2025-01-13 10:08:39');
INSERT INTO `z_ddos` VALUES ('710f83a4-4424-4ade-87fd-70b53bb46d04', '58.57.95.202', 104, '{5分钟内限制100次}', '1', '2025-01-13 10:08:57');
INSERT INTO `z_ddos` VALUES ('73df928e-173e-4d92-aeef-39849c547cea', '58.57.95.202', 104, '{5分钟内限制100次}', '1', '2025-01-13 10:08:39');
INSERT INTO `z_ddos` VALUES ('76cb04cb-5ad1-4c57-9e5b-69b9611fd05b', '101.230.181.42', 106, '{5分钟内限制100次}', '1', '2024-10-09 09:35:12');
INSERT INTO `z_ddos` VALUES ('7cb21de5-0293-44fe-8bf1-9dc150a6dea4', '101.230.181.42', 102, '{5分钟内限制100次}', NULL, '2024-10-09 09:34:58');
INSERT INTO `z_ddos` VALUES ('7f149301-8ec9-4199-b7f9-b7ffd1c653ec', '58.57.95.202', 103, '{5分钟内限制100次}', '1', '2025-01-13 10:08:39');
INSERT INTO `z_ddos` VALUES ('811510fb-de14-4184-9976-24ef07670d36', '101.230.181.42', 102, '{5分钟内限制100次}', NULL, '2024-10-09 09:34:58');
INSERT INTO `z_ddos` VALUES ('833e4c95-cf4e-43f7-a068-5705a73a6d67', '39.174.248.46', 103, '{5分钟内限制100次}', NULL, '2024-12-31 14:55:29');
INSERT INTO `z_ddos` VALUES ('86916d18-3b7b-4ade-9c67-847e80978991', '39.174.248.46', 103, '{5分钟内限制100次}', NULL, '2024-12-31 14:55:25');
INSERT INTO `z_ddos` VALUES ('8ebe4f83-a25a-41b9-90e5-7b853943e545', '58.57.95.202', 103, '{5分钟内限制100次}', '1', '2025-01-11 11:28:42');
INSERT INTO `z_ddos` VALUES ('8ff8edc7-5412-426b-ae21-cba2ff3be23d', '58.57.95.202', 107, '{5分钟内限制100次}', '1', '2025-01-11 11:28:46');
INSERT INTO `z_ddos` VALUES ('91e41415-3e60-456d-8dc9-e8b3c9be987b', '39.174.248.46', 101, '{5分钟内限制100次}', '1', '2024-12-31 14:55:19');
INSERT INTO `z_ddos` VALUES ('95d0842a-a015-4102-960a-762da8d0ed91', '58.57.95.202', 104, '{5分钟内限制100次}', '1', '2025-01-11 11:28:42');
INSERT INTO `z_ddos` VALUES ('a09eeb3f-1ab0-44ce-9738-7e7a8586a31c', '101.230.181.42', 102, '{5分钟内限制100次}', '1', '2024-10-09 09:35:19');
INSERT INTO `z_ddos` VALUES ('a0c69270-7d96-4dce-93e9-ff7dc2ab6653', '39.174.248.46', 103, '{5分钟内限制100次}', NULL, '2024-12-31 14:55:29');
INSERT INTO `z_ddos` VALUES ('a7d97bcb-c1a2-4941-aa7c-b763d7a8a75a', '58.57.95.202', 101, '{5分钟内限制100次}', '1', '2025-01-11 11:28:09');
INSERT INTO `z_ddos` VALUES ('ab7e6d1f-f82c-4d3c-88fb-e2e730e8f9df', '58.57.95.202', 105, '{5分钟内限制100次}', '1', '2025-01-13 10:08:39');
INSERT INTO `z_ddos` VALUES ('adc68503-b398-45ed-8543-b8da1e54086b', '101.230.181.42', 104, '{5分钟内限制100次}', '1', '2024-10-09 09:35:02');
INSERT INTO `z_ddos` VALUES ('b66007e8-3765-4757-8830-e61df64a4500', '101.230.181.42', 103, '{5分钟内限制100次}', '1', '2024-10-09 09:35:01');
INSERT INTO `z_ddos` VALUES ('b995e0fd-546f-4eac-8eeb-fade17973d9a', '58.57.95.202', 106, '{5分钟内限制100次}', '1', '2025-01-11 11:28:46');
INSERT INTO `z_ddos` VALUES ('bf0022f3-a1b8-4b46-9029-fced57dcbedc', '101.230.181.42', 101, '{5分钟内限制100次}', '1', '2024-10-09 09:35:16');
INSERT INTO `z_ddos` VALUES ('d1675fdd-32ac-4e61-a6fe-dd4b59e485b3', '101.230.181.42', 105, '{5分钟内限制100次}', '1', '2024-10-09 09:35:04');
INSERT INTO `z_ddos` VALUES ('d92eb0eb-b9ae-4b55-989d-060e30ff31c7', '39.174.248.46', 101, '{5分钟内限制100次}', '1', '2024-12-31 14:55:23');
INSERT INTO `z_ddos` VALUES ('f44c35b4-dafd-42a7-a252-892127350332', '101.230.181.42', 105, '{5分钟内限制100次}', NULL, '2024-10-09 09:35:22');
INSERT INTO `z_ddos` VALUES ('fa410550-7536-421f-9a7b-c7ff79f00336', '58.57.95.202', 102, '{5分钟内限制100次}', '1', '2025-01-11 11:28:13');
INSERT INTO `z_ddos` VALUES ('fd0ae974-3cd7-41ab-b8ed-f48ff7c93134', '58.57.95.202', 109, '{5分钟内限制100次}', NULL, '2025-01-11 11:29:01');
INSERT INTO `z_ddos` VALUES ('ff6b9d51-812d-4219-89ca-fd70f34661ec', '58.57.95.202', 109, '{5分钟内限制100次}', NULL, '2025-01-11 11:29:01');

-- ----------------------------
-- Table structure for z_dict_data
-- ----------------------------
DROP TABLE IF EXISTS `z_dict_data`;
CREATE TABLE `z_dict_data`  (
  `dict_id` varchar(36) CHARACTER SET utf8mb4 COLLATE utf8mb4_general_ci NOT NULL COMMENT '字典数据ID',
  `type_code` varchar(100) CHARACTER SET utf8mb4 COLLATE utf8mb4_general_ci NULL DEFAULT NULL COMMENT '所属类型code',
  `dict_label` varchar(100) CHARACTER SET utf8mb4 COLLATE utf8mb4_general_ci NULL DEFAULT NULL COMMENT '字典标签',
  `dict_value` varchar(100) CHARACTER SET utf8mb4 COLLATE utf8mb4_general_ci NULL DEFAULT NULL COMMENT '字典值',
  `status` char(1) CHARACTER SET utf8mb4 COLLATE utf8mb4_general_ci NULL DEFAULT NULL COMMENT '状态0停用1正常',
  `order_index` int(11) NULL DEFAULT NULL COMMENT '顺序',
  `create_time` datetime(0) NULL DEFAULT NULL COMMENT '创建时间',
  `update_time` datetime(0) NULL DEFAULT NULL COMMENT '修改时间',
  PRIMARY KEY (`dict_id`) USING BTREE
) ENGINE = InnoDB CHARACTER SET = utf8mb4 COLLATE = utf8mb4_general_ci COMMENT = '字典数据' ROW_FORMAT = Dynamic;

-- ----------------------------
-- Records of z_dict_data
-- ----------------------------
INSERT INTO `z_dict_data` VALUES ('5e251de7-61c4-4e36-9fd4-0116397ff7f5', 'sys_user_sex', '女', '1', '1', 1, '2023-06-03 16:59:33', '2024-09-10 16:38:08');
INSERT INTO `z_dict_data` VALUES ('685beef5-a3cd-409b-bdd3-2495ff1ab955', 'sys_user_sex', '男', '2', '1', 2, '2023-06-03 16:59:25', '2024-09-10 16:38:19');
INSERT INTO `z_dict_data` VALUES ('6d62297a-f3d7-42a4-acc1-f93e825c2b3f', 'sys_user_sex', '未知', '0', '1', 0, '2023-06-03 16:59:48', '2024-09-10 16:38:14');
INSERT INTO `z_dict_data` VALUES ('7cca63d0-2361-45bb-a8d5-b75465e23f89', 'aliyun_sms_template', 'SMS_154950909', ' 您正在使用阿里云短信测试服务，体验验证码是：${code}，如非本人操作，请忽略本短信！', '1', 0, '2023-12-16 09:28:45', '2024-06-19 14:05:45');

-- ----------------------------
-- Table structure for z_dict_type
-- ----------------------------
DROP TABLE IF EXISTS `z_dict_type`;
CREATE TABLE `z_dict_type`  (
  `type_id` varchar(36) CHARACTER SET utf8mb4 COLLATE utf8mb4_general_ci NOT NULL COMMENT '字典类型ID',
  `type_name` varchar(100) CHARACTER SET utf8mb4 COLLATE utf8mb4_general_ci NULL DEFAULT NULL COMMENT '字典名称',
  `type_code` varchar(100) CHARACTER SET utf8mb4 COLLATE utf8mb4_general_ci NULL DEFAULT NULL COMMENT '字典类型code',
  `status` char(1) CHARACTER SET utf8mb4 COLLATE utf8mb4_general_ci NULL DEFAULT NULL COMMENT '状态0停用1正常',
  `create_time` datetime(0) NULL DEFAULT NULL COMMENT '创建时间',
  `update_time` datetime(0) NULL DEFAULT NULL COMMENT '更新时间',
  PRIMARY KEY (`type_id`) USING BTREE
) ENGINE = InnoDB CHARACTER SET = utf8mb4 COLLATE = utf8mb4_general_ci COMMENT = '字典类型' ROW_FORMAT = Dynamic;

-- ----------------------------
-- Records of z_dict_type
-- ----------------------------
INSERT INTO `z_dict_type` VALUES ('d82fcf03-cd55-43c4-85c5-d52be29e00d8', '阿里云短信模板', 'aliyun_sms_template', '1', '2023-12-16 09:23:45', NULL);
INSERT INTO `z_dict_type` VALUES ('f87ffd65-4d64-49fc-a710-7a3ffd58d46d', '用户性别', 'sys_user_sex', '1', '2023-06-03 16:59:11', '2023-07-17 17:45:31');

-- ----------------------------
-- Table structure for z_files
-- ----------------------------
DROP TABLE IF EXISTS `z_files`;
CREATE TABLE `z_files`  (
  `file_id` varchar(36) CHARACTER SET utf8mb4 COLLATE utf8mb4_general_ci NOT NULL COMMENT '文件id',
  `file_md5` varchar(200) CHARACTER SET utf8mb4 COLLATE utf8mb4_general_ci NULL DEFAULT NULL COMMENT '文件md5',
  `file_url` varchar(100) CHARACTER SET utf8mb4 COLLATE utf8mb4_general_ci NULL DEFAULT NULL COMMENT '文件地址（文件访问地址）',
  `file_old_name` varchar(200) CHARACTER SET utf8mb4 COLLATE utf8mb4_general_ci NULL DEFAULT NULL COMMENT '原文件名',
  `file_name` varchar(100) CHARACTER SET utf8mb4 COLLATE utf8mb4_general_ci NULL DEFAULT NULL COMMENT '存储文件名',
  `file_extend` varchar(20) CHARACTER SET utf8mb4 COLLATE utf8mb4_general_ci NULL DEFAULT NULL COMMENT '文件扩展名',
  `file_size` bigint(20) NULL DEFAULT NULL COMMENT '文件大小',
  `create_time` datetime(0) NULL DEFAULT NULL COMMENT '创建时间',
  PRIMARY KEY (`file_id`) USING BTREE
) ENGINE = InnoDB CHARACTER SET = utf8mb4 COLLATE = utf8mb4_general_ci COMMENT = '文件记录表' ROW_FORMAT = Dynamic;

-- ----------------------------
-- Records of z_files
-- ----------------------------
INSERT INTO `z_files` VALUES ('1a20143f-576a-4afd-9c68-a2db86ba1d71', '3EEFD4BD01BED9CF439E99DE0D9F7D8C', '/upload/testSecond/20241016/6fc0e33b3b3841f78d25c76a9370135c.zip', 'pcms-master.zip', '546b2d24ed904d66973e676e57e4e137.zip', 'zip', 9646170, '2024-10-16 10:48:02');
INSERT INTO `z_files` VALUES ('7c0b98ed-3598-4f5d-aacc-98db3d08c0d3', '85439441DF9CD763B57B8BD28453B9A3', '/upload/testSecond/20230927/16aa7e79c23a49bcbf97a6cc945ba62d.zip', 'plupload-2.3.9.zip', '1cf4ae1ee0d8463f9dcd185dc0a78bf5.zip', 'zip', 395520, '2023-09-27 17:08:33');
INSERT INTO `z_files` VALUES ('ce21c376-de1c-4334-9357-ecbf6b5ce8cb', 'F3AFA392FE220342E76D290F24ECBA0E', '/upload/testSecond/20230927/cf2d7be2d6554d05b7080b5e78589405.zip', 'tampermonkey_scripts.zip', 'c5e7dcbf130d4495b99106b83816c758.zip', 'zip', 95946, '2023-09-27 17:10:15');
INSERT INTO `z_files` VALUES ('ecc86464-5b4e-4084-b1f3-b36376c1519d', '5D51CE7508CD5C6DF7A3C60972FABF8C', '/upload/testSecond/20230927/d55ccc8e512a490ea71c5a913de478e0.zip', 'minio-upload-master(1).zip', '7865ca1ddaec41e1a9bc6a8a30ff7ad9.zip', 'zip', 2187033, '2023-09-27 17:09:45');

-- ----------------------------
-- Table structure for z_files_static
-- ----------------------------
DROP TABLE IF EXISTS `z_files_static`;
CREATE TABLE `z_files_static`  (
  `file_id` varchar(36) CHARACTER SET utf8mb4 COLLATE utf8mb4_general_ci NOT NULL COMMENT '静态资源id',
  `parent_id` varchar(36) CHARACTER SET utf8mb4 COLLATE utf8mb4_general_ci NULL DEFAULT NULL COMMENT '所属文件夹id',
  `file_md5` varchar(200) CHARACTER SET utf8mb4 COLLATE utf8mb4_general_ci NULL DEFAULT NULL COMMENT '文件md5',
  `file_url` varchar(100) CHARACTER SET utf8mb4 COLLATE utf8mb4_general_ci NULL DEFAULT NULL COMMENT '文件地址（文件访问地址）',
  `file_old_name` varchar(200) CHARACTER SET utf8mb4 COLLATE utf8mb4_general_ci NULL DEFAULT NULL COMMENT '原文件名',
  `file_name` varchar(100) CHARACTER SET utf8mb4 COLLATE utf8mb4_general_ci NULL DEFAULT NULL COMMENT '存储文件名',
  `file_extend` varchar(20) CHARACTER SET utf8mb4 COLLATE utf8mb4_general_ci NULL DEFAULT NULL COMMENT '文件扩展名',
  `file_size` bigint(20) NULL DEFAULT NULL COMMENT '文件大小',
  `file_type` char(1) CHARACTER SET utf8mb4 COLLATE utf8mb4_general_ci NOT NULL COMMENT '文件类型(0文件夹1文件)',
  `create_time` datetime(0) NULL DEFAULT NULL COMMENT '创建时间',
  `update_time` datetime(0) NULL DEFAULT NULL COMMENT '修改时间',
  PRIMARY KEY (`file_id`) USING BTREE
) ENGINE = InnoDB CHARACTER SET = utf8mb4 COLLATE = utf8mb4_general_ci COMMENT = '静态资源文件表' ROW_FORMAT = Dynamic;

-- ----------------------------
-- Records of z_files_static
-- ----------------------------
INSERT INTO `z_files_static` VALUES ('666cffa7-3686-48c7-a1e3-6388416b3790', '8349424d-5e74-4a2b-bb8a-87e18ab8d8ec', NULL, '/upload/static/31c3f35b47d74b96ac46ff5df0bdf121.jpg', '31c3f35b47d74b96ac46ff5df0bdf121.jpg', '31c3f35b47d74b96ac46ff5df0bdf121.jpg', 'jpg', 184358, '1', '2025-03-07 16:16:24', NULL);
INSERT INTO `z_files_static` VALUES ('6f1d3310-d4b6-4e22-858d-b2ad63cdbf3e', '8349424d-5e74-4a2b-bb8a-87e18ab8d8ec', NULL, '/upload/static/1.jpg', '1.jpg', '1.jpg', 'jpg', 148522, '1', '2025-03-07 16:16:21', NULL);
INSERT INTO `z_files_static` VALUES ('8349424d-5e74-4a2b-bb8a-87e18ab8d8ec', NULL, NULL, '/upload/static/', 'static', NULL, NULL, NULL, '0', '2025-02-17 16:56:31', NULL);
INSERT INTO `z_files_static` VALUES ('8df200da-f920-43b8-b16f-599b7da41e26', '8349424d-5e74-4a2b-bb8a-87e18ab8d8ec', NULL, '/upload/static/201711241102416.jpg', '201711241102416.jpg', '201711241102416.jpg', 'jpg', 41427, '1', '2025-02-26 11:06:16', NULL);
INSERT INTO `z_files_static` VALUES ('fd4e8f18-894a-49b9-bc74-9a77ae2f47f1', '8349424d-5e74-4a2b-bb8a-87e18ab8d8ec', NULL, '/upload/static/0.jpg', '0.jpg', '0.jpg', 'jpg', 182761, '1', '2025-03-07 16:16:19', NULL);

-- ----------------------------
-- Table structure for z_form_generator
-- ----------------------------
DROP TABLE IF EXISTS `z_form_generator`;
CREATE TABLE `z_form_generator`  (
  `form_id` varchar(36) CHARACTER SET utf8mb4 COLLATE utf8mb4_general_ci NOT NULL COMMENT '表单id',
  `form_name` varchar(200) CHARACTER SET utf8mb4 COLLATE utf8mb4_general_ci NOT NULL COMMENT '表单名称',
  `form_json` longtext CHARACTER SET utf8mb4 COLLATE utf8mb4_general_ci NOT NULL COMMENT '表单内容json格式',
  `table_name` varchar(200) CHARACTER SET utf8mb4 COLLATE utf8mb4_general_ci NOT NULL COMMENT '表名',
  `table_decription` varchar(500) CHARACTER SET utf8mb4 COLLATE utf8mb4_general_ci NOT NULL COMMENT '表描述',
  `base_package` varchar(100) CHARACTER SET utf8mb4 COLLATE utf8mb4_general_ci NOT NULL COMMENT 'pom模块名',
  `author` varchar(100) CHARACTER SET utf8mb4 COLLATE utf8mb4_general_ci NOT NULL COMMENT '作者',
  `table_package` varchar(100) CHARACTER SET utf8mb4 COLLATE utf8mb4_general_ci NOT NULL COMMENT '生成包名',
  `view_path` varchar(100) CHARACTER SET utf8mb4 COLLATE utf8mb4_general_ci NOT NULL COMMENT '前端路径',
  `status` char(1) CHARACTER SET utf8mb4 COLLATE utf8mb4_general_ci NULL DEFAULT NULL COMMENT '代码生成状态（0未生成1已生成）',
  `order_index` int(10) NOT NULL COMMENT '显示顺序',
  `create_time` datetime(0) NULL DEFAULT NULL COMMENT '添加时间',
  `update_time` datetime(0) NULL DEFAULT NULL COMMENT '修改时间',
  PRIMARY KEY (`form_id`) USING BTREE
) ENGINE = InnoDB CHARACTER SET = utf8mb4 COLLATE = utf8mb4_general_ci COMMENT = '代码生成器表单' ROW_FORMAT = Dynamic;

-- ----------------------------
-- Records of z_form_generator
-- ----------------------------
INSERT INTO `z_form_generator` VALUES ('2134690d-471c-4322-ad71-fc217abb6f51', 'test', '{\"fields\":[{\"__config__\":{\"formId\":11,\"label\":\"主键\",\"isTableField\":true,\"fieldType\":\"varchar\",\"fieldLength\":36,\"pointLength\":0,\"isKey\":true,\"tag\":\"el-key\",\"required\":true,\"layout\":\"colFormItem\"},\"__slot__\":{\"prepend\":\"\",\"append\":\"\"},\"__vModel__\":\"id\"},{\"__config__\":{\"formId\":12,\"label\":\"手机号\",\"isTableField\":true,\"fieldType\":\"varchar\",\"fieldLength\":\"20\",\"pointLength\":\"0\",\"isKey\":false,\"labelWidth\":null,\"showLabel\":true,\"changeTag\":true,\"tag\":\"el-input\",\"tagIcon\":\"input\",\"required\":true,\"layout\":\"colFormItem\",\"span\":24,\"document\":\"https://element.eleme.cn/#/zh-CN/component/input\",\"regList\":[{\"pattern\":\"/^1(3|4|5|7|8|9)\\\\d{9}$/\",\"message\":\"手机号格式错误\"}]},\"__slot__\":{\"prepend\":\"\",\"append\":\"\"},\"__vModel__\":\"mobile\",\"placeholder\":\"请输入\",\"style\":{\"width\":\"100%\"},\"clearable\":true,\"prefix-icon\":\"el-icon-mobile\",\"suffix-icon\":\"\",\"maxlength\":11,\"show-word-limit\":true,\"readonly\":false,\"disabled\":false},{\"__config__\":{\"formId\":13,\"label\":\"顺序\",\"isTableField\":true,\"fieldType\":\"int\",\"fieldLength\":\"11\",\"pointLength\":\"0\",\"isKey\":false,\"showLabel\":true,\"changeTag\":true,\"labelWidth\":null,\"tag\":\"el-input-number\",\"tagIcon\":\"number\",\"defaultValue\":0,\"span\":24,\"layout\":\"colFormItem\",\"required\":true,\"regList\":[],\"document\":\"https://element.eleme.cn/#/zh-CN/component/input-number\"},\"placeholder\":\"请输入\",\"min\":0,\"step\":1,\"step-strictly\":false,\"controls-position\":\"\",\"disabled\":false,\"__vModel__\":\"order_index\"},{\"__config__\":{\"label\":\"下拉选择\",\"isTableField\":true,\"fieldType\":\"varchar\",\"fieldLength\":50,\"pointLength\":0,\"isKey\":false,\"url\":\"/role/list\",\"method\":\"get\",\"dataPath\":\"data.records\",\"dictUrl\":\"/dictData/zDictData/listCache\",\"dictCode\":\"sys_user_sex\",\"dictDataPath\":\"data\",\"dataConsumer\":\"__slot__.options\",\"showLabel\":true,\"labelWidth\":null,\"tag\":\"el-select\",\"tagIcon\":\"select\",\"layout\":\"colFormItem\",\"defaultValue\":null,\"dataType\":\"dynamic\",\"span\":24,\"required\":false,\"regList\":[],\"changeTag\":true,\"document\":\"https://element.eleme.cn/#/zh-CN/component/select\",\"formId\":101,\"renderKey\":\"1011742606225056\"},\"__slot__\":{\"options\":[{\"roleId\":\"032844a1f06890c0f689a7818ec6fbac\",\"roleName\":\"系统管理员\",\"roleDescription\":\"系统管理员\",\"roleOrder\":1,\"createTime\":\"2023-01-15T17:11:09\",\"updateTime\":\"2023-11-09T15:59:27\"},{\"roleId\":\"1c5da30bd1f387d036e438d19cebadec\",\"roleName\":\"222\",\"roleDescription\":\"222\",\"roleOrder\":1,\"createTime\":\"2024-10-12T17:59:52\",\"updateTime\":null},{\"roleId\":\"6c28e0351c57fce1f2e7b61a03a93992\",\"roleName\":\"测试测试\",\"roleDescription\":\"测试测试测试测试测试测试测试测试测试测试测试测试测试测试测试测试测试测试测试测试测试测试测试测试测试测试测试测试测试测试测试测试测试测试\",\"roleOrder\":1,\"createTime\":\"2023-01-15T17:11:26\",\"updateTime\":null},{\"roleId\":\"54eaea4ee678e9fa5c600e9be57626b9\",\"roleName\":\"注册用户\",\"roleDescription\":\"注意：注册用户在后台写死的角色，若删除可能导致注册功能报错\",\"roleOrder\":100,\"createTime\":\"2024-05-27T14:05:44\",\"updateTime\":\"2024-05-27T14:08:03\"}]},\"placeholder\":\"请选择下拉选择\",\"style\":{\"width\":\"100%\"},\"props\":{\"props\":{\"label\":\"aaName\",\"value\":\"aaId\"}},\"disabled\":false,\"clearable\":true,\"filterable\":false,\"multiple\":false,\"__vModel__\":\"field101\"}],\"tableName\":\"a_table\",\"tableDecription\":\"表描述\",\"basePackage\":\"com.kg.module\",\"tablePackage\":\"atable\",\"viewPath\":\"/atable\",\"author\":\"ziro\",\"formRef\":\"dataForm\",\"formModel\":\"temp\",\"size\":\"medium\",\"labelPosition\":\"right\",\"labelWidth\":100,\"formRules\":\"rules\",\"gutter\":15,\"span\":24,\"formBtns\":true}', 'a_table', '表描述', 'com.kg.module', 'ziro', 'atable', '/atable', '0', 0, '2025-03-22 09:18:32', NULL);
INSERT INTO `z_form_generator` VALUES ('27a68e65-d9d9-40a5-8dca-08b945b8bc96', '222222', '{\"fields\":[{\"__config__\":{\"formId\":11,\"label\":\"主键\",\"isTableField\":true,\"fieldType\":\"varchar\",\"fieldLength\":36,\"pointLength\":0,\"isKey\":true,\"tag\":\"el-key\",\"required\":true,\"layout\":\"colFormItem\"},\"__slot__\":{\"prepend\":\"\",\"append\":\"\"},\"__vModel__\":\"id\"},{\"__config__\":{\"formId\":12,\"label\":\"手机号\",\"isTableField\":true,\"fieldType\":\"varchar\",\"fieldLength\":20,\"pointLength\":0,\"isKey\":false,\"labelWidth\":null,\"showLabel\":true,\"changeTag\":true,\"tag\":\"el-input\",\"tagIcon\":\"input\",\"required\":true,\"layout\":\"colFormItem\",\"span\":24,\"document\":\"https://element.eleme.cn/#/zh-CN/component/input\",\"regList\":[{\"pattern\":\"/^1(3|4|5|7|8|9)\\\\d{9}$/\",\"message\":\"手机号格式错误\"}]},\"__slot__\":{\"prepend\":\"\",\"append\":\"\"},\"__vModel__\":\"mobile\",\"placeholder\":\"请输入\",\"style\":{\"width\":\"100%\"},\"clearable\":true,\"prefix-icon\":\"el-icon-mobile\",\"suffix-icon\":\"\",\"maxlength\":11,\"show-word-limit\":true,\"readonly\":false,\"disabled\":false},{\"__config__\":{\"label\":\"级联选择\",\"isTableField\":true,\"fieldType\":\"varchar\",\"fieldLength\":50,\"pointLength\":0,\"isKey\":false,\"url\":\"/zorg/zOrganization/tree\",\"method\":\"get\",\"dataPath\":\"data\",\"dataConsumer\":\"options\",\"showLabel\":true,\"labelWidth\":null,\"tag\":\"el-cascader\",\"tagIcon\":\"cascader\",\"layout\":\"colFormItem\",\"defaultValue\":null,\"dataType\":\"static\",\"span\":24,\"required\":false,\"regList\":[],\"changeTag\":true,\"document\":\"https://element.eleme.cn/#/zh-CN/component/cascader\",\"formId\":101,\"renderKey\":\"1011736412209265\"},\"options\":[],\"placeholder\":\"请选择级联选择\",\"style\":{\"width\":\"100%\"},\"props\":{\"props\":{\"multiple\":false,\"label\":\"orgName\",\"value\":\"orgId\",\"children\":\"children\"}},\"show-all-levels\":true,\"disabled\":false,\"clearable\":true,\"filterable\":false,\"separator\":\"/\",\"__vModel__\":\"field101\"},{\"__config__\":{\"label\":\"多选框组\",\"isTableField\":true,\"fieldType\":\"varchar\",\"fieldLength\":255,\"pointLength\":0,\"isKey\":false,\"url\":\"/role/list\",\"method\":\"get\",\"dataPath\":\"data.records\",\"dictUrl\":\"/dictData/zDictData/listCache\",\"dictCode\":\"sys_user_sex\",\"dictDataPath\":\"data\",\"dataConsumer\":\"__slot__.options\",\"showLabel\":true,\"labelWidth\":null,\"tag\":\"el-checkbox-group\",\"tagIcon\":\"checkbox\",\"layout\":\"colFormItem\",\"defaultValue\":[],\"dataType\":\"dynamic\",\"span\":24,\"optionType\":\"default\",\"required\":false,\"regList\":[],\"changeTag\":true,\"border\":false,\"document\":\"https://element.eleme.cn/#/zh-CN/component/checkbox\",\"formId\":102,\"renderKey\":\"1021736412211049\"},\"__slot__\":{\"options\":[{\"roleId\":\"032844a1f06890c0f689a7818ec6fbac\",\"roleName\":\"系统管理员\",\"roleDescription\":\"系统管理员\",\"roleOrder\":1,\"createTime\":\"2023-01-15T17:11:09\",\"updateTime\":\"2023-11-09T15:59:27\"},{\"roleId\":\"1c5da30bd1f387d036e438d19cebadec\",\"roleName\":\"222\",\"roleDescription\":\"222\",\"roleOrder\":1,\"createTime\":\"2024-10-12T17:59:52\",\"updateTime\":null},{\"roleId\":\"6c28e0351c57fce1f2e7b61a03a93992\",\"roleName\":\"测试测试\",\"roleDescription\":\"测试测试测试测试测试测试测试测试测试测试测试测试测试测试测试测试测试测试测试测试测试测试测试测试测试测试测试测试测试测试测试测试测试测试\",\"roleOrder\":1,\"createTime\":\"2023-01-15T17:11:26\",\"updateTime\":null},{\"roleId\":\"54eaea4ee678e9fa5c600e9be57626b9\",\"roleName\":\"注册用户\",\"roleDescription\":\"注意：注册用户在后台写死的角色，若删除可能导致注册功能报错\",\"roleOrder\":100,\"createTime\":\"2024-05-27T14:05:44\",\"updateTime\":\"2024-05-27T14:08:03\"}]},\"style\":{},\"props\":{\"props\":{\"label\":\"roleName\",\"value\":\"roleId\"}},\"size\":\"medium\",\"disabled\":false,\"__vModel__\":\"field102\"},{\"__config__\":{\"formId\":13,\"label\":\"顺序\",\"isTableField\":true,\"fieldType\":\"int\",\"fieldLength\":11,\"pointLength\":0,\"isKey\":false,\"showLabel\":true,\"changeTag\":true,\"labelWidth\":null,\"tag\":\"el-input-number\",\"tagIcon\":\"number\",\"defaultValue\":0,\"span\":24,\"layout\":\"colFormItem\",\"required\":true,\"regList\":[],\"document\":\"https://element.eleme.cn/#/zh-CN/component/input-number\"},\"placeholder\":\"请输入\",\"min\":0,\"step\":1,\"step-strictly\":false,\"controls-position\":\"\",\"disabled\":false,\"__vModel__\":\"order_index\"},{\"__config__\":{\"label\":\"FileUpload\",\"isTableField\":false,\"childTableName\":\"a_table_files\",\"fieldType\":\"varchar\",\"fieldLength\":\"200\",\"pointLength\":\"0\",\"isKey\":false,\"tag\":\"file-upload\",\"tagIcon\":\"upload-file\",\"layout\":\"colFormItem\",\"defaultValue\":[],\"showLabel\":true,\"labelWidth\":null,\"required\":false,\"span\":24,\"regList\":[],\"changeTag\":true,\"document\":\"https://element.eleme.cn/#/zh-CN/component/upload\",\"formId\":122,\"renderKey\":\"1221742258843280\"},\"accept\":\"\",\"limitSize\":1024,\"limitCount\":0,\"multiple\":false,\"__vModel__\":\"field122\",\"acceptMulti\":[]},{\"__config__\":{\"label\":\"ImageUpload\",\"isTableField\":false,\"childTableName\":\"a_table_images\",\"fieldType\":\"varchar\",\"fieldLength\":\"200\",\"pointLength\":\"0\",\"isKey\":false,\"tag\":\"image-upload\",\"tagIcon\":\"upload-img2\",\"layout\":\"colFormItem\",\"defaultValue\":[],\"showLabel\":true,\"labelWidth\":null,\"required\":false,\"span\":24,\"regList\":[],\"changeTag\":true,\"document\":\"https://element.eleme.cn/#/zh-CN/component/upload\",\"formId\":121,\"renderKey\":\"1211742258842121\"},\"limitSize\":1024,\"limitCount\":0,\"multiple\":false,\"__vModel__\":\"field121\"},{\"__config__\":{\"label\":\"ImageOne\",\"isTableField\":true,\"childTableName\":\"\",\"fieldType\":\"varchar\",\"fieldLength\":200,\"pointLength\":0,\"isKey\":false,\"tag\":\"image-one\",\"tagIcon\":\"upload-img1\",\"layout\":\"colFormItem\",\"defaultValue\":\"\",\"showLabel\":true,\"labelWidth\":null,\"required\":false,\"span\":24,\"regList\":[],\"changeTag\":true,\"document\":\"https://element.eleme.cn/#/zh-CN/component/upload\",\"formId\":120,\"renderKey\":\"1201742258839291\"},\"limitSize\":1024,\"__vModel__\":\"field120\"},{\"__config__\":{\"label\":\"ImageAvatar\",\"isTableField\":true,\"childTableName\":\"\",\"fieldType\":\"varchar\",\"fieldLength\":200,\"pointLength\":0,\"isKey\":false,\"tag\":\"image-avatar\",\"tagIcon\":\"upload-avatar\",\"layout\":\"colFormItem\",\"defaultValue\":\"\",\"showLabel\":true,\"labelWidth\":null,\"required\":false,\"span\":24,\"regList\":[],\"changeTag\":true,\"document\":\"https://element.eleme.cn/#/zh-CN/component/upload\",\"formId\":119,\"renderKey\":\"1191742258837447\"},\"limitSize\":1024,\"__vModel__\":\"field119\"}],\"tableName\":\"a_table\",\"tableDecription\":\"表描述\",\"basePackage\":\"com.kg.module\",\"tablePackage\":\"atable\",\"viewPath\":\"/atable\",\"author\":\"ziro\",\"formRef\":\"dataForm\",\"formModel\":\"temp\",\"size\":\"medium\",\"labelPosition\":\"right\",\"labelWidth\":100,\"formRules\":\"rules\",\"gutter\":15,\"span\":24,\"formBtns\":true}', 'a_table', '表描述', 'com.kg.module', 'ziro', 'atable', '/atable', '1', 0, '2025-01-09 16:44:26', '2025-03-18 08:54:15');
INSERT INTO `z_form_generator` VALUES ('298ec79c-ce63-49c2-aadd-7f6da0c53ba6', 'lys我的表单', '{\"fields\":[{\"__config__\":{\"formId\":11,\"label\":\"主键\",\"isTableField\":true,\"fieldType\":\"varchar\",\"fieldLength\":36,\"pointLength\":0,\"isKey\":true,\"tag\":\"el-key\",\"required\":true,\"layout\":\"colFormItem\"},\"__slot__\":{\"prepend\":\"\",\"append\":\"\"},\"__vModel__\":\"id\"},{\"__config__\":{\"formId\":12,\"label\":\"手机号\",\"isTableField\":true,\"fieldType\":\"varchar\",\"fieldLength\":\"20\",\"pointLength\":\"0\",\"isKey\":false,\"labelWidth\":null,\"showLabel\":true,\"changeTag\":true,\"tag\":\"el-input\",\"tagIcon\":\"input\",\"required\":true,\"layout\":\"colFormItem\",\"span\":24,\"document\":\"https://element.eleme.cn/#/zh-CN/component/input\",\"regList\":[{\"pattern\":\"/^1(3|4|5|7|8|9)\\\\d{9}$/\",\"message\":\"手机号格式错误\"}]},\"__slot__\":{\"prepend\":\"\",\"append\":\"\"},\"__vModel__\":\"mobile\",\"placeholder\":\"请输入\",\"style\":{\"width\":\"100%\"},\"clearable\":true,\"prefix-icon\":\"el-icon-mobile\",\"suffix-icon\":\"\",\"maxlength\":11,\"show-word-limit\":true,\"readonly\":false,\"disabled\":false},{\"__config__\":{\"formId\":13,\"label\":\"顺序\",\"isTableField\":true,\"fieldType\":\"int\",\"fieldLength\":\"11\",\"pointLength\":\"0\",\"isKey\":false,\"showLabel\":true,\"changeTag\":true,\"labelWidth\":null,\"tag\":\"el-input-number\",\"tagIcon\":\"number\",\"defaultValue\":0,\"span\":24,\"layout\":\"colFormItem\",\"required\":true,\"regList\":[],\"document\":\"https://element.eleme.cn/#/zh-CN/component/input-number\"},\"placeholder\":\"请输入\",\"min\":0,\"step\":1,\"step-strictly\":false,\"controls-position\":\"\",\"disabled\":false,\"__vModel__\":\"order_index\"},{\"__config__\":{\"label\":\"时间范围\",\"isTableField\":true,\"fieldType\":\"varchar\",\"fieldLength\":20,\"pointLength\":0,\"isKey\":false,\"tag\":\"el-time-picker\",\"tagIcon\":\"time-range\",\"span\":24,\"showLabel\":true,\"labelWidth\":null,\"layout\":\"colFormItem\",\"defaultValue\":null,\"required\":false,\"regList\":[],\"changeTag\":true,\"document\":\"https://element.eleme.cn/#/zh-CN/component/time-picker\",\"formId\":111,\"renderKey\":\"1111736907792201\"},\"style\":{\"width\":\"100%\"},\"disabled\":false,\"clearable\":true,\"is-range\":true,\"range-separator\":\"至\",\"start-placeholder\":\"开始时间\",\"end-placeholder\":\"结束时间\",\"format\":\"HH:mm:ss\",\"value-format\":\"HH:mm:ss\",\"__vModel__\":\"field111\"},{\"__config__\":{\"label\":\"日期选择\",\"isTableField\":true,\"fieldType\":\"datetime\",\"fieldLength\":0,\"pointLength\":0,\"isKey\":false,\"tag\":\"el-date-picker\",\"tagIcon\":\"date\",\"defaultValue\":null,\"showLabel\":true,\"labelWidth\":null,\"span\":24,\"layout\":\"colFormItem\",\"required\":false,\"regList\":[],\"changeTag\":true,\"document\":\"https://element.eleme.cn/#/zh-CN/component/date-picker\",\"formId\":112,\"renderKey\":\"1121736907793768\"},\"placeholder\":\"请选择日期选择\",\"type\":\"date\",\"style\":{\"width\":\"100%\"},\"disabled\":false,\"clearable\":true,\"format\":\"yyyy-MM-dd\",\"value-format\":\"yyyy-MM-dd\",\"readonly\":false,\"__vModel__\":\"field112\"},{\"__config__\":{\"label\":\"级联选择\",\"isTableField\":true,\"fieldType\":\"varchar\",\"fieldLength\":50,\"pointLength\":0,\"isKey\":false,\"url\":\"/zorg/zOrganization/tree\",\"method\":\"get\",\"dataPath\":\"data\",\"dataConsumer\":\"options\",\"showLabel\":true,\"labelWidth\":null,\"tag\":\"el-cascader\",\"tagIcon\":\"cascader\",\"layout\":\"colFormItem\",\"defaultValue\":null,\"dataType\":\"dynamic\",\"span\":24,\"required\":false,\"regList\":[],\"changeTag\":true,\"document\":\"https://element.eleme.cn/#/zh-CN/component/cascader\",\"formId\":113,\"renderKey\":\"1131736907796384\"},\"options\":[{\"orgId\":\"6902be7cdd4549a2be9690f62879cb9a\",\"orgName\":\"总公司\",\"orgParentId\":\"-1\",\"orgPath\":\"6902be7cdd4549a2be9690f62879cb9a\",\"orgLevel\":1,\"remarks\":null,\"orderIndex\":0,\"createTime\":\"2023/01/13 17:27:05\",\"updateTime\":\"2023/01/13 17:30:59\",\"children\":[{\"orgId\":\"0929ebee12164914adbf5d39165798bc\",\"orgName\":\"市场营销中心\",\"orgParentId\":\"6902be7cdd4549a2be9690f62879cb9a\",\"orgPath\":\"6902be7cdd4549a2be9690f62879cb9a.0929ebee12164914adbf5d39165798bc\",\"orgLevel\":2,\"remarks\":null,\"orderIndex\":1,\"createTime\":\"2023/01/13 17:27:19\",\"updateTime\":\"2023/01/13 17:31:02\",\"children\":null},{\"orgId\":\"db4500fde6594c839a067b545c586a62\",\"orgName\":\"研发中心\",\"orgParentId\":\"6902be7cdd4549a2be9690f62879cb9a\",\"orgPath\":\"6902be7cdd4549a2be9690f62879cb9a.db4500fde6594c839a067b545c586a62\",\"orgLevel\":2,\"remarks\":null,\"orderIndex\":2,\"createTime\":\"2023/01/13 17:27:26\",\"updateTime\":\"2023/01/13 17:31:10\",\"children\":[{\"orgId\":\"89d7a42baefc495398185059a29281e2\",\"orgName\":\"研发一部\",\"orgParentId\":\"db4500fde6594c839a067b545c586a62\",\"orgPath\":\"6902be7cdd4549a2be9690f62879cb9a.db4500fde6594c839a067b545c586a62.89d7a42baefc495398185059a29281e2\",\"orgLevel\":3,\"remarks\":null,\"orderIndex\":1,\"createTime\":\"2023/01/13 17:27:57\",\"updateTime\":\"2023/11/09 17:12:42\",\"children\":null},{\"orgId\":\"d643674591dc4cada17b38c13905719a\",\"orgName\":\"研发二部\",\"orgParentId\":\"db4500fde6594c839a067b545c586a62\",\"orgPath\":\"6902be7cdd4549a2be9690f62879cb9a.db4500fde6594c839a067b545c586a62.d643674591dc4cada17b38c13905719a\",\"orgLevel\":3,\"remarks\":null,\"orderIndex\":2,\"createTime\":\"2023/01/13 17:28:06\",\"updateTime\":\"2023/01/14 09:57:01\",\"children\":null}]},{\"orgId\":\"ab2c7e756dac4043b732829eb77ddac5\",\"orgName\":\"产品中心\",\"orgParentId\":\"6902be7cdd4549a2be9690f62879cb9a\",\"orgPath\":\"6902be7cdd4549a2be9690f62879cb9a.ab2c7e756dac4043b732829eb77ddac5\",\"orgLevel\":2,\"remarks\":\"\",\"orderIndex\":3,\"createTime\":\"2023/01/13 17:27:33\",\"updateTime\":\"2023/01/14 09:57:05\",\"children\":null},{\"orgId\":\"b3c8cf55ef484b3fb4e0f1b5ed4a6b2c\",\"orgName\":\"行政中心\",\"orgParentId\":\"6902be7cdd4549a2be9690f62879cb9a\",\"orgPath\":\"6902be7cdd4549a2be9690f62879cb9a.b3c8cf55ef484b3fb4e0f1b5ed4a6b2c\",\"orgLevel\":2,\"remarks\":null,\"orderIndex\":4,\"createTime\":\"2023/01/13 17:27:41\",\"updateTime\":\"2023/01/14 09:57:09\",\"children\":null}]}],\"placeholder\":\"请选择级联选择\",\"style\":{\"width\":\"100%\"},\"props\":{\"props\":{\"multiple\":false,\"label\":\"orgName\",\"value\":\"orgId\",\"children\":\"children\"}},\"show-all-levels\":true,\"disabled\":false,\"clearable\":true,\"filterable\":false,\"separator\":\"/\",\"__vModel__\":\"field113\"}],\"tableName\":\"a_table\",\"tableDecription\":\"表描述\",\"basePackage\":\"com.kg.module\",\"tablePackage\":\"atable\",\"viewPath\":\"/atable\",\"author\":\"ziro\",\"formRef\":\"dataForm\",\"formModel\":\"temp\",\"size\":\"medium\",\"labelPosition\":\"right\",\"labelWidth\":100,\"formRules\":\"rules\",\"gutter\":15,\"span\":24,\"formBtns\":true}', 'a_table', '表描述', 'com.kg.module', 'ziro', 'atable', '/atable', '0', 4, '2025-01-15 10:23:33', '2025-01-15 10:29:15');
INSERT INTO `z_form_generator` VALUES ('393c303f-78ea-4577-b536-680e48f80d84', '我的表a_table', '{\"fields\":[{\"__config__\":{\"label\":\"主键\",\"isTableField\":true,\"fieldType\":\"varchar\",\"fieldLength\":36,\"pointLength\":0,\"isKey\":true,\"tag\":\"el-key\",\"tagIcon\":\"key\",\"required\":true,\"layout\":\"colFormItem\",\"formId\":101,\"renderKey\":\"1011701224188024\"},\"__slot__\":{\"prepend\":\"\",\"append\":\"\"},\"__vModel__\":\"id\"},{\"__config__\":{\"label\":\"手机号\",\"isTableField\":true,\"fieldType\":\"varchar\",\"fieldLength\":20,\"pointLength\":0,\"isKey\":false,\"labelWidth\":null,\"showLabel\":true,\"changeTag\":true,\"tag\":\"el-input\",\"tagIcon\":\"input\",\"required\":true,\"layout\":\"colFormItem\",\"span\":24,\"document\":\"https://element.eleme.cn/#/zh-CN/component/input\",\"regList\":[],\"formId\":102,\"renderKey\":\"1021701224188024\"},\"__slot__\":{\"prepend\":\"\",\"append\":\"\"},\"placeholder\":\"请输入\",\"style\":{\"width\":\"100%\"},\"clearable\":true,\"prefix-icon\":\"\",\"suffix-icon\":\"\",\"maxlength\":null,\"show-word-limit\":false,\"readonly\":false,\"disabled\":false,\"__vModel__\":\"mobile\"},{\"__config__\":{\"label\":\"顺序\",\"isTableField\":true,\"fieldType\":\"int\",\"fieldLength\":10,\"pointLength\":0,\"isKey\":false,\"showLabel\":true,\"changeTag\":true,\"labelWidth\":null,\"tag\":\"el-input-number\",\"tagIcon\":\"number\",\"defaultValue\":0,\"span\":24,\"layout\":\"colFormItem\",\"required\":true,\"regList\":[],\"document\":\"https://element.eleme.cn/#/zh-CN/component/input-number\",\"formId\":103,\"renderKey\":\"1031701224188024\"},\"placeholder\":\"\",\"step\":1,\"step-strictly\":false,\"controls-position\":\"\",\"disabled\":false,\"__vModel__\":\"order_index\"},{\"__config__\":{\"label\":\"测试单行文本\",\"isTableField\":true,\"fieldType\":\"varchar\",\"fieldLength\":200,\"pointLength\":0,\"isKey\":false,\"labelWidth\":null,\"showLabel\":true,\"changeTag\":true,\"tag\":\"el-input\",\"tagIcon\":\"input\",\"required\":false,\"layout\":\"colFormItem\",\"span\":24,\"document\":\"https://element.eleme.cn/#/zh-CN/component/input\",\"regList\":[],\"formId\":104,\"renderKey\":\"1041701224188024\"},\"__slot__\":{\"prepend\":\"\",\"append\":\"\"},\"placeholder\":\"请输入\",\"style\":{\"width\":\"100%\"},\"clearable\":true,\"prefix-icon\":\"\",\"suffix-icon\":\"\",\"maxlength\":null,\"show-word-limit\":false,\"readonly\":false,\"disabled\":false,\"__vModel__\":\"field116\"},{\"__config__\":{\"label\":\"添加时间\",\"isTableField\":true,\"fieldType\":\"datetime\",\"fieldLength\":0,\"pointLength\":0,\"isKey\":false,\"tag\":\"el-date-picker\",\"tagIcon\":\"date\",\"defaultValue\":null,\"showLabel\":true,\"labelWidth\":null,\"span\":24,\"layout\":\"colFormItem\",\"required\":false,\"regList\":[],\"changeTag\":true,\"document\":\"https://element.eleme.cn/#/zh-CN/component/date-picker\",\"formId\":105,\"renderKey\":\"1051701224188024\"},\"placeholder\":\"请选择\",\"type\":\"date\",\"style\":{\"width\":\"100%\"},\"disabled\":false,\"clearable\":true,\"format\":\"yyyy-MM-dd\",\"value-format\":\"yyyy-MM-dd\",\"readonly\":false,\"__vModel__\":\"create_time\"},{\"__config__\":{\"label\":\"修改时间\",\"isTableField\":true,\"fieldType\":\"datetime\",\"fieldLength\":0,\"pointLength\":0,\"isKey\":false,\"tag\":\"el-date-picker\",\"tagIcon\":\"date\",\"defaultValue\":null,\"showLabel\":true,\"labelWidth\":null,\"span\":24,\"layout\":\"colFormItem\",\"required\":false,\"regList\":[],\"changeTag\":true,\"document\":\"https://element.eleme.cn/#/zh-CN/component/date-picker\",\"formId\":106,\"renderKey\":\"1061701224188024\"},\"placeholder\":\"请选择\",\"type\":\"date\",\"style\":{\"width\":\"100%\"},\"disabled\":false,\"clearable\":true,\"format\":\"yyyy-MM-dd\",\"value-format\":\"yyyy-MM-dd\",\"readonly\":false,\"__vModel__\":\"update_time\"},{\"__config__\":{\"label\":\"测试decimal\",\"isTableField\":true,\"fieldType\":\"decimal\",\"fieldLength\":11,\"pointLength\":2,\"isKey\":false,\"labelWidth\":null,\"showLabel\":true,\"changeTag\":true,\"tag\":\"el-input\",\"tagIcon\":\"input\",\"required\":false,\"layout\":\"colFormItem\",\"span\":24,\"document\":\"https://element.eleme.cn/#/zh-CN/component/input\",\"regList\":[],\"formId\":107,\"renderKey\":\"1071701224188024\"},\"__slot__\":{\"prepend\":\"\",\"append\":\"\"},\"placeholder\":\"请输入\",\"style\":{\"width\":\"100%\"},\"clearable\":true,\"prefix-icon\":\"\",\"suffix-icon\":\"\",\"maxlength\":null,\"show-word-limit\":false,\"readonly\":false,\"disabled\":false,\"__vModel__\":\"a\"},{\"__config__\":{\"label\":\"测试富文本\",\"isTableField\":true,\"fieldType\":\"text\",\"fieldLength\":65535,\"pointLength\":0,\"isKey\":false,\"showLabel\":true,\"changeTag\":true,\"labelWidth\":null,\"tag\":\"my-wang-editor\",\"tagIcon\":\"rich-text\",\"defaultValue\":\"\",\"span\":24,\"layout\":\"colFormItem\",\"required\":false,\"regList\":[],\"document\":\"https://www.wangeditor.com/\",\"formId\":108,\"renderKey\":1701225593159},\"placeholder\":\"请输入\",\"height\":300,\"branding\":false,\"__vModel__\":\"b\"}],\"tableName\":\"a_table\",\"tableDecription\":\"我的表a_table\",\"basePackage\":\"com.kg.module\",\"tablePackage\":\"atable\",\"viewPath\":\"/atable\",\"author\":\"ziro\",\"formRef\":\"dataForm\",\"formModel\":\"temp\",\"size\":\"medium\",\"labelPosition\":\"right\",\"labelWidth\":100,\"formRules\":\"rules\",\"gutter\":15,\"span\":24,\"formBtns\":true}', 'a_table', '我的表a_table', 'com.kg.module', 'ziro', 'atable', '/atable', '0', 0, '2023-11-29 10:17:12', '2024-09-12 19:25:00');
INSERT INTO `z_form_generator` VALUES ('3e814e5a-71a8-485a-9e76-721d4b633aad', '测试新建表单1', '{\"fields\":[{\"__config__\":{\"formId\":11,\"label\":\"主键\",\"isTableField\":true,\"fieldType\":\"varchar\",\"fieldLength\":36,\"pointLength\":0,\"isKey\":true,\"tag\":\"el-key\",\"required\":true,\"layout\":\"colFormItem\"},\"__slot__\":{\"prepend\":\"\",\"append\":\"\"},\"__vModel__\":\"id\"},{\"__config__\":{\"label\":\"手机号\",\"isTableField\":true,\"fieldType\":\"varchar\",\"fieldLength\":20,\"pointLength\":0,\"isKey\":false,\"labelWidth\":null,\"showLabel\":true,\"changeTag\":true,\"tag\":\"el-input\",\"tagIcon\":\"input\",\"required\":true,\"layout\":\"colFormItem\",\"span\":24,\"document\":\"https://element.eleme.cn/#/zh-CN/component/input\",\"regList\":[],\"formId\":12,\"renderKey\":\"1081704852590783\"},\"__slot__\":{\"prepend\":\"\",\"append\":\"\"},\"placeholder\":\"请输入\",\"style\":{\"width\":\"100%\"},\"clearable\":true,\"prefix-icon\":\"\",\"suffix-icon\":\"\",\"maxlength\":null,\"show-word-limit\":false,\"readonly\":false,\"disabled\":false,\"__vModel__\":\"mobile\"},{\"__config__\":{\"formId\":13,\"label\":\"顺序\",\"isTableField\":true,\"fieldType\":\"int\",\"fieldLength\":11,\"pointLength\":0,\"isKey\":false,\"showLabel\":true,\"changeTag\":true,\"labelWidth\":null,\"tag\":\"el-input-number\",\"tagIcon\":\"number\",\"defaultValue\":0,\"span\":24,\"layout\":\"colFormItem\",\"required\":true,\"regList\":[],\"document\":\"https://element.eleme.cn/#/zh-CN/component/input-number\"},\"placeholder\":\"请输入\",\"min\":0,\"step\":1,\"step-strictly\":false,\"controls-position\":\"\",\"disabled\":false,\"__vModel__\":\"order_index\"},{\"__config__\":{\"label\":\"级联选择\",\"isTableField\":true,\"fieldType\":\"varchar\",\"fieldLength\":50,\"pointLength\":0,\"isKey\":false,\"url\":\"/zorg/zOrganization/tree\",\"method\":\"get\",\"dataPath\":\"data\",\"dataConsumer\":\"options\",\"showLabel\":true,\"labelWidth\":null,\"tag\":\"el-cascader\",\"tagIcon\":\"cascader\",\"layout\":\"colFormItem\",\"defaultValue\":null,\"dataType\":\"static\",\"span\":24,\"required\":false,\"regList\":[],\"changeTag\":true,\"document\":\"https://element.eleme.cn/#/zh-CN/component/cascader\",\"formId\":118,\"renderKey\":\"1181704868590206\"},\"options\":[{\"label\":\"22\",\"value\":2,\"id\":100,\"children\":[{\"label\":\"33\",\"value\":3,\"id\":101}]}],\"placeholder\":\"请选择级联选择\",\"style\":{\"width\":\"100%\"},\"props\":{\"props\":{\"multiple\":false,\"label\":\"roleName\",\"value\":\"roleId\",\"children\":\"children\"}},\"show-all-levels\":true,\"disabled\":false,\"clearable\":true,\"filterable\":false,\"separator\":\"/\",\"__vModel__\":\"field118\"},{\"__config__\":{\"label\":\"上传\",\"isTableField\":true,\"fieldType\":\"varchar\",\"fieldLength\":200,\"pointLength\":0,\"isKey\":false,\"tag\":\"el-upload\",\"tagIcon\":\"upload\",\"layout\":\"colFormItem\",\"defaultValue\":null,\"showLabel\":true,\"labelWidth\":null,\"required\":false,\"span\":24,\"showTip\":false,\"buttonText\":\"点击上传\",\"regList\":[],\"changeTag\":true,\"fileSize\":2,\"fileLimit\":1,\"sizeUnit\":\"MB\",\"document\":\"https://element.eleme.cn/#/zh-CN/component/upload\",\"formId\":117,\"renderKey\":\"1171704868353486\"},\"__slot__\":{\"list-type\":true},\"action\":\"/upload/files\",\"disabled\":false,\"accept\":\"\",\"name\":\"file\",\"auto-upload\":true,\"list-type\":\"text\",\"multiple\":false,\"__vModel__\":\"field117\",\"acceptMulti\":[]}],\"tableName\":\"a_table\",\"tableDecription\":\"表描述\",\"basePackage\":\"com.kg.module\",\"tablePackage\":\"atable\",\"viewPath\":\"/atable\",\"author\":\"ziro\",\"formRef\":\"dataForm\",\"formModel\":\"temp\",\"size\":\"medium\",\"labelPosition\":\"right\",\"labelWidth\":100,\"formRules\":\"rules\",\"gutter\":15,\"span\":24,\"formBtns\":true}', 'a_table', '表描述', 'com.kg.module', 'ziro', 'atable', '/atable', '0', 4, '2024-01-10 14:39:56', '2024-01-10 14:40:00');
INSERT INTO `z_form_generator` VALUES ('46ccc107-7b9d-4a60-8aa2-67a256f2a3f5', '新闻 - 常用表单demo', '{\"fields\":[{\"__config__\":{\"label\":\"级联选择\",\"isTableField\":true,\"fieldType\":\"varchar\",\"fieldLength\":50,\"pointLength\":0,\"isKey\":false,\"url\":\"/zorg/zOrganization/tree\",\"method\":\"get\",\"dataPath\":\"data\",\"dataConsumer\":\"options\",\"showLabel\":true,\"labelWidth\":null,\"tag\":\"el-cascader\",\"tagIcon\":\"cascader\",\"layout\":\"colFormItem\",\"defaultValue\":null,\"dataType\":\"dynamic\",\"span\":24,\"required\":false,\"regList\":[],\"changeTag\":true,\"document\":\"https://element.eleme.cn/#/zh-CN/component/cascader\",\"formId\":102,\"renderKey\":\"1021704950470517\"},\"options\":[{\"orgId\":\"6902be7cdd4549a2be9690f62879cb9a\",\"orgName\":\"总公司\",\"orgParentId\":\"-1\",\"orgPath\":\"6902be7cdd4549a2be9690f62879cb9a\",\"orgLevel\":1,\"remarks\":null,\"orderIndex\":0,\"createTime\":\"2023/01/13 17:27:05\",\"updateTime\":\"2023/01/13 17:30:59\",\"children\":[{\"orgId\":\"0929ebee12164914adbf5d39165798bc\",\"orgName\":\"市场营销中心\",\"orgParentId\":\"6902be7cdd4549a2be9690f62879cb9a\",\"orgPath\":\"6902be7cdd4549a2be9690f62879cb9a.0929ebee12164914adbf5d39165798bc\",\"orgLevel\":2,\"remarks\":null,\"orderIndex\":1,\"createTime\":\"2023/01/13 17:27:19\",\"updateTime\":\"2023/01/13 17:31:02\",\"children\":null},{\"orgId\":\"db4500fde6594c839a067b545c586a62\",\"orgName\":\"研发中心\",\"orgParentId\":\"6902be7cdd4549a2be9690f62879cb9a\",\"orgPath\":\"6902be7cdd4549a2be9690f62879cb9a.db4500fde6594c839a067b545c586a62\",\"orgLevel\":2,\"remarks\":null,\"orderIndex\":2,\"createTime\":\"2023/01/13 17:27:26\",\"updateTime\":\"2023/01/13 17:31:10\",\"children\":[{\"orgId\":\"89d7a42baefc495398185059a29281e2\",\"orgName\":\"研发一部\",\"orgParentId\":\"db4500fde6594c839a067b545c586a62\",\"orgPath\":\"6902be7cdd4549a2be9690f62879cb9a.db4500fde6594c839a067b545c586a62.89d7a42baefc495398185059a29281e2\",\"orgLevel\":3,\"remarks\":null,\"orderIndex\":1,\"createTime\":\"2023/01/13 17:27:57\",\"updateTime\":\"2023/11/09 17:12:42\",\"children\":null},{\"orgId\":\"d643674591dc4cada17b38c13905719a\",\"orgName\":\"研发二部\",\"orgParentId\":\"db4500fde6594c839a067b545c586a62\",\"orgPath\":\"6902be7cdd4549a2be9690f62879cb9a.db4500fde6594c839a067b545c586a62.d643674591dc4cada17b38c13905719a\",\"orgLevel\":3,\"remarks\":null,\"orderIndex\":2,\"createTime\":\"2023/01/13 17:28:06\",\"updateTime\":\"2023/01/14 09:57:01\",\"children\":null}]},{\"orgId\":\"ab2c7e756dac4043b732829eb77ddac5\",\"orgName\":\"产品中心\",\"orgParentId\":\"6902be7cdd4549a2be9690f62879cb9a\",\"orgPath\":\"6902be7cdd4549a2be9690f62879cb9a.ab2c7e756dac4043b732829eb77ddac5\",\"orgLevel\":2,\"remarks\":\"\",\"orderIndex\":3,\"createTime\":\"2023/01/13 17:27:33\",\"updateTime\":\"2023/01/14 09:57:05\",\"children\":null},{\"orgId\":\"b3c8cf55ef484b3fb4e0f1b5ed4a6b2c\",\"orgName\":\"行政中心\",\"orgParentId\":\"6902be7cdd4549a2be9690f62879cb9a\",\"orgPath\":\"6902be7cdd4549a2be9690f62879cb9a.b3c8cf55ef484b3fb4e0f1b5ed4a6b2c\",\"orgLevel\":2,\"remarks\":null,\"orderIndex\":4,\"createTime\":\"2023/01/13 17:27:41\",\"updateTime\":\"2023/01/14 09:57:09\",\"children\":null}]}],\"placeholder\":\"请选择级联选择\",\"style\":{\"width\":\"100%\"},\"props\":{\"props\":{\"multiple\":false,\"label\":\"orgName\",\"value\":\"orgId\",\"children\":\"children\"}},\"show-all-levels\":true,\"disabled\":false,\"clearable\":true,\"filterable\":false,\"separator\":\"/\",\"__vModel__\":\"field102\"},{\"__config__\":{\"label\":\"动态下拉\",\"isTableField\":true,\"fieldType\":\"varchar\",\"fieldLength\":50,\"pointLength\":0,\"isKey\":false,\"url\":\"/role/list\",\"method\":\"get\",\"dataPath\":\"data.records\",\"dictUrl\":\"/dictData/zDictData/listCache\",\"dictCode\":\"sys_user_sex\",\"dictDataPath\":\"data\",\"dataConsumer\":\"__slot__.options\",\"showLabel\":true,\"labelWidth\":null,\"tag\":\"el-select\",\"tagIcon\":\"select\",\"layout\":\"colFormItem\",\"defaultValue\":null,\"dataType\":\"dynamic\",\"span\":24,\"required\":false,\"regList\":[],\"changeTag\":true,\"document\":\"https://element.eleme.cn/#/zh-CN/component/select\",\"formId\":110,\"renderKey\":\"1101701415966581\"},\"__slot__\":{\"options\":[{\"roleId\":\"032844a1f06890c0f689a7818ec6fbac\",\"roleName\":\"系统管理员\",\"roleDescription\":\"系统管理员\",\"roleOrder\":1,\"createTime\":\"2023-01-15T17:11:09\",\"updateTime\":\"2023-11-09T15:59:27\"},{\"roleId\":\"6c28e0351c57fce1f2e7b61a03a93992\",\"roleName\":\"测试测试\",\"roleDescription\":\"测试测试测试测试测试测试测试测试测试测试测试测试测试测试测试测试测试测试测试测试测试测试测试测试测试测试测试测试测试测试测试测试测试测试\",\"roleOrder\":1,\"createTime\":\"2023-01-15T17:11:26\",\"updateTime\":null},{\"roleId\":\"8a4f9aea-5828-4570-bde8-da3b419207a6\",\"roleName\":\"测试测试-COPY\",\"roleDescription\":\"测试测试测试测试测试测试测试测试测试测试测试测试测试测试测试测试测试测试测试测试测试测试测试测试测试测试测试测试测试测试测试测试测试测试\",\"roleOrder\":1,\"createTime\":\"2023-01-15T17:11:26\",\"updateTime\":null}]},\"placeholder\":\"请选择动态下拉\",\"style\":{\"width\":\"100%\"},\"props\":{\"props\":{\"label\":\"roleName\",\"value\":\"roleId\"}},\"disabled\":false,\"clearable\":true,\"filterable\":false,\"multiple\":false,\"__vModel__\":\"field110\"},{\"__config__\":{\"label\":\"静态下拉\",\"isTableField\":true,\"fieldType\":\"varchar\",\"fieldLength\":50,\"pointLength\":0,\"isKey\":false,\"url\":\"/role/list\",\"method\":\"get\",\"dataPath\":\"data.records\",\"dictUrl\":\"/dictData/zDictData/listCache\",\"dictCode\":\"sys_user_sex\",\"dictDataPath\":\"data\",\"dataConsumer\":\"__slot__.options\",\"showLabel\":true,\"labelWidth\":null,\"tag\":\"el-select\",\"tagIcon\":\"select\",\"layout\":\"colFormItem\",\"defaultValue\":null,\"dataType\":\"static\",\"span\":24,\"required\":false,\"regList\":[],\"changeTag\":true,\"document\":\"https://element.eleme.cn/#/zh-CN/component/select\",\"formId\":111,\"renderKey\":\"1111701416001923\"},\"__slot__\":{\"options\":[{\"label\":\"a\",\"value\":\"a\"},{\"label\":\"b\",\"value\":\"b\"}]},\"placeholder\":\"请选择静态下拉\",\"style\":{\"width\":\"100%\"},\"props\":{\"props\":{\"label\":\"roleName\",\"value\":\"roleId\"}},\"disabled\":false,\"clearable\":true,\"filterable\":false,\"multiple\":false,\"__vModel__\":\"field111\"},{\"__config__\":{\"label\":\"字典下拉\",\"isTableField\":true,\"fieldType\":\"varchar\",\"fieldLength\":50,\"pointLength\":0,\"isKey\":false,\"url\":\"/role/list\",\"method\":\"get\",\"dataPath\":\"data.records\",\"dictUrl\":\"/dictData/zDictData/listCache\",\"dictCode\":\"sys_user_sex\",\"dictDataPath\":\"data\",\"dataConsumer\":\"__slot__.options\",\"showLabel\":true,\"labelWidth\":null,\"tag\":\"el-select\",\"tagIcon\":\"select\",\"layout\":\"colFormItem\",\"defaultValue\":null,\"dataType\":\"dict\",\"span\":24,\"required\":false,\"regList\":[],\"changeTag\":true,\"document\":\"https://element.eleme.cn/#/zh-CN/component/select\",\"formId\":112,\"renderKey\":\"1121701416007347\"},\"__slot__\":{\"options\":[{\"dictId\":\"5e251de7-61c4-4e36-9fd4-0116397ff7f5\",\"typeCode\":\"sys_user_sex\",\"dictLabel\":\"女\",\"dictValue\":\"1\",\"status\":\"1\",\"orderIndex\":1,\"createTime\":\"2023/06/03 16:59:33\",\"updateTime\":null},{\"dictId\":\"685beef5-a3cd-409b-bdd3-2495ff1ab955\",\"typeCode\":\"sys_user_sex\",\"dictLabel\":\"男\",\"dictValue\":\"2\",\"status\":\"1\",\"orderIndex\":2,\"createTime\":\"2023/06/03 16:59:25\",\"updateTime\":\"2023/06/03 16:59:55\"},{\"dictId\":\"6d62297a-f3d7-42a4-acc1-f93e825c2b3f\",\"typeCode\":\"sys_user_sex\",\"dictLabel\":\"未知\",\"dictValue\":\"0\",\"status\":\"1\",\"orderIndex\":0,\"createTime\":\"2023/06/03 16:59:48\",\"updateTime\":\"2023/06/03 17:12:41\"}]},\"placeholder\":\"请选择字典下拉\",\"style\":{\"width\":\"100%\"},\"props\":{\"props\":{\"label\":\"dictLabel\",\"value\":\"dictValue\"}},\"disabled\":false,\"clearable\":true,\"filterable\":false,\"multiple\":false,\"__vModel__\":\"field112\"},{\"__config__\":{\"label\":\"新闻id\",\"isTableField\":true,\"fieldType\":\"varchar\",\"fieldLength\":36,\"pointLength\":0,\"isKey\":true,\"tag\":\"el-key\",\"tagIcon\":\"key\",\"required\":true,\"layout\":\"colFormItem\",\"formId\":109,\"renderKey\":\"1091701228563789\"},\"__slot__\":{\"prepend\":\"\",\"append\":\"\"},\"__vModel__\":\"news_id\"},{\"__config__\":{\"label\":\"新闻标题\",\"isTableField\":true,\"fieldType\":\"varchar\",\"fieldLength\":60,\"pointLength\":0,\"isKey\":false,\"labelWidth\":null,\"showLabel\":true,\"changeTag\":true,\"tag\":\"el-input\",\"tagIcon\":\"input\",\"required\":true,\"layout\":\"colFormItem\",\"span\":24,\"document\":\"https://element.eleme.cn/#/zh-CN/component/input\",\"regList\":[],\"formId\":110,\"renderKey\":\"1101701228563789\"},\"__slot__\":{\"prepend\":\"\",\"append\":\"\"},\"placeholder\":\"请输入\",\"style\":{\"width\":\"100%\"},\"clearable\":true,\"prefix-icon\":\"\",\"suffix-icon\":\"\",\"maxlength\":null,\"show-word-limit\":false,\"readonly\":false,\"disabled\":false,\"__vModel__\":\"news_title\"},{\"__config__\":{\"label\":\"新闻内容\",\"isTableField\":true,\"fieldType\":\"longtext\",\"fieldLength\":0,\"pointLength\":0,\"isKey\":false,\"showLabel\":true,\"changeTag\":true,\"labelWidth\":null,\"tag\":\"my-wang-editor\",\"tagIcon\":\"rich-text\",\"defaultValue\":\"\",\"span\":24,\"layout\":\"colFormItem\",\"required\":true,\"regList\":[],\"document\":\"https://www.wangeditor.com/\",\"formId\":111,\"renderKey\":1701415567215},\"placeholder\":\"请输入\",\"height\":200,\"__vModel__\":\"news_content\"},{\"__config__\":{\"label\":\"顺序\",\"isTableField\":true,\"fieldType\":\"int\",\"fieldLength\":10,\"pointLength\":0,\"isKey\":false,\"showLabel\":true,\"changeTag\":true,\"labelWidth\":null,\"tag\":\"el-input-number\",\"tagIcon\":\"number\",\"defaultValue\":0,\"span\":24,\"layout\":\"colFormItem\",\"required\":false,\"regList\":[],\"document\":\"https://element.eleme.cn/#/zh-CN/component/input-number\",\"formId\":112,\"renderKey\":\"1121701228563789\"},\"placeholder\":\"\",\"step\":1,\"step-strictly\":false,\"controls-position\":\"\",\"disabled\":false,\"__vModel__\":\"order_index\"}],\"tableName\":\"a_test\",\"tableDecription\":\"新闻 - 常用表单demo\",\"basePackage\":\"com.kg.module\",\"tablePackage\":\"atest\",\"viewPath\":\"/atest\",\"author\":\"ziro\",\"formRef\":\"dataForm\",\"formModel\":\"temp\",\"size\":\"medium\",\"labelPosition\":\"right\",\"labelWidth\":100,\"formRules\":\"rules\",\"gutter\":15,\"span\":24,\"formBtns\":true}', 'a_test', '新闻 - 常用表单demo', 'com.kg.module', 'ziro', 'atest', '/atest', '1', 0, '2023-11-29 11:29:44', '2024-08-01 10:55:53');
INSERT INTO `z_form_generator` VALUES ('772e4173-277e-4bf0-8c02-cecaa76f1cfd', '我的表单demo', '{\"fields\":[{\"__config__\":{\"label\":\"新闻id\",\"isTableField\":true,\"fieldType\":\"varchar\",\"fieldLength\":36,\"pointLength\":0,\"isKey\":true,\"tag\":\"el-key\",\"tagIcon\":\"key\",\"required\":true,\"layout\":\"colFormItem\",\"formId\":101,\"renderKey\":\"1011704684110838\"},\"__slot__\":{\"prepend\":\"\",\"append\":\"\"},\"__vModel__\":\"news_id\"},{\"__config__\":{\"label\":\"新闻标题\",\"isTableField\":true,\"fieldType\":\"varchar\",\"fieldLength\":60,\"pointLength\":0,\"isKey\":false,\"labelWidth\":null,\"showLabel\":true,\"changeTag\":true,\"tag\":\"el-input\",\"tagIcon\":\"input\",\"required\":false,\"layout\":\"colFormItem\",\"span\":24,\"document\":\"https://element.eleme.cn/#/zh-CN/component/input\",\"regList\":[],\"formId\":102,\"renderKey\":\"1021704684110838\"},\"__slot__\":{\"prepend\":\"\",\"append\":\"\"},\"placeholder\":\"请输入\",\"style\":{\"width\":\"100%\"},\"clearable\":true,\"prefix-icon\":\"\",\"suffix-icon\":\"\",\"maxlength\":null,\"show-word-limit\":false,\"readonly\":false,\"disabled\":false,\"__vModel__\":\"news_title\"},{\"__config__\":{\"label\":\"新闻内容\",\"isTableField\":true,\"fieldType\":\"longtext\",\"fieldLength\":0,\"pointLength\":0,\"isKey\":false,\"showLabel\":true,\"changeTag\":true,\"labelWidth\":null,\"tag\":\"my-wang-editor\",\"tagIcon\":\"rich-text\",\"defaultValue\":\"\",\"span\":24,\"layout\":\"colFormItem\",\"required\":false,\"regList\":[],\"document\":\"https://www.wangeditor.com/\",\"formId\":103,\"renderKey\":1704698105101},\"placeholder\":\"请输入\",\"height\":200,\"__vModel__\":\"news_content\"},{\"__config__\":{\"label\":\"顺序\",\"isTableField\":true,\"fieldType\":\"int\",\"fieldLength\":10,\"pointLength\":0,\"isKey\":false,\"showLabel\":true,\"changeTag\":true,\"labelWidth\":null,\"tag\":\"el-input-number\",\"tagIcon\":\"number\",\"defaultValue\":0,\"span\":24,\"layout\":\"colFormItem\",\"required\":false,\"regList\":[],\"document\":\"https://element.eleme.cn/#/zh-CN/component/input-number\",\"formId\":104,\"renderKey\":\"1041704684110838\"},\"placeholder\":\"\",\"step\":1,\"step-strictly\":false,\"controls-position\":\"\",\"disabled\":false,\"__vModel__\":\"order_index\"},{\"__config__\":{\"label\":\"添加时间\",\"isTableField\":true,\"fieldType\":\"datetime\",\"fieldLength\":0,\"pointLength\":0,\"isKey\":false,\"tag\":\"el-date-picker\",\"tagIcon\":\"date\",\"defaultValue\":null,\"showLabel\":true,\"labelWidth\":null,\"span\":24,\"layout\":\"colFormItem\",\"required\":false,\"regList\":[],\"changeTag\":true,\"document\":\"https://element.eleme.cn/#/zh-CN/component/date-picker\",\"formId\":105,\"renderKey\":\"1051704684110838\"},\"placeholder\":\"请选择\",\"type\":\"date\",\"style\":{\"width\":\"100%\"},\"disabled\":false,\"clearable\":true,\"format\":\"yyyy-MM-dd\",\"value-format\":\"yyyy-MM-dd\",\"readonly\":false,\"__vModel__\":\"create_time\"},{\"__config__\":{\"label\":\"修改时间\",\"isTableField\":true,\"fieldType\":\"datetime\",\"fieldLength\":0,\"pointLength\":0,\"isKey\":false,\"tag\":\"el-date-picker\",\"tagIcon\":\"date\",\"defaultValue\":null,\"showLabel\":true,\"labelWidth\":null,\"span\":24,\"layout\":\"colFormItem\",\"required\":false,\"regList\":[],\"changeTag\":true,\"document\":\"https://element.eleme.cn/#/zh-CN/component/date-picker\",\"formId\":106,\"renderKey\":\"1061704684110838\"},\"placeholder\":\"请选择\",\"type\":\"date\",\"style\":{\"width\":\"100%\"},\"disabled\":false,\"clearable\":true,\"format\":\"yyyy-MM-dd\",\"value-format\":\"yyyy-MM-dd\",\"readonly\":false,\"__vModel__\":\"update_time\"}],\"tableName\":\"demo_news\",\"tableDecription\":\"新闻 - 常用表单demo\",\"basePackage\":\"com.kg.module\",\"tablePackage\":\"demonews\",\"viewPath\":\"/demonews\",\"author\":\"ziro\",\"formRef\":\"dataForm\",\"formModel\":\"temp\",\"size\":\"medium\",\"labelPosition\":\"right\",\"labelWidth\":100,\"formRules\":\"rules\",\"gutter\":15,\"span\":24,\"formBtns\":true}', 'demo_news', '新闻 - 常用表单demo', 'com.kg.module', 'ziro', 'demonews', '/demonews', '1', 0, '2024-01-08 15:22:05', '2024-01-08 16:49:09');
INSERT INTO `z_form_generator` VALUES ('a9ae0dc4-13db-445c-980d-0ae1430cbae9', '新闻 - 常用表单demo-test', '{\"fields\":[{\"__config__\":{\"label\":\"新闻id\",\"isTableField\":true,\"fieldType\":\"varchar\",\"fieldLength\":36,\"pointLength\":0,\"isKey\":true,\"tag\":\"el-key\",\"tagIcon\":\"key\",\"required\":true,\"layout\":\"colFormItem\",\"formId\":101,\"renderKey\":\"1011703746801638\"},\"__slot__\":{\"prepend\":\"\",\"append\":\"\"},\"__vModel__\":\"news_id\"},{\"__config__\":{\"label\":\"新闻标题\",\"isTableField\":true,\"fieldType\":\"varchar\",\"fieldLength\":60,\"pointLength\":0,\"isKey\":false,\"labelWidth\":null,\"showLabel\":true,\"changeTag\":true,\"tag\":\"el-input\",\"tagIcon\":\"input\",\"required\":false,\"layout\":\"colFormItem\",\"span\":24,\"document\":\"https://element.eleme.cn/#/zh-CN/component/input\",\"regList\":[],\"formId\":102,\"renderKey\":\"1021703746801638\"},\"__slot__\":{\"prepend\":\"\",\"append\":\"\"},\"placeholder\":\"请输入\",\"style\":{\"width\":\"100%\"},\"clearable\":true,\"prefix-icon\":\"\",\"suffix-icon\":\"\",\"maxlength\":null,\"show-word-limit\":false,\"readonly\":false,\"disabled\":false,\"__vModel__\":\"news_title\"},{\"__config__\":{\"label\":\"新闻内容\",\"isTableField\":true,\"fieldType\":\"longtext\",\"fieldLength\":0,\"pointLength\":0,\"isKey\":false,\"showLabel\":true,\"changeTag\":true,\"labelWidth\":null,\"tag\":\"my-wang-editor\",\"tagIcon\":\"rich-text\",\"defaultValue\":\"\",\"span\":24,\"layout\":\"colFormItem\",\"required\":false,\"regList\":[],\"document\":\"https://www.wangeditor.com/\",\"formId\":103,\"renderKey\":1703747474363},\"placeholder\":\"请输入\",\"height\":200,\"__vModel__\":\"news_content\"},{\"__config__\":{\"label\":\"上传\",\"isTableField\":false,\"fieldType\":\"varchar\",\"fieldLength\":200,\"pointLength\":0,\"isKey\":false,\"tag\":\"el-upload\",\"tagIcon\":\"upload\",\"layout\":\"colFormItem\",\"defaultValue\":null,\"showLabel\":true,\"labelWidth\":null,\"required\":false,\"span\":24,\"showTip\":false,\"buttonText\":\"点击上传\",\"regList\":[],\"changeTag\":true,\"fileSize\":2,\"fileLimit\":0,\"sizeUnit\":\"MB\",\"document\":\"https://element.eleme.cn/#/zh-CN/component/upload\",\"formId\":111,\"renderKey\":\"1111703747083157\",\"childTableName\":\"demo_news_file\"},\"__slot__\":{\"list-type\":true},\"action\":\"/upload/files\",\"disabled\":false,\"accept\":\"\",\"name\":\"file\",\"auto-upload\":true,\"list-type\":\"picture-card\",\"multiple\":false,\"__vModel__\":\"field111\",\"acceptMulti\":[]},{\"__config__\":{\"label\":\"顺序\",\"isTableField\":true,\"fieldType\":\"int\",\"fieldLength\":10,\"pointLength\":0,\"isKey\":false,\"showLabel\":true,\"changeTag\":true,\"labelWidth\":null,\"tag\":\"el-input-number\",\"tagIcon\":\"number\",\"defaultValue\":0,\"span\":24,\"layout\":\"colFormItem\",\"required\":false,\"regList\":[],\"document\":\"https://element.eleme.cn/#/zh-CN/component/input-number\",\"formId\":104,\"renderKey\":\"1041703746801638\"},\"placeholder\":\"\",\"step\":1,\"step-strictly\":false,\"controls-position\":\"\",\"disabled\":false,\"__vModel__\":\"order_index\"}],\"tableName\":\"demo_news\",\"tableDecription\":\"新闻 - 常用表单demo\",\"basePackage\":\"com.kg.module\",\"tablePackage\":\"demonews\",\"viewPath\":\"/demonews\",\"author\":\"ziro\",\"formRef\":\"dataForm\",\"formModel\":\"temp\",\"size\":\"medium\",\"labelPosition\":\"right\",\"labelWidth\":100,\"formRules\":\"rules\",\"gutter\":15,\"span\":24,\"formBtns\":true}', 'demo_news', '新闻 - 常用表单demo', 'com.kg.module', 'ziro', 'demonews', '/demonews', '1', 0, '2023-12-28 15:00:26', '2023-12-28 15:12:32');
INSERT INTO `z_form_generator` VALUES ('ed63e3fa-c039-462c-9369-9b1ba5aea037', 'tttt', '{\"fields\":[{\"__config__\":{\"formId\":11,\"label\":\"主键\",\"isTableField\":true,\"fieldType\":\"varchar\",\"fieldLength\":36,\"pointLength\":0,\"isKey\":true,\"tag\":\"el-key\",\"required\":true,\"layout\":\"colFormItem\"},\"__slot__\":{\"prepend\":\"\",\"append\":\"\"},\"__vModel__\":\"id\"},{\"__config__\":{\"formId\":12,\"label\":\"手机号\",\"isTableField\":true,\"fieldType\":\"varchar\",\"fieldLength\":\"20\",\"pointLength\":\"0\",\"isKey\":false,\"labelWidth\":null,\"showLabel\":true,\"changeTag\":true,\"tag\":\"el-input\",\"tagIcon\":\"input\",\"required\":true,\"layout\":\"colFormItem\",\"span\":24,\"document\":\"https://element.eleme.cn/#/zh-CN/component/input\",\"regList\":[{\"pattern\":\"/^1(3|4|5|7|8|9)\\\\d{9}$/\",\"message\":\"手机号格式错误\"}]},\"__slot__\":{\"prepend\":\"\",\"append\":\"\"},\"__vModel__\":\"mobile\",\"placeholder\":\"请输入\",\"style\":{\"width\":\"100%\"},\"clearable\":true,\"prefix-icon\":\"el-icon-mobile\",\"suffix-icon\":\"\",\"maxlength\":11,\"show-word-limit\":true,\"readonly\":false,\"disabled\":false},{\"__config__\":{\"formId\":13,\"label\":\"顺序\",\"isTableField\":true,\"fieldType\":\"int\",\"fieldLength\":\"11\",\"pointLength\":\"0\",\"isKey\":false,\"showLabel\":true,\"changeTag\":true,\"labelWidth\":null,\"tag\":\"el-input-number\",\"tagIcon\":\"number\",\"defaultValue\":0,\"span\":24,\"layout\":\"colFormItem\",\"required\":true,\"regList\":[],\"document\":\"https://element.eleme.cn/#/zh-CN/component/input-number\"},\"placeholder\":\"请输入\",\"min\":0,\"step\":1,\"step-strictly\":false,\"controls-position\":\"\",\"disabled\":false,\"__vModel__\":\"order_index\"},{\"__config__\":{\"label\":\"级联选择\",\"isTableField\":true,\"fieldType\":\"varchar\",\"fieldLength\":50,\"pointLength\":0,\"isKey\":false,\"url\":\"/zorg/zOrganization/tree\",\"method\":\"get\",\"dataPath\":\"data\",\"dataConsumer\":\"options\",\"showLabel\":true,\"labelWidth\":null,\"tag\":\"el-cascader\",\"tagIcon\":\"cascader\",\"layout\":\"colFormItem\",\"defaultValue\":null,\"dataType\":\"dynamic\",\"span\":24,\"required\":false,\"regList\":[],\"changeTag\":true,\"document\":\"https://element.eleme.cn/#/zh-CN/component/cascader\",\"formId\":107,\"renderKey\":\"1071736907741902\"},\"options\":[{\"orgId\":\"6902be7cdd4549a2be9690f62879cb9a\",\"orgName\":\"总公司\",\"orgParentId\":\"-1\",\"orgPath\":\"6902be7cdd4549a2be9690f62879cb9a\",\"orgLevel\":1,\"remarks\":null,\"orderIndex\":0,\"createTime\":\"2023/01/13 17:27:05\",\"updateTime\":\"2023/01/13 17:30:59\",\"children\":[{\"orgId\":\"0929ebee12164914adbf5d39165798bc\",\"orgName\":\"市场营销中心\",\"orgParentId\":\"6902be7cdd4549a2be9690f62879cb9a\",\"orgPath\":\"6902be7cdd4549a2be9690f62879cb9a.0929ebee12164914adbf5d39165798bc\",\"orgLevel\":2,\"remarks\":null,\"orderIndex\":1,\"createTime\":\"2023/01/13 17:27:19\",\"updateTime\":\"2023/01/13 17:31:02\",\"children\":null},{\"orgId\":\"db4500fde6594c839a067b545c586a62\",\"orgName\":\"研发中心\",\"orgParentId\":\"6902be7cdd4549a2be9690f62879cb9a\",\"orgPath\":\"6902be7cdd4549a2be9690f62879cb9a.db4500fde6594c839a067b545c586a62\",\"orgLevel\":2,\"remarks\":null,\"orderIndex\":2,\"createTime\":\"2023/01/13 17:27:26\",\"updateTime\":\"2023/01/13 17:31:10\",\"children\":[{\"orgId\":\"89d7a42baefc495398185059a29281e2\",\"orgName\":\"研发一部\",\"orgParentId\":\"db4500fde6594c839a067b545c586a62\",\"orgPath\":\"6902be7cdd4549a2be9690f62879cb9a.db4500fde6594c839a067b545c586a62.89d7a42baefc495398185059a29281e2\",\"orgLevel\":3,\"remarks\":null,\"orderIndex\":1,\"createTime\":\"2023/01/13 17:27:57\",\"updateTime\":\"2023/11/09 17:12:42\",\"children\":null},{\"orgId\":\"d643674591dc4cada17b38c13905719a\",\"orgName\":\"研发二部\",\"orgParentId\":\"db4500fde6594c839a067b545c586a62\",\"orgPath\":\"6902be7cdd4549a2be9690f62879cb9a.db4500fde6594c839a067b545c586a62.d643674591dc4cada17b38c13905719a\",\"orgLevel\":3,\"remarks\":null,\"orderIndex\":2,\"createTime\":\"2023/01/13 17:28:06\",\"updateTime\":\"2023/01/14 09:57:01\",\"children\":null}]},{\"orgId\":\"ab2c7e756dac4043b732829eb77ddac5\",\"orgName\":\"产品中心\",\"orgParentId\":\"6902be7cdd4549a2be9690f62879cb9a\",\"orgPath\":\"6902be7cdd4549a2be9690f62879cb9a.ab2c7e756dac4043b732829eb77ddac5\",\"orgLevel\":2,\"remarks\":\"\",\"orderIndex\":3,\"createTime\":\"2023/01/13 17:27:33\",\"updateTime\":\"2023/01/14 09:57:05\",\"children\":null},{\"orgId\":\"b3c8cf55ef484b3fb4e0f1b5ed4a6b2c\",\"orgName\":\"行政中心\",\"orgParentId\":\"6902be7cdd4549a2be9690f62879cb9a\",\"orgPath\":\"6902be7cdd4549a2be9690f62879cb9a.b3c8cf55ef484b3fb4e0f1b5ed4a6b2c\",\"orgLevel\":2,\"remarks\":null,\"orderIndex\":4,\"createTime\":\"2023/01/13 17:27:41\",\"updateTime\":\"2023/01/14 09:57:09\",\"children\":null}]}],\"placeholder\":\"请选择级联选择\",\"style\":{\"width\":\"100%\"},\"props\":{\"props\":{\"multiple\":false,\"label\":\"orgName\",\"value\":\"orgId\",\"children\":\"children\"}},\"show-all-levels\":true,\"disabled\":false,\"clearable\":true,\"filterable\":false,\"separator\":\"/\",\"__vModel__\":\"field107\"},{\"__config__\":{\"label\":\"按钮\",\"isTableField\":false,\"showLabel\":true,\"changeTag\":true,\"labelWidth\":null,\"tag\":\"el-button\",\"tagIcon\":\"button\",\"span\":24,\"layout\":\"colFormItem\",\"document\":\"https://element.eleme.cn/#/zh-CN/component/button\",\"formId\":108,\"renderKey\":\"1081736907742768\"},\"__slot__\":{\"default\":\"主要按钮\"},\"type\":\"primary\",\"icon\":\"el-icon-search\",\"round\":false,\"size\":\"medium\",\"plain\":false,\"circle\":false,\"disabled\":false,\"__vModel__\":\"field108\"},{\"__config__\":{\"label\":\"日期范围\",\"isTableField\":true,\"fieldType\":\"varchar\",\"fieldLength\":50,\"pointLength\":0,\"isKey\":false,\"tag\":\"el-date-picker\",\"tagIcon\":\"date-range\",\"defaultValue\":null,\"span\":24,\"showLabel\":true,\"labelWidth\":null,\"required\":false,\"layout\":\"colFormItem\",\"regList\":[],\"changeTag\":true,\"document\":\"https://element.eleme.cn/#/zh-CN/component/date-picker\",\"formId\":109,\"renderKey\":\"1091736907744285\"},\"style\":{\"width\":\"100%\"},\"type\":\"daterange\",\"range-separator\":\"至\",\"start-placeholder\":\"开始日期\",\"end-placeholder\":\"结束日期\",\"disabled\":false,\"clearable\":true,\"format\":\"yyyy-MM-dd\",\"value-format\":\"yyyy-MM-dd\",\"readonly\":false,\"__vModel__\":\"field109\"},{\"__config__\":{\"label\":\"多选框组\",\"isTableField\":true,\"fieldType\":\"varchar\",\"fieldLength\":255,\"pointLength\":0,\"isKey\":false,\"url\":\"/role/list\",\"method\":\"get\",\"dataPath\":\"data.records\",\"dictUrl\":\"/dictData/zDictData/listCache\",\"dictCode\":\"sys_user_sex\",\"dictDataPath\":\"data\",\"dataConsumer\":\"__slot__.options\",\"showLabel\":true,\"labelWidth\":null,\"tag\":\"el-checkbox-group\",\"tagIcon\":\"checkbox\",\"layout\":\"colFormItem\",\"defaultValue\":[],\"dataType\":\"dynamic\",\"span\":24,\"optionType\":\"default\",\"required\":false,\"regList\":[],\"changeTag\":true,\"border\":false,\"document\":\"https://element.eleme.cn/#/zh-CN/component/checkbox\",\"formId\":110,\"renderKey\":\"1101736907745868\"},\"__slot__\":{\"options\":[{\"roleId\":\"032844a1f06890c0f689a7818ec6fbac\",\"roleName\":\"系统管理员\",\"roleDescription\":\"系统管理员\",\"roleOrder\":1,\"createTime\":\"2023-01-15T17:11:09\",\"updateTime\":\"2023-11-09T15:59:27\"},{\"roleId\":\"1c5da30bd1f387d036e438d19cebadec\",\"roleName\":\"222\",\"roleDescription\":\"222\",\"roleOrder\":1,\"createTime\":\"2024-10-12T17:59:52\",\"updateTime\":null},{\"roleId\":\"6c28e0351c57fce1f2e7b61a03a93992\",\"roleName\":\"测试测试\",\"roleDescription\":\"测试测试测试测试测试测试测试测试测试测试测试测试测试测试测试测试测试测试测试测试测试测试测试测试测试测试测试测试测试测试测试测试测试测试\",\"roleOrder\":1,\"createTime\":\"2023-01-15T17:11:26\",\"updateTime\":null},{\"roleId\":\"54eaea4ee678e9fa5c600e9be57626b9\",\"roleName\":\"注册用户\",\"roleDescription\":\"注意：注册用户在后台写死的角色，若删除可能导致注册功能报错\",\"roleOrder\":100,\"createTime\":\"2024-05-27T14:05:44\",\"updateTime\":\"2024-05-27T14:08:03\"}]},\"style\":{},\"props\":{\"props\":{\"label\":\"roleName\",\"value\":\"roleId\"}},\"size\":\"medium\",\"disabled\":false,\"__vModel__\":\"field110\"}],\"tableName\":\"a_table\",\"tableDecription\":\"表描述\",\"basePackage\":\"com.kg.module\",\"tablePackage\":\"atable\",\"viewPath\":\"/atable\",\"author\":\"ziro\",\"formRef\":\"dataForm\",\"formModel\":\"temp\",\"size\":\"medium\",\"labelPosition\":\"right\",\"labelWidth\":100,\"formRules\":\"rules\",\"gutter\":15,\"span\":24,\"formBtns\":true}', 'a_table', '表描述', 'com.kg.module', 'ziro', 'atable', '/atable', '0', 0, '2025-01-15 10:22:31', NULL);

-- ----------------------------
-- Table structure for z_message
-- ----------------------------
DROP TABLE IF EXISTS `z_message`;
CREATE TABLE `z_message`  (
  `msg_id` varchar(36) CHARACTER SET utf8mb4 COLLATE utf8mb4_general_ci NOT NULL COMMENT '消息中心id',
  `msg_title` varchar(200) CHARACTER SET utf8mb4 COLLATE utf8mb4_general_ci NOT NULL COMMENT '消息标题',
  `msg_content` varchar(1000) CHARACTER SET utf8mb4 COLLATE utf8mb4_general_ci NULL DEFAULT NULL COMMENT '消息内容',
  `msg_router` varchar(100) CHARACTER SET utf8mb4 COLLATE utf8mb4_general_ci NULL DEFAULT NULL COMMENT '跳转路由',
  `permission_name` varchar(50) CHARACTER SET utf8mb4 COLLATE utf8mb4_general_ci NULL DEFAULT NULL COMMENT '所属模块/菜单（可为空）',
  `join_id` varchar(36) CHARACTER SET utf8mb4 COLLATE utf8mb4_general_ci NULL DEFAULT NULL COMMENT '关联id(在模块内标记已读可用)',
  `create_time` datetime(0) NOT NULL COMMENT '消息创建时间',
  PRIMARY KEY (`msg_id`) USING BTREE
) ENGINE = InnoDB CHARACTER SET = utf8mb4 COLLATE = utf8mb4_general_ci COMMENT = '消息中心' ROW_FORMAT = Dynamic;

-- ----------------------------
-- Records of z_message
-- ----------------------------
INSERT INTO `z_message` VALUES ('4326f8c8-ea01-4be7-9fa1-9cf141098af4', '发表了新闻《new》', '发表了新闻《new》', '/demo/news', 'news-news', '5aad851d-ee8b-4c79-9a16-5253a4cd8284', '2025-01-13 10:08:11');
INSERT INTO `z_message` VALUES ('e3b101d8-cfd1-46d4-9bff-168292f4df35', '发表了新闻《kkk》', '发表了新闻《kkk》', '/demo/news', 'news-news', 'ba16ef92-8f17-4812-8df1-d20246851290', '2024-07-05 16:29:43');
INSERT INTO `z_message` VALUES ('ff41cffb-8930-4020-9f2f-140d97f01774', '发表了新闻《ddd》', '发表了新闻《ddd》', '/demo/news', 'news-news', '1dd06f1e-07dc-40e0-82fb-5b5229927c7b', '2024-07-05 16:30:03');

-- ----------------------------
-- Table structure for z_message_to
-- ----------------------------
DROP TABLE IF EXISTS `z_message_to`;
CREATE TABLE `z_message_to`  (
  `to_id` varchar(36) CHARACTER SET utf8mb4 COLLATE utf8mb4_general_ci NOT NULL COMMENT '消息发送至ID',
  `msg_id` varchar(36) CHARACTER SET utf8mb4 COLLATE utf8mb4_general_ci NOT NULL COMMENT '消息ID',
  `to_user_id` varchar(36) CHARACTER SET utf8mb4 COLLATE utf8mb4_general_ci NOT NULL COMMENT '收信用户ID',
  `send_user_id` varchar(36) CHARACTER SET utf8mb4 COLLATE utf8mb4_general_ci NOT NULL COMMENT '发信用户ID',
  `msg_status` char(1) CHARACTER SET utf8mb4 COLLATE utf8mb4_general_ci NOT NULL COMMENT '消息状态（0未读1已读）',
  `read_time` datetime(0) NULL DEFAULT NULL COMMENT '已读时间',
  `create_time` datetime(0) NOT NULL COMMENT '创建时间',
  PRIMARY KEY (`to_id`) USING BTREE
) ENGINE = InnoDB CHARACTER SET = utf8mb4 COLLATE = utf8mb4_general_ci COMMENT = '消息发送至' ROW_FORMAT = Dynamic;

-- ----------------------------
-- Records of z_message_to
-- ----------------------------
INSERT INTO `z_message_to` VALUES ('5e05dbb0-e159-488d-b7db-e4bba5b4acf7', 'e3b101d8-cfd1-46d4-9bff-168292f4df35', '1', '1', '1', '2024-09-09 22:27:00', '2024-07-05 16:29:43');
INSERT INTO `z_message_to` VALUES ('763be5cd-b732-45f9-8b71-de0a8b040b14', 'ff41cffb-8930-4020-9f2f-140d97f01774', '11', '1', '0', NULL, '2024-07-05 16:30:03');
INSERT INTO `z_message_to` VALUES ('81c47e7a-a7aa-418d-bfff-6f58d406508e', 'ff41cffb-8930-4020-9f2f-140d97f01774', '1', '1', '1', '2024-09-09 22:27:00', '2024-07-05 16:30:03');
INSERT INTO `z_message_to` VALUES ('965767b5-8453-4cd3-82da-5fe5b806106b', '4326f8c8-ea01-4be7-9fa1-9cf141098af4', '1', '1', '0', NULL, '2025-01-13 10:08:11');

-- ----------------------------
-- Table structure for z_operate_log
-- ----------------------------
DROP TABLE IF EXISTS `z_operate_log`;
CREATE TABLE `z_operate_log`  (
  `log_id` varchar(36) CHARACTER SET utf8mb4 COLLATE utf8mb4_general_ci NOT NULL COMMENT '操作日志id',
  `user_id` varchar(36) CHARACTER SET utf8mb4 COLLATE utf8mb4_general_ci NULL DEFAULT NULL COMMENT '用户id',
  `user_name` varchar(36) CHARACTER SET utf8mb4 COLLATE utf8mb4_general_ci NULL DEFAULT NULL COMMENT '操作人用户名',
  `log_method` varchar(200) CHARACTER SET utf8mb4 COLLATE utf8mb4_general_ci NULL DEFAULT NULL COMMENT '执行方法名称',
  `log_msg` varchar(200) CHARACTER SET utf8mb4 COLLATE utf8mb4_general_ci NULL DEFAULT NULL COMMENT '执行方法描述',
  `content` varchar(8000) CHARACTER SET utf8mb4 COLLATE utf8mb4_general_ci NULL DEFAULT NULL COMMENT '操作内容',
  `action_url` varchar(200) CHARACTER SET utf8mb4 COLLATE utf8mb4_general_ci NULL DEFAULT NULL COMMENT '请求路径',
  `ip` varchar(50) CHARACTER SET utf8mb4 COLLATE utf8mb4_general_ci NULL DEFAULT NULL COMMENT 'IP地址',
  `create_time` datetime(0) NULL DEFAULT NULL COMMENT '操作时间',
  PRIMARY KEY (`log_id`) USING BTREE
) ENGINE = InnoDB CHARACTER SET = utf8mb4 COLLATE = utf8mb4_general_ci COMMENT = '操作日志表' ROW_FORMAT = Dynamic;

-- ----------------------------
-- Records of z_operate_log
-- ----------------------------
INSERT INTO `z_operate_log` VALUES ('003d83a0-c8d2-4e51-b41e-5aa5e53880db', 'a1711529-40bd-49d4-b276-1193588fedb0', 'test1', '/login/login', '用户登录成功', NULL, '/login/login', '58.57.95.202', '2025-03-08 15:23:25');
INSERT INTO `z_operate_log` VALUES ('005492c1-bab8-4522-b6da-35a71f252fdd', '1', 'admin', '/login/login', '用户登录成功', NULL, '/login/login', '127.0.0.1', '2024-12-19 08:53:26');
INSERT INTO `z_operate_log` VALUES ('0071eada-9a70-42c2-a5d3-bf74b125f521', '1', 'admin', '/login/login', '用户登录成功', NULL, '/login/login', '58.57.95.202', '2024-12-20 11:20:08');
INSERT INTO `z_operate_log` VALUES ('00bf359d-ef20-4020-8e08-f21fbd936faa', '1', 'admin', '/login/login', '用户登录成功', NULL, '/login/login', '58.57.95.202', '2025-02-22 14:30:29');
INSERT INTO `z_operate_log` VALUES ('00eb8b10-47ed-4a63-a9b6-d747ec2e9bbc', '1', 'admin', '/login/login', '用户登录成功', NULL, '/login/login', '127.0.0.1', '2024-12-19 08:54:51');
INSERT INTO `z_operate_log` VALUES ('0233b1ba-5796-4601-a711-c012ca4d159b', '1', 'admin', '/login/login', '用户登录成功', NULL, '/login/login', '119.161.171.56', '2024-12-13 14:40:49');
INSERT INTO `z_operate_log` VALUES ('029838d9-f691-4f73-9bac-078710b68dc7', '1', 'admin', '/login/login', '用户登录成功', NULL, '/login/login', '58.57.95.202', '2025-02-22 10:22:55');
INSERT INTO `z_operate_log` VALUES ('03047dc1-14ba-429a-9e5a-52cd23e15f0f', '1', 'admin', '/login/login', '用户登录成功', NULL, '/login/login', '112.224.176.93', '2025-01-17 17:39:27');
INSERT INTO `z_operate_log` VALUES ('033a5f0f-b283-422c-82fb-e18f9ebf7468', '1', 'admin', '/generator/zFormGenerator/update', '修改-代码生成器表单', '{\"body\":\"[{\\\"formId\\\":\\\"27a68e65-d9d9-40a5-8dca-08b945b8bc96\\\",\\\"formName\\\":\\\"222222\\\",\\\"formJson\\\":\\\"{\\\\\\\"fields\\\\\\\":[{\\\\\\\"__config__\\\\\\\":{\\\\\\\"formId\\\\\\\":11,\\\\\\\"label\\\\\\\":\\\\\\\"主键\\\\\\\",\\\\\\\"isTableField\\\\\\\":true,\\\\\\\"fieldType\\\\\\\":\\\\\\\"varchar\\\\\\\",\\\\\\\"fieldLength\\\\\\\":36,\\\\\\\"pointLength\\\\\\\":0,\\\\\\\"isKey\\\\\\\":true,\\\\\\\"tag\\\\\\\":\\\\\\\"el-key\\\\\\\",\\\\\\\"required\\\\\\\":true,\\\\\\\"layout\\\\\\\":\\\\\\\"colFormItem\\\\\\\"},\\\\\\\"__slot__\\\\\\\":{\\\\\\\"prepend\\\\\\\":\\\\\\\"\\\\\\\",\\\\\\\"append\\\\\\\":\\\\\\\"\\\\\\\"},\\\\\\\"__vModel__\\\\\\\":\\\\\\\"id\\\\\\\"},{\\\\\\\"__config__\\\\\\\":{\\\\\\\"formId\\\\\\\":12,\\\\\\\"label\\\\\\\":\\\\\\\"手机号\\\\\\\",\\\\\\\"isTableField\\\\\\\":true,\\\\\\\"fieldType\\\\\\\":\\\\\\\"varchar\\\\\\\",\\\\\\\"fieldLength\\\\\\\":20,\\\\\\\"pointLength\\\\\\\":0,\\\\\\\"isKey\\\\\\\":false,\\\\\\\"labelWidth\\\\\\\":null,\\\\\\\"showLabel\\\\\\\":true,\\\\\\\"changeTag\\\\\\\":true,\\\\\\\"tag\\\\\\\":\\\\\\\"el-input\\\\\\\",\\\\\\\"tagIcon\\\\\\\":\\\\\\\"input\\\\\\\",\\\\\\\"required\\\\\\\":true,\\\\\\\"layout\\\\\\\":\\\\\\\"colFormItem\\\\\\\",\\\\\\\"span\\\\\\\":24,\\\\\\\"document\\\\\\\":\\\\\\\"https://element.eleme.cn/#/zh-CN/component/input\\\\\\\",\\\\\\\"regList\\\\\\\":[{\\\\\\\"pattern\\\\\\\":\\\\\\\"/^1(3|4|5|7|8|9)\\\\\\\\\\\\\\\\d{9}$/\\\\\\\",\\\\\\\"message\\\\\\\":\\\\\\\"手机号格式错误\\\\\\\"}]},\\\\\\\"__slot__\\\\\\\":{\\\\\\\"prepend\\\\\\\":\\\\\\\"\\\\\\\",\\\\\\\"append\\\\\\\":\\\\\\\"\\\\\\\"},\\\\\\\"__vModel__\\\\\\\":\\\\\\\"mobile\\\\\\\",\\\\\\\"placeholder\\\\\\\":\\\\\\\"请输入\\\\\\\",\\\\\\\"style\\\\\\\":{\\\\\\\"width\\\\\\\":\\\\\\\"100%\\\\\\\"},\\\\\\\"clearable\\\\\\\":true,\\\\\\\"prefix-icon\\\\\\\":\\\\\\\"el-icon-mobile\\\\\\\",\\\\\\\"suffix-icon\\\\\\\":\\\\\\\"\\\\\\\",\\\\\\\"maxlength\\\\\\\":11,\\\\\\\"show-word-limit\\\\\\\":true,\\\\\\\"readonly\\\\\\\":false,\\\\\\\"disabled\\\\\\\":false},{\\\\\\\"__config__\\\\\\\":{\\\\\\\"label\\\\\\\":\\\\\\\"级联选择\\\\\\\",\\\\\\\"isTableField\\\\\\\":true,\\\\\\\"fieldType\\\\\\\":\\\\\\\"varchar\\\\\\\",\\\\\\\"fieldLength\\\\\\\":50,\\\\\\\"pointLength\\\\\\\":0,\\\\\\\"isKey\\\\\\\":false,\\\\\\\"url\\\\\\\":\\\\\\\"/zorg/zOrganization/tree\\\\\\\",\\\\\\\"method\\\\\\\":\\\\\\\"get\\\\\\\",\\\\\\\"dataPath\\\\\\\":\\\\\\\"data\\\\\\\",\\\\\\\"dataConsumer\\\\\\\":\\\\\\\"options\\\\\\\",\\\\\\\"showLabel\\\\\\\":true,\\\\\\\"labelWidth\\\\\\\":null,\\\\\\\"tag\\\\\\\":\\\\\\\"el-cascader\\\\\\\",\\\\\\\"tagIcon\\\\\\\":\\\\\\\"cascader\\\\\\\",\\\\\\\"layout\\\\\\\":\\\\\\\"colFormItem\\\\\\\",\\\\\\\"defaultValue\\\\\\\":null,\\\\\\\"dataType\\\\\\\":\\\\\\\"static\\\\\\\",\\\\\\\"span\\\\\\\":24,\\\\\\\"required\\\\\\\":false,\\\\\\\"regList\\\\\\\":[],\\\\\\\"changeTag\\\\\\\":true,\\\\\\\"document\\\\\\\":\\\\\\\"https://element.eleme.cn/#/zh-CN/component/cascader\\\\\\\",\\\\\\\"formId\\\\\\\":101,\\\\\\\"renderKey\\\\\\\":\\\\\\\"1011736412209265\\\\\\\"},\\\\\\\"options\\\\\\\":[],\\\\\\\"placeholder\\\\\\\":\\\\\\\"请选择级联选择\\\\\\\",\\\\\\\"style\\\\\\\":{\\\\\\\"width\\\\\\\":\\\\\\\"100%\\\\\\\"},\\\\\\\"props\\\\\\\":{\\\\\\\"props\\\\\\\":{\\\\\\\"multiple\\\\\\\":false,\\\\\\\"label\\\\\\\":\\\\\\\"orgName\\\\\\\",\\\\\\\"value\\\\\\\":\\\\\\\"orgId\\\\\\\",\\\\\\\"children\\\\\\\":\\\\\\\"children\\\\\\\"}},\\\\\\\"show-all-levels\\\\\\\":true,\\\\\\\"disabled\\\\\\\":false,\\\\\\\"clearable\\\\\\\":true,\\\\\\\"filterable\\\\\\\":false,\\\\\\\"separator\\\\\\\":\\\\\\\"/\\\\\\\",\\\\\\\"__vModel__\\\\\\\":\\\\\\\"field101\\\\\\\"},{\\\\\\\"__config__\\\\\\\":{\\\\\\\"label\\\\\\\":\\\\\\\"多选框组\\\\\\\",\\\\\\\"isTableField\\\\\\\":true,\\\\\\\"fieldType\\\\\\\":\\\\\\\"varchar\\\\\\\",\\\\\\\"fieldLength\\\\\\\":255,\\\\\\\"pointLength\\\\\\\":0,\\\\\\\"isKey\\\\\\\":false,\\\\\\\"url\\\\\\\":\\\\\\\"/role/list\\\\\\\",\\\\\\\"method\\\\\\\":\\\\\\\"get\\\\\\\",\\\\\\\"dataPath\\\\\\\":\\\\\\\"data.records\\\\\\\",\\\\\\\"dictUrl\\\\\\\":\\\\\\\"/dictData/zDictData/listCache\\\\\\\",\\\\\\\"dictCode\\\\\\\":\\\\\\\"sys_user_sex\\\\\\\",\\\\\\\"dictDataPath\\\\\\\":\\\\\\\"data\\\\\\\",\\\\\\\"dataConsumer\\\\\\\":\\\\\\\"__slot__.options\\\\\\\",\\\\\\\"showLabel\\\\\\\":true,\\\\\\\"labelWidth\\\\\\\":null,\\\\\\\"tag\\\\\\\":\\\\\\\"el-checkbox-group\\\\\\\",\\\\\\\"tagIcon\\\\\\\":\\\\\\\"checkbox\\\\\\\",\\\\\\\"layout\\\\\\\":\\\\\\\"colFormItem\\\\\\\",\\\\\\\"defaultValue\\\\\\\":[],\\\\\\\"dataType\\\\\\\":\\\\\\\"dynamic\\\\\\\",\\\\\\\"span\\\\\\\":24,\\\\\\\"optionType\\\\\\\":\\\\\\\"default\\\\\\\",\\\\\\\"required\\\\\\\":false,\\\\\\\"regList\\\\\\\":[],\\\\\\\"changeTag\\\\\\\":true,\\\\\\\"border\\\\\\\":false,\\\\\\\"document\\\\\\\":\\\\\\\"https://element.eleme.cn/#/zh-CN/component/checkbox\\\\\\\",\\\\\\\"formId\\\\\\\":102,\\\\\\\"renderKey\\\\\\\":\\\\\\\"1021736412211049\\\\\\\"},\\\\\\\"__slot__\\\\\\\":{\\\\\\\"options\\\\\\\":[{\\\\\\\"roleId\\\\\\\":\\\\\\\"032844a1f06890c0f689a7818ec6fbac\\\\\\\",\\\\\\\"roleName\\\\\\\":\\\\\\\"系统管理员\\\\\\\",\\\\\\\"roleDescription\\\\\\\":\\\\\\\"系统管理员\\\\\\\",\\\\\\\"roleOrder\\\\\\\":1,\\\\\\\"createTime\\\\\\\":\\\\\\\"2023-01-15T17:11:09\\\\\\\",\\\\\\\"updateTime\\\\\\\":\\\\\\\"2023-11-09T15:59:27\\\\\\\"},{\\\\\\\"roleId\\\\\\\":\\\\\\\"1c5da30bd1f387d036e438d19cebadec\\\\\\\",\\\\\\\"roleName\\\\\\\":\\\\\\\"222\\\\\\\",\\\\\\\"roleDescription\\\\\\\":\\\\\\\"222\\\\\\\",\\\\\\\"roleOrder\\\\\\\":1,\\\\\\\"createTime\\\\\\\":\\\\\\\"2024-10-12T17:59:52\\\\\\\",\\\\\\\"updateTime\\\\\\\":null},{\\\\\\\"roleId\\\\\\\":\\\\\\\"6c28e0351c57fce1f2e7b61a03a93992\\\\\\\",\\\\\\\"roleName\\\\\\\":\\\\\\\"测试测试\\\\\\\",\\\\\\\"roleDescription\\\\\\\":\\\\\\\"测试测试测试测试测试测试测试测试测试测试测试测试测试测试测试测试测试测试测试测试测试测试测试测试测试测试测试测试测试测试测试测试测试测试\\\\\\\",\\\\\\\"roleOrder\\\\\\\":1,\\\\\\\"createTime\\\\\\\":\\\\\\\"2023-01-15T17:11:26\\\\\\\",\\\\\\\"updateTime\\\\\\\":null},{\\\\\\\"roleId\\\\\\\":\\\\\\\"54eaea4ee678e9fa5c600e9be57626b9\\\\\\\",\\\\\\\"roleName\\\\\\\":\\\\\\\"注册用户\\\\\\\",\\\\\\\"roleDescription\\\\\\\":\\\\\\\"注意：注册用户在后台写死的角色，若删除可能导致注册功能报错\\\\\\\",\\\\\\\"roleOrder\\\\\\\":100,\\\\\\\"createTime\\\\\\\":\\\\\\\"2024-05-27T14:05:44\\\\\\\",\\\\\\\"updateTime\\\\\\\":\\\\\\\"2024-05-27T14:08:03\\\\\\\"}]},\\\\\\\"style\\\\\\\":{},\\\\\\\"props\\\\\\\":{\\\\\\\"props\\\\\\\":{\\\\\\\"label\\\\\\\":\\\\\\\"roleName\\\\\\\",\\\\\\\"value\\\\\\\":\\\\\\\"roleId\\\\\\\"}},\\\\\\\"size\\\\\\\":\\\\\\\"medium\\\\\\\",\\\\\\\"disabled\\\\\\\":false,\\\\\\\"__vModel__\\\\\\\":\\\\\\\"field102\\\\\\\"},{\\\\\\\"__config__\\\\\\\":{\\\\\\\"formId\\\\\\\":13,\\\\\\\"label\\\\\\\":\\\\\\\"顺序\\\\\\\",\\\\\\\"isTableField\\\\\\\":true,\\\\\\\"fieldType\\\\\\\":\\\\\\\"int\\\\\\\",\\\\\\\"fieldLength\\\\\\\":11,\\\\\\\"pointLength\\\\\\\":0,\\\\\\\"isKey\\\\\\\":false,\\\\\\\"showLabel\\\\\\\":true,\\\\\\\"changeTag\\\\\\\":true,\\\\\\\"labelWidth\\\\\\\":null,\\\\\\\"tag\\\\\\\":\\\\\\\"el-input-number\\\\\\\",\\\\\\\"tagIcon\\\\\\\":\\\\\\\"number\\\\\\\",\\\\\\\"defaultValue\\\\\\\":0,\\\\\\\"span\\\\\\\":24,\\\\\\\"layout\\\\\\\":\\\\\\\"colFormItem\\\\\\\",\\\\\\\"required\\\\\\\":true,\\\\\\\"regList\\\\\\\":[],\\\\\\\"document\\\\\\\":\\\\\\\"https://element.eleme.cn/#/zh-CN/component/input-number\\\\\\\"},\\\\\\\"placeholder\\\\\\\":\\\\\\\"请输入\\\\\\\",\\\\\\\"min\\\\\\\":0,\\\\\\\"step\\\\\\\":1,\\\\\\\"step-strictly\\\\\\\":false,\\\\\\\"controls-position\\\\\\\":\\\\\\\"\\\\\\\",\\\\\\\"disabled\\\\\\\":false,\\\\\\\"__vModel__\\\\\\\":\\\\\\\"order_index\\\\\\\"}],\\\\\\\"tableName\\\\\\\":\\\\\\\"a_table\\\\\\\",\\\\\\\"tableDecription\\\\\\\":\\\\\\\"表描述\\\\\\\",\\\\\\\"basePackage\\\\\\\":\\\\\\\"com.kg.module\\\\\\\",\\\\\\\"tablePackage\\\\\\\":\\\\\\\"atable\\\\\\\",\\\\\\\"viewPath\\\\\\\":\\\\\\\"/atable\\\\\\\",\\\\\\\"author\\\\\\\":\\\\\\\"ziro\\\\\\\",\\\\\\\"formRef\\\\\\\":\\\\\\\"dataForm\\\\\\\",\\\\\\\"formModel\\\\\\\":\\\\\\\"temp\\\\\\\",\\\\\\\"size\\\\\\\":\\\\\\\"medium\\\\\\\",\\\\\\\"labelPosition\\\\\\\":\\\\\\\"right\\\\\\\",\\\\\\\"labelWidth\\\\\\\":100,\\\\\\\"formRules\\\\\\\":\\\\\\\"rules\\\\\\\",\\\\\\\"gutter\\\\\\\":15,\\\\\\\"span\\\\\\\":24,\\\\\\\"formBtns\\\\\\\":true}\\\",\\\"tableName\\\":\\\"a_table\\\",\\\"tableDecription\\\":\\\"表描述\\\",\\\"basePackage\\\":\\\"com.kg.module\\\",\\\"author\\\":\\\"ziro\\\",\\\"tablePackage\\\":\\\"atable\\\",\\\"viewPath\\\":\\\"/atable\\\",\\\"status\\\":\\\"1\\\",\\\"orderIndex\\\":0,\\\"createTime\\\":1736412266000,\\\"updateTime\\\":1742202489000}]\",\"params\":\"{}\"}', '/dashuserver/generator/zFormGenerator/update', '127.0.0.1', '2025-03-18 08:07:41');
INSERT INTO `z_operate_log` VALUES ('03bdc9be-64b6-4b23-b3d8-2dd7cea766cf', '1', 'admin', '/login/login', '用户登录成功', NULL, '/login/login', '58.57.95.202', '2025-01-20 11:28:31');
INSERT INTO `z_operate_log` VALUES ('0415d1f0-8d8d-4663-acf1-13e67f2d13ac', '1', 'admin', '/login/login', '用户登录成功', NULL, '/login/login', '59.174.148.197', '2025-02-07 14:22:31');
INSERT INTO `z_operate_log` VALUES ('0435c576-a96f-4ab1-bed1-4929f16a3665', '1', 'admin', '/login/login', '用户登录成功', NULL, '/login/login', '127.0.0.1', '2024-12-27 09:44:24');
INSERT INTO `z_operate_log` VALUES ('0439cef4-0daa-4ac6-8b5b-7c5eb6b5f8ca', '1', 'admin', '/login/login', '用户登录成功', NULL, '/login/login', '58.57.95.202', '2025-03-08 15:23:40');
INSERT INTO `z_operate_log` VALUES ('04a63361-b0bd-44fb-936f-fbf3653b5e88', '1', 'dashuadmin', '/user/edit/password', '修改用户密码', '{\"body\":\"[{\\\"userId\\\":\\\"\\\",\\\"password\\\":\\\"qwer@123\\\",\\\"isDefaultPassword\\\":true}]\",\"params\":\"{}\"}', '/dashuserver/user/edit/password', '58.57.95.202', '2025-04-25 07:52:48');
INSERT INTO `z_operate_log` VALUES ('0542f9e0-7a44-4d62-8c77-6655dcda4edf', '1', 'admin', '/user/edit/password', '修改用户密码', '{\"body\":\"[{\\\"oldPassword\\\":\\\"123\\\",\\\"password\\\":\\\"123\\\",\\\"isDefaultPassword\\\":false}]\",\"params\":\"{}\"}', '/dashuserver/user/edit/password', '58.57.95.202', '2024-12-20 13:46:02');
INSERT INTO `z_operate_log` VALUES ('056b71ad-5dce-4b95-8e06-fcab53f95a14', '1', 'admin', '/login/login', '用户登录成功', NULL, '/login/login', '58.57.95.202', '2025-02-07 14:37:59');
INSERT INTO `z_operate_log` VALUES ('075f0368-519d-47d0-902f-d13cffe0bbed', '1', 'admin', '/user/edit/password', '修改用户密码', '{\"body\":\"[{\\\"oldPassword\\\":\\\"123\\\",\\\"password\\\":\\\"123\\\",\\\"isDefaultPassword\\\":false}]\",\"params\":\"{}\"}', '/dashuserver/user/edit/password', '58.57.95.202', '2024-12-20 13:45:21');
INSERT INTO `z_operate_log` VALUES ('07c4c4a1-5e80-4262-9ba0-bbf7e9556ce7', 'a1711529-40bd-49d4-b276-1193588fedb0', 'test1', '/login/login', '用户登录成功', NULL, '/login/login', '58.57.95.202', '2025-04-25 07:54:40');
INSERT INTO `z_operate_log` VALUES ('07e42cb1-7a70-4355-b31f-1a8b099fbd77', '1', 'admin', '/user/reset/password', '重置密码', '{\"body\":\"[[\\\"0c9653f3-b4c6-485e-a8bf-510d0e31978e\\\",\\\"cd475eb1-1a07-4909-a725-75b244bd7ecf\\\",\\\"77008e01-ada6-4abb-8d25-6479d571de1a\\\",\\\"a1711529-40bd-49d4-b276-1193588fedb0\\\",\\\"b7433e5d-07e0-48a8-bc90-559f18f5ab76\\\",\\\"593a09b3-7ddd-452a-9d0e-a8143f8a6012\\\",\\\"54eb616a-741f-4302-9bb8-360c4346ac69\\\",\\\"e02e709c-1dba-4c9f-9606-45ca749a7d06\\\",\\\"e71ffa9e-9aad-401f-9f0f-c1d697afbf54\\\",\\\"dddbfc33-f66d-4a50-8747-e48abfc52ccb\\\"]]\",\"params\":\"{}\"}', '/dashuserver/user/reset/password', '39.174.248.46', '2024-12-31 14:53:07');
INSERT INTO `z_operate_log` VALUES ('081e32f6-e84b-49bc-9728-e968d9effca1', '1', 'admin', '/login/login', '用户登录成功', NULL, '/login/login', '58.57.95.202', '2025-02-19 09:30:51');
INSERT INTO `z_operate_log` VALUES ('0928400b-8ee4-4906-99e1-d7409731c849', '1', 'admin', '/login/login', '用户登录成功', NULL, '/login/login', '58.57.95.202', '2025-01-13 09:59:10');
INSERT INTO `z_operate_log` VALUES ('09f727fd-8be3-493f-839a-07574339ae86', 'a1711529-40bd-49d4-b276-1193588fedb0', 'test1', '/login/login', '用户登录成功', NULL, '/login/login', '58.57.95.202', '2025-01-20 11:27:32');
INSERT INTO `z_operate_log` VALUES ('0ab84cf9-e8fe-4459-9411-131fa0ed99f0', '1', 'dashuadmin', '/login/login', '用户登录成功', NULL, '/login/login', '180.164.24.207', '2025-04-25 09:49:30');
INSERT INTO `z_operate_log` VALUES ('0ad423bc-1fb4-4576-ac38-5960ad8d8f4e', '1', 'admin', '/generator/zFormGenerator/update', '修改-代码生成器表单', '{\"body\":\"[{\\\"formId\\\":\\\"27a68e65-d9d9-40a5-8dca-08b945b8bc96\\\",\\\"formName\\\":\\\"222222\\\",\\\"formJson\\\":\\\"{\\\\\\\"fields\\\\\\\":[{\\\\\\\"__config__\\\\\\\":{\\\\\\\"formId\\\\\\\":11,\\\\\\\"label\\\\\\\":\\\\\\\"主键\\\\\\\",\\\\\\\"isTableField\\\\\\\":true,\\\\\\\"fieldType\\\\\\\":\\\\\\\"varchar\\\\\\\",\\\\\\\"fieldLength\\\\\\\":36,\\\\\\\"pointLength\\\\\\\":0,\\\\\\\"isKey\\\\\\\":true,\\\\\\\"tag\\\\\\\":\\\\\\\"el-key\\\\\\\",\\\\\\\"required\\\\\\\":true,\\\\\\\"layout\\\\\\\":\\\\\\\"colFormItem\\\\\\\"},\\\\\\\"__slot__\\\\\\\":{\\\\\\\"prepend\\\\\\\":\\\\\\\"\\\\\\\",\\\\\\\"append\\\\\\\":\\\\\\\"\\\\\\\"},\\\\\\\"__vModel__\\\\\\\":\\\\\\\"id\\\\\\\"},{\\\\\\\"__config__\\\\\\\":{\\\\\\\"formId\\\\\\\":12,\\\\\\\"label\\\\\\\":\\\\\\\"手机号\\\\\\\",\\\\\\\"isTableField\\\\\\\":true,\\\\\\\"fieldType\\\\\\\":\\\\\\\"varchar\\\\\\\",\\\\\\\"fieldLength\\\\\\\":20,\\\\\\\"pointLength\\\\\\\":0,\\\\\\\"isKey\\\\\\\":false,\\\\\\\"labelWidth\\\\\\\":null,\\\\\\\"showLabel\\\\\\\":true,\\\\\\\"changeTag\\\\\\\":true,\\\\\\\"tag\\\\\\\":\\\\\\\"el-input\\\\\\\",\\\\\\\"tagIcon\\\\\\\":\\\\\\\"input\\\\\\\",\\\\\\\"required\\\\\\\":true,\\\\\\\"layout\\\\\\\":\\\\\\\"colFormItem\\\\\\\",\\\\\\\"span\\\\\\\":24,\\\\\\\"document\\\\\\\":\\\\\\\"https://element.eleme.cn/#/zh-CN/component/input\\\\\\\",\\\\\\\"regList\\\\\\\":[{\\\\\\\"pattern\\\\\\\":\\\\\\\"/^1(3|4|5|7|8|9)\\\\\\\\\\\\\\\\d{9}$/\\\\\\\",\\\\\\\"message\\\\\\\":\\\\\\\"手机号格式错误\\\\\\\"}]},\\\\\\\"__slot__\\\\\\\":{\\\\\\\"prepend\\\\\\\":\\\\\\\"\\\\\\\",\\\\\\\"append\\\\\\\":\\\\\\\"\\\\\\\"},\\\\\\\"__vModel__\\\\\\\":\\\\\\\"mobile\\\\\\\",\\\\\\\"placeholder\\\\\\\":\\\\\\\"请输入\\\\\\\",\\\\\\\"style\\\\\\\":{\\\\\\\"width\\\\\\\":\\\\\\\"100%\\\\\\\"},\\\\\\\"clearable\\\\\\\":true,\\\\\\\"prefix-icon\\\\\\\":\\\\\\\"el-icon-mobile\\\\\\\",\\\\\\\"suffix-icon\\\\\\\":\\\\\\\"\\\\\\\",\\\\\\\"maxlength\\\\\\\":11,\\\\\\\"show-word-limit\\\\\\\":true,\\\\\\\"readonly\\\\\\\":false,\\\\\\\"disabled\\\\\\\":false},{\\\\\\\"__config__\\\\\\\":{\\\\\\\"label\\\\\\\":\\\\\\\"级联选择\\\\\\\",\\\\\\\"isTableField\\\\\\\":true,\\\\\\\"fieldType\\\\\\\":\\\\\\\"varchar\\\\\\\",\\\\\\\"fieldLength\\\\\\\":50,\\\\\\\"pointLength\\\\\\\":0,\\\\\\\"isKey\\\\\\\":false,\\\\\\\"url\\\\\\\":\\\\\\\"/zorg/zOrganization/tree\\\\\\\",\\\\\\\"method\\\\\\\":\\\\\\\"get\\\\\\\",\\\\\\\"dataPath\\\\\\\":\\\\\\\"data\\\\\\\",\\\\\\\"dataConsumer\\\\\\\":\\\\\\\"options\\\\\\\",\\\\\\\"showLabel\\\\\\\":true,\\\\\\\"labelWidth\\\\\\\":null,\\\\\\\"tag\\\\\\\":\\\\\\\"el-cascader\\\\\\\",\\\\\\\"tagIcon\\\\\\\":\\\\\\\"cascader\\\\\\\",\\\\\\\"layout\\\\\\\":\\\\\\\"colFormItem\\\\\\\",\\\\\\\"defaultValue\\\\\\\":null,\\\\\\\"dataType\\\\\\\":\\\\\\\"static\\\\\\\",\\\\\\\"span\\\\\\\":24,\\\\\\\"required\\\\\\\":false,\\\\\\\"regList\\\\\\\":[],\\\\\\\"changeTag\\\\\\\":true,\\\\\\\"document\\\\\\\":\\\\\\\"https://element.eleme.cn/#/zh-CN/component/cascader\\\\\\\",\\\\\\\"formId\\\\\\\":101,\\\\\\\"renderKey\\\\\\\":\\\\\\\"1011736412209265\\\\\\\"},\\\\\\\"options\\\\\\\":[],\\\\\\\"placeholder\\\\\\\":\\\\\\\"请选择级联选择\\\\\\\",\\\\\\\"style\\\\\\\":{\\\\\\\"width\\\\\\\":\\\\\\\"100%\\\\\\\"},\\\\\\\"props\\\\\\\":{\\\\\\\"props\\\\\\\":{\\\\\\\"multiple\\\\\\\":false,\\\\\\\"label\\\\\\\":\\\\\\\"orgName\\\\\\\",\\\\\\\"value\\\\\\\":\\\\\\\"orgId\\\\\\\",\\\\\\\"children\\\\\\\":\\\\\\\"children\\\\\\\"}},\\\\\\\"show-all-levels\\\\\\\":true,\\\\\\\"disabled\\\\\\\":false,\\\\\\\"clearable\\\\\\\":true,\\\\\\\"filterable\\\\\\\":false,\\\\\\\"separator\\\\\\\":\\\\\\\"/\\\\\\\",\\\\\\\"__vModel__\\\\\\\":\\\\\\\"field101\\\\\\\"},{\\\\\\\"__config__\\\\\\\":{\\\\\\\"label\\\\\\\":\\\\\\\"多选框组\\\\\\\",\\\\\\\"isTableField\\\\\\\":true,\\\\\\\"fieldType\\\\\\\":\\\\\\\"varchar\\\\\\\",\\\\\\\"fieldLength\\\\\\\":255,\\\\\\\"pointLength\\\\\\\":0,\\\\\\\"isKey\\\\\\\":false,\\\\\\\"url\\\\\\\":\\\\\\\"/role/list\\\\\\\",\\\\\\\"method\\\\\\\":\\\\\\\"get\\\\\\\",\\\\\\\"dataPath\\\\\\\":\\\\\\\"data.records\\\\\\\",\\\\\\\"dictUrl\\\\\\\":\\\\\\\"/dictData/zDictData/listCache\\\\\\\",\\\\\\\"dictCode\\\\\\\":\\\\\\\"sys_user_sex\\\\\\\",\\\\\\\"dictDataPath\\\\\\\":\\\\\\\"data\\\\\\\",\\\\\\\"dataConsumer\\\\\\\":\\\\\\\"__slot__.options\\\\\\\",\\\\\\\"showLabel\\\\\\\":true,\\\\\\\"labelWidth\\\\\\\":null,\\\\\\\"tag\\\\\\\":\\\\\\\"el-checkbox-group\\\\\\\",\\\\\\\"tagIcon\\\\\\\":\\\\\\\"checkbox\\\\\\\",\\\\\\\"layout\\\\\\\":\\\\\\\"colFormItem\\\\\\\",\\\\\\\"defaultValue\\\\\\\":[],\\\\\\\"dataType\\\\\\\":\\\\\\\"dynamic\\\\\\\",\\\\\\\"span\\\\\\\":24,\\\\\\\"optionType\\\\\\\":\\\\\\\"default\\\\\\\",\\\\\\\"required\\\\\\\":false,\\\\\\\"regList\\\\\\\":[],\\\\\\\"changeTag\\\\\\\":true,\\\\\\\"border\\\\\\\":false,\\\\\\\"document\\\\\\\":\\\\\\\"https://element.eleme.cn/#/zh-CN/component/checkbox\\\\\\\",\\\\\\\"formId\\\\\\\":102,\\\\\\\"renderKey\\\\\\\":\\\\\\\"1021736412211049\\\\\\\"},\\\\\\\"__slot__\\\\\\\":{\\\\\\\"options\\\\\\\":[{\\\\\\\"roleId\\\\\\\":\\\\\\\"032844a1f06890c0f689a7818ec6fbac\\\\\\\",\\\\\\\"roleName\\\\\\\":\\\\\\\"系统管理员\\\\\\\",\\\\\\\"roleDescription\\\\\\\":\\\\\\\"系统管理员\\\\\\\",\\\\\\\"roleOrder\\\\\\\":1,\\\\\\\"createTime\\\\\\\":\\\\\\\"2023-01-15T17:11:09\\\\\\\",\\\\\\\"updateTime\\\\\\\":\\\\\\\"2023-11-09T15:59:27\\\\\\\"},{\\\\\\\"roleId\\\\\\\":\\\\\\\"1c5da30bd1f387d036e438d19cebadec\\\\\\\",\\\\\\\"roleName\\\\\\\":\\\\\\\"222\\\\\\\",\\\\\\\"roleDescription\\\\\\\":\\\\\\\"222\\\\\\\",\\\\\\\"roleOrder\\\\\\\":1,\\\\\\\"createTime\\\\\\\":\\\\\\\"2024-10-12T17:59:52\\\\\\\",\\\\\\\"updateTime\\\\\\\":null},{\\\\\\\"roleId\\\\\\\":\\\\\\\"6c28e0351c57fce1f2e7b61a03a93992\\\\\\\",\\\\\\\"roleName\\\\\\\":\\\\\\\"测试测试\\\\\\\",\\\\\\\"roleDescription\\\\\\\":\\\\\\\"测试测试测试测试测试测试测试测试测试测试测试测试测试测试测试测试测试测试测试测试测试测试测试测试测试测试测试测试测试测试测试测试测试测试\\\\\\\",\\\\\\\"roleOrder\\\\\\\":1,\\\\\\\"createTime\\\\\\\":\\\\\\\"2023-01-15T17:11:26\\\\\\\",\\\\\\\"updateTime\\\\\\\":null},{\\\\\\\"roleId\\\\\\\":\\\\\\\"54eaea4ee678e9fa5c600e9be57626b9\\\\\\\",\\\\\\\"roleName\\\\\\\":\\\\\\\"注册用户\\\\\\\",\\\\\\\"roleDescription\\\\\\\":\\\\\\\"注意：注册用户在后台写死的角色，若删除可能导致注册功能报错\\\\\\\",\\\\\\\"roleOrder\\\\\\\":100,\\\\\\\"createTime\\\\\\\":\\\\\\\"2024-05-27T14:05:44\\\\\\\",\\\\\\\"updateTime\\\\\\\":\\\\\\\"2024-05-27T14:08:03\\\\\\\"}]},\\\\\\\"style\\\\\\\":{},\\\\\\\"props\\\\\\\":{\\\\\\\"props\\\\\\\":{\\\\\\\"label\\\\\\\":\\\\\\\"roleName\\\\\\\",\\\\\\\"value\\\\\\\":\\\\\\\"roleId\\\\\\\"}},\\\\\\\"size\\\\\\\":\\\\\\\"medium\\\\\\\",\\\\\\\"disabled\\\\\\\":false,\\\\\\\"__vModel__\\\\\\\":\\\\\\\"field102\\\\\\\"},{\\\\\\\"__config__\\\\\\\":{\\\\\\\"formId\\\\\\\":13,\\\\\\\"label\\\\\\\":\\\\\\\"顺序\\\\\\\",\\\\\\\"isTableField\\\\\\\":true,\\\\\\\"fieldType\\\\\\\":\\\\\\\"int\\\\\\\",\\\\\\\"fieldLength\\\\\\\":11,\\\\\\\"pointLength\\\\\\\":0,\\\\\\\"isKey\\\\\\\":false,\\\\\\\"showLabel\\\\\\\":true,\\\\\\\"changeTag\\\\\\\":true,\\\\\\\"labelWidth\\\\\\\":null,\\\\\\\"tag\\\\\\\":\\\\\\\"el-input-number\\\\\\\",\\\\\\\"tagIcon\\\\\\\":\\\\\\\"number\\\\\\\",\\\\\\\"defaultValue\\\\\\\":0,\\\\\\\"span\\\\\\\":24,\\\\\\\"layout\\\\\\\":\\\\\\\"colFormItem\\\\\\\",\\\\\\\"required\\\\\\\":true,\\\\\\\"regList\\\\\\\":[],\\\\\\\"document\\\\\\\":\\\\\\\"https://element.eleme.cn/#/zh-CN/component/input-number\\\\\\\"},\\\\\\\"placeholder\\\\\\\":\\\\\\\"请输入\\\\\\\",\\\\\\\"min\\\\\\\":0,\\\\\\\"step\\\\\\\":1,\\\\\\\"step-strictly\\\\\\\":false,\\\\\\\"controls-position\\\\\\\":\\\\\\\"\\\\\\\",\\\\\\\"disabled\\\\\\\":false,\\\\\\\"__vModel__\\\\\\\":\\\\\\\"order_index\\\\\\\"},{\\\\\\\"__config__\\\\\\\":{\\\\\\\"label\\\\\\\":\\\\\\\"ImageAvatar\\\\\\\",\\\\\\\"isTableField\\\\\\\":true,\\\\\\\"childTableName\\\\\\\":\\\\\\\"\\\\\\\",\\\\\\\"fieldType\\\\\\\":\\\\\\\"varchar\\\\\\\",\\\\\\\"fieldLength\\\\\\\":200,\\\\\\\"pointLength\\\\\\\":0,\\\\\\\"isKey\\\\\\\":false,\\\\\\\"tag\\\\\\\":\\\\\\\"image-avatar\\\\\\\",\\\\\\\"tagIcon\\\\\\\":\\\\\\\"upload\\\\\\\",\\\\\\\"layout\\\\\\\":\\\\\\\"colFormItem\\\\\\\",\\\\\\\"defaultValue\\\\\\\":null,\\\\\\\"showLabel\\\\\\\":true,\\\\\\\"labelWidth\\\\\\\":null,\\\\\\\"required\\\\\\\":false,\\\\\\\"span\\\\\\\":24,\\\\\\\"regList\\\\\\\":[],\\\\\\\"changeTag\\\\\\\":true,\\\\\\\"document\\\\\\\":\\\\\\\"https://element.eleme.cn/#/zh-CN/component/upload\\\\\\\",\\\\\\\"formId\\\\\\\":114,\\\\\\\"renderKey\\\\\\\":\\\\\\\"1141742181042023\\\\\\\"},\\\\\\\"action\\\\\\\":\\\\\\\"/upload/images\\\\\\\",\\\\\\\"disabled\\\\\\\":false,\\\\\\\"name\\\\\\\":\\\\\\\"file\\\\\\\",\\\\\\\"folder\\\\\\\":\\\\\\\"\\\\\\\",\\\\\\\"limitSize\\\\\\\":1024,\\\\\\\"__vModel__\\\\\\\":\\\\\\\"field114\\\\\\\"}],\\\\\\\"tableName\\\\\\\":\\\\\\\"a_table\\\\\\\",\\\\\\\"tableDecription\\\\\\\":\\\\\\\"表描述\\\\\\\",\\\\\\\"basePackage\\\\\\\":\\\\\\\"com.kg.module\\\\\\\",\\\\\\\"tablePackage\\\\\\\":\\\\\\\"atable\\\\\\\",\\\\\\\"viewPath\\\\\\\":\\\\\\\"/atable\\\\\\\",\\\\\\\"author\\\\\\\":\\\\\\\"ziro\\\\\\\",\\\\\\\"formRef\\\\\\\":\\\\\\\"dataForm\\\\\\\",\\\\\\\"formModel\\\\\\\":\\\\\\\"temp\\\\\\\",\\\\\\\"size\\\\\\\":\\\\\\\"medium\\\\\\\",\\\\\\\"labelPosition\\\\\\\":\\\\\\\"right\\\\\\\",\\\\\\\"labelWidth\\\\\\\":100,\\\\\\\"formRules\\\\\\\":\\\\\\\"rules\\\\\\\",\\\\\\\"gutter\\\\\\\":15,\\\\\\\"span\\\\\\\":24,\\\\\\\"formBtns\\\\\\\":true}\\\",\\\"tableName\\\":\\\"a_table\\\",\\\"tableDecription\\\":\\\"表描述\\\",\\\"basePackage\\\":\\\"com.kg.module\\\",\\\"author\\\":\\\"ziro\\\",\\\"tablePackage\\\":\\\"atable\\\",\\\"viewPath\\\":\\\"/atable\\\",\\\"status\\\":\\\"0\\\",\\\"orderIndex\\\":0,\\\"createTime\\\":1736412266000,\\\"updateTime\\\":1736412280000}]\",\"params\":\"{}\"}', '/dashuserver/generator/zFormGenerator/update', '127.0.0.1', '2025-03-17 11:11:28');
INSERT INTO `z_operate_log` VALUES ('0aff8f74-efb6-4322-bcaa-47648a23dcd2', '1', 'admin', '/login/login', '用户登录成功', NULL, '/login/login', '58.57.95.202', '2025-03-08 15:22:45');
INSERT INTO `z_operate_log` VALUES ('0c04d23c-96b5-41f6-a3fb-0620dbfaf23b', '1', 'admin', '/login/login', '用户登录成功', NULL, '/login/login', '171.36.132.19', '2025-01-22 21:15:02');
INSERT INTO `z_operate_log` VALUES ('0c7b3cc3-f07d-48ff-abb8-6656ab323f13', '5e5847c2-29d2-4e7e-ad85-acd6de02ae50', 'lewis', '/login/login', '用户登录成功', NULL, '/login/login', '222.214.109.183', '2025-03-22 10:26:23');
INSERT INTO `z_operate_log` VALUES ('0efe0986-694f-44a1-bc01-50e7951f4928', '1', 'admin', '/login/login', '用户登录成功', NULL, '/login/login', '58.57.95.202', '2025-03-17 08:55:08');
INSERT INTO `z_operate_log` VALUES ('0f02dfd1-0f3a-429a-b190-c24f185cec9e', '1', 'admin', '/role/add', '添加角色', '{\"body\":\"[{\\\"roleId\\\":\\\"\\\",\\\"roleName\\\":\\\"gg\\\",\\\"roleDescription\\\":\\\"\\\",\\\"roleOrder\\\":1}]\",\"params\":\"{}\"}', '/dashuserver/role/add', '58.57.95.202', '2025-02-19 09:31:32');
INSERT INTO `z_operate_log` VALUES ('1117ff89-b244-4db0-b02b-57e231810bda', '1', 'admin', '/login/login', '用户登录成功', NULL, '/login/login', '58.57.95.202', '2025-01-17 16:03:54');
INSERT INTO `z_operate_log` VALUES ('1263c990-60de-4341-86bc-7d21ca4c2850', 'b7433e5d-07e0-48a8-bc90-559f18f5ab76', 'test', '/login/login', '用户登录成功', NULL, '/login/login', '58.57.95.202', '2025-03-08 15:24:11');
INSERT INTO `z_operate_log` VALUES ('1295ac91-6c60-469f-ad3a-552278d65191', '1', 'admin', '/zquartz/zQuartz/update', '修改-定时任务调度', '{\"body\":\"[{\\\"quartzId\\\":\\\"93d90dba-2fb9-4f33-8063-4ceb2aedf3b2\\\",\\\"jobName\\\":\\\"定时删除操作日志任务\\\",\\\"jobClass\\\":\\\"com.kg.core.quartz.job.DeleteOperateLogJob\\\",\\\"jobTimeCron\\\":\\\"0 30 0 * * ?\\\",\\\"description\\\":\\\"每天0:30执行\\\\n定时删除操作日志z_operate_log\\\\n默认保留180天\\\\n可以在配置文件中配置com.kg.auto-operate-log\\\",\\\"status\\\":\\\"1\\\",\\\"createTime\\\":1699490790000,\\\"updateTime\\\":1729088216000}]\",\"params\":\"{}\"}', '/dashuserver/zquartz/zQuartz/update', '127.0.0.1', '2024-12-27 09:33:17');
INSERT INTO `z_operate_log` VALUES ('14087962-051e-4afe-9efe-0db0bbfc0f49', '1', 'dashuadmin', '/login/login', '用户登录成功', NULL, '/login/login', '27.185.27.180', '2025-04-29 16:58:09');
INSERT INTO `z_operate_log` VALUES ('14fed74f-a293-4464-80dd-24e69285514a', '1', 'admin', '/login/login', '用户登录成功', NULL, '/login/login', '58.57.95.202', '2024-12-19 13:38:41');
INSERT INTO `z_operate_log` VALUES ('16c8afae-9a34-405c-b537-d9775c1572d5', '1', 'admin', '/login/login', '用户登录成功', NULL, '/login/login', '58.57.95.202', '2025-02-17 08:42:30');
INSERT INTO `z_operate_log` VALUES ('1778a907-2356-4b18-b3ff-dd3822e0d7b2', '1', 'dashuadmin', '/login/login', '用户登录成功', NULL, '/login/login', '27.185.27.180', '2025-04-29 16:58:14');
INSERT INTO `z_operate_log` VALUES ('18042cf3-dbd1-4219-8a5d-93e99df4eb36', '1', 'admin', '/login/login', '用户登录成功', NULL, '/login/login', '58.57.95.202', '2025-01-20 10:20:07');
INSERT INTO `z_operate_log` VALUES ('185aeb8d-1c79-49f9-97ec-93a3cd721c47', '1', 'admin', '/user/edit/password', '修改用户密码', '{\"body\":\"[{\\\"oldPassword\\\":\\\"df\\\",\\\"password\\\":\\\"sdf\\\",\\\"isDefaultPassword\\\":false}]\",\"params\":\"{}\"}', '/dashuserver/user/edit/password', '58.57.95.202', '2024-12-20 11:27:11');
INSERT INTO `z_operate_log` VALUES ('19acc1f8-bb3c-4851-a8eb-f5086b95552c', '1', 'admin', '/login/login', '用户登录成功', NULL, '/login/login', '1.62.133.0', '2024-12-24 20:03:42');
INSERT INTO `z_operate_log` VALUES ('19fab7c4-87b1-4c3f-9959-46373d66580e', '1', 'admin', '/login/login', '用户登录成功', NULL, '/login/login', '58.57.95.202', '2025-02-07 14:30:24');
INSERT INTO `z_operate_log` VALUES ('1b348ecc-6fd5-4a23-ac6a-af1ee632ea5d', '1', 'dashuadmin', '/login/login', '用户登录成功', NULL, '/login/login', '223.101.114.232', '2025-05-15 15:02:22');
INSERT INTO `z_operate_log` VALUES ('1b6bfcea-4785-4956-8957-9c0e220f25ce', '1', 'admin', '/login/login', '用户登录成功', NULL, '/login/login', '58.57.95.202', '2025-04-23 17:18:11');
INSERT INTO `z_operate_log` VALUES ('1cd4c562-8bb7-40aa-9345-19509c4342f4', '1', 'admin', '/login/login', '用户登录成功', NULL, '/login/login', '127.0.0.1', '2024-12-19 08:52:17');
INSERT INTO `z_operate_log` VALUES ('1e390baa-13f1-49d8-bae7-341717cd4852', '1', 'admin', '/role/permission/saveRolePermission', '保存角色权限关系', '{\"body\":\"[{\\\"roleId\\\":\\\"6c28e0351c57fce1f2e7b61a03a93992\\\",\\\"permissionIds\\\":[\\\"167fbe82-cce7-4b93-8638-2cd666a5f440\\\",\\\"7c8ce472-3cfa-44de-9957-bc29d831c728\\\",\\\"a906d2d2-b007-4eb6-9435-e36c875c3f8b\\\",\\\"c8d00954-900e-470e-9310-8ce3eda5d838\\\",\\\"ee9c8b52-0222-4f9b-a910-88e2aa1407c0\\\",\\\"4f534b05-7b90-43ec-9884-613243db10fb\\\",\\\"83959d0f-a692-4617-9f00-57c68358c8d0\\\",\\\"caad3539-d9ef-4561-aba8-c57282b28ecd\\\",\\\"fbfec480-b534-4eee-a832-6d31393f2cb9\\\",\\\"086effee-2278-40a9-b8c6-82524087de19\\\",\\\"146080c6-143f-46ff-8182-fcfaaf566d86\\\",\\\"2515d17a-bf0e-4db3-9a70-76f18b8ab5c2\\\",\\\"9fc3d5e8-e976-461e-844b-929214423881\\\",\\\"ef4b28f3-a5a8-4a9e-8abb-5a52d0ea9d53\\\",\\\"2a9c9f84-c5aa-4104-ae30-b097c6c3d770\\\",\\\"4a208d9a-7127-4f0d-9fcc-78254fee1ae2\\\",\\\"5b3572e9-d21b-4882-a72d-d8b391e0d03d\\\",\\\"8331f3f6-4c90-435a-8f50-8b5048601c81\\\",\\\"aa86e76c-312b-4f9d-a066-0abed5abdac3\\\",\\\"034119bf-f411-47f8-a181-e04ad47cb7d4\\\",\\\"0e175784-840a-4a26-b54e-f46718b6710d\\\",\\\"54068f86-e4c0-496d-93a9-8ef5a5e3092f\\\",\\\"791b43bd-63f0-4d65-ad91-28a7f10165c4\\\",\\\"be62b2e3-a3c6-4345-b254-b790ab2999e4\\\",\\\"a5d1f365-8ac8-4f8f-883b-753ab02e61a1\\\",\\\"f7b9fdcb-4f7f-44ad-8d81-d22165edb0de\\\",\\\"215b7b74-b0ba-4338-a5f1-9c3e6e8bb082\\\",\\\"43d0b63e-1b86-40f8-bd98-c5b82b745b46\\\",\\\"a443ff7a-3c4e-4763-93a4-c05498af00b8\\\",\\\"6499ef0f-0d98-4766-8962-834517681c33\\\",\\\"8526963b-445f-4b37-a490-169e5aeb0e29\\\",\\\"1d07d0d0-bb6c-449b-a310-a0b91086bb32\\\",\\\"2442e16a-ca92-4457-a501-da791b2e8176\\\",\\\"5fa93fd5-616b-45a8-a2ff-9544d18eda27\\\",\\\"ba668163-4a82-4f57-8bac-8f18950cdfc8\\\",\\\"f986b63e-a377-4102-8751-d07b37165039\\\",\\\"83226fae-ac98-4bb0-a089-6e1de166de83\\\",\\\"31e1fd83-4070-4fcc-a876-b7722339f0f8\\\",\\\"42e02ab4-e040-4dfa-b712-ab144ed24755\\\",\\\"046b4ac2-bd1b-411c-b211-8d1cb2899569\\\",\\\"21c94756-b533-4041-90b5-1d2b26e050f9\\\"]}]\",\"params\":\"{}\"}', '/dashuserver/role/permission/saveRolePermission', '123.131.4.255', '2025-03-07 22:48:38');
INSERT INTO `z_operate_log` VALUES ('1f343d80-1120-4545-8485-4e6a67eee4a4', '1', 'admin', '/role/permission/saveRolePermission', '保存角色权限关系', '{\"body\":\"[{\\\"roleId\\\":\\\"1c5da30bd1f387d036e438d19cebadec\\\",\\\"permissionIds\\\":[\\\"8526963b-445f-4b37-a490-169e5aeb0e29\\\",\\\"215b7b74-b0ba-4338-a5f1-9c3e6e8bb082\\\",\\\"5fa93fd5-616b-45a8-a2ff-9544d18eda27\\\",\\\"2442e16a-ca92-4457-a501-da791b2e8176\\\"]}]\",\"params\":\"{}\"}', '/dashuserver/role/permission/saveRolePermission', '58.57.95.202', '2025-03-08 15:23:13');
INSERT INTO `z_operate_log` VALUES ('1fbf7801-e7f7-485d-ab04-476d0910580d', '1', 'admin', '/user/edit/password', '修改用户密码', '{\"body\":\"[{\\\"oldPassword\\\":\\\"123\\\",\\\"password\\\":\\\"123\\\",\\\"isDefaultPassword\\\":false}]\",\"params\":\"{}\"}', '/dashuserver/user/edit/password', '58.57.95.202', '2024-12-20 13:43:58');
INSERT INTO `z_operate_log` VALUES ('1ff24685-0516-449f-863e-0bd07fb4e84c', 'a1711529-40bd-49d4-b276-1193588fedb0', 'test1', '/login/login', '用户登录成功', NULL, '/login/login', '58.57.95.202', '2025-04-23 16:41:51');
INSERT INTO `z_operate_log` VALUES ('20a4da21-4acf-4c79-9365-d35704d4643b', '1', 'admin', '/login/login', '用户登录成功', NULL, '/login/login', '58.57.95.202', '2025-02-07 13:59:17');
INSERT INTO `z_operate_log` VALUES ('21440fd3-15db-4150-9f26-8aff10ea66ad', '1', 'admin', '/login/login', '用户登录成功', NULL, '/login/login', '113.132.26.195', '2024-12-31 09:02:17');
INSERT INTO `z_operate_log` VALUES ('228ea877-1769-45a0-90d0-a10a0ab504c7', '1', 'dashuadmin', '/login/login', '用户登录成功', NULL, '/login/login', '58.57.95.202', '2025-05-13 14:32:35');
INSERT INTO `z_operate_log` VALUES ('22908a3b-e721-4947-98e2-e0a143aa1ff5', '1', 'admin', '/login/login', '用户登录成功', NULL, '/login/login', '112.224.176.93', '2025-01-17 17:39:32');
INSERT INTO `z_operate_log` VALUES ('22f6b2d3-5d68-45f3-9735-f65b5bcb11f9', '1', 'admin', '/generator/zFormGenerator/update', '修改-代码生成器表单', '{\"body\":\"[{\\\"formId\\\":\\\"27a68e65-d9d9-40a5-8dca-08b945b8bc96\\\",\\\"formName\\\":\\\"222222\\\",\\\"formJson\\\":\\\"{\\\\\\\"fields\\\\\\\":[{\\\\\\\"__config__\\\\\\\":{\\\\\\\"formId\\\\\\\":11,\\\\\\\"label\\\\\\\":\\\\\\\"主键\\\\\\\",\\\\\\\"isTableField\\\\\\\":true,\\\\\\\"fieldType\\\\\\\":\\\\\\\"varchar\\\\\\\",\\\\\\\"fieldLength\\\\\\\":36,\\\\\\\"pointLength\\\\\\\":0,\\\\\\\"isKey\\\\\\\":true,\\\\\\\"tag\\\\\\\":\\\\\\\"el-key\\\\\\\",\\\\\\\"required\\\\\\\":true,\\\\\\\"layout\\\\\\\":\\\\\\\"colFormItem\\\\\\\"},\\\\\\\"__slot__\\\\\\\":{\\\\\\\"prepend\\\\\\\":\\\\\\\"\\\\\\\",\\\\\\\"append\\\\\\\":\\\\\\\"\\\\\\\"},\\\\\\\"__vModel__\\\\\\\":\\\\\\\"id\\\\\\\"},{\\\\\\\"__config__\\\\\\\":{\\\\\\\"formId\\\\\\\":12,\\\\\\\"label\\\\\\\":\\\\\\\"手机号\\\\\\\",\\\\\\\"isTableField\\\\\\\":true,\\\\\\\"fieldType\\\\\\\":\\\\\\\"varchar\\\\\\\",\\\\\\\"fieldLength\\\\\\\":20,\\\\\\\"pointLength\\\\\\\":0,\\\\\\\"isKey\\\\\\\":false,\\\\\\\"labelWidth\\\\\\\":null,\\\\\\\"showLabel\\\\\\\":true,\\\\\\\"changeTag\\\\\\\":true,\\\\\\\"tag\\\\\\\":\\\\\\\"el-input\\\\\\\",\\\\\\\"tagIcon\\\\\\\":\\\\\\\"input\\\\\\\",\\\\\\\"required\\\\\\\":true,\\\\\\\"layout\\\\\\\":\\\\\\\"colFormItem\\\\\\\",\\\\\\\"span\\\\\\\":24,\\\\\\\"document\\\\\\\":\\\\\\\"https://element.eleme.cn/#/zh-CN/component/input\\\\\\\",\\\\\\\"regList\\\\\\\":[{\\\\\\\"pattern\\\\\\\":\\\\\\\"/^1(3|4|5|7|8|9)\\\\\\\\\\\\\\\\d{9}$/\\\\\\\",\\\\\\\"message\\\\\\\":\\\\\\\"手机号格式错误\\\\\\\"}]},\\\\\\\"__slot__\\\\\\\":{\\\\\\\"prepend\\\\\\\":\\\\\\\"\\\\\\\",\\\\\\\"append\\\\\\\":\\\\\\\"\\\\\\\"},\\\\\\\"__vModel__\\\\\\\":\\\\\\\"mobile\\\\\\\",\\\\\\\"placeholder\\\\\\\":\\\\\\\"请输入\\\\\\\",\\\\\\\"style\\\\\\\":{\\\\\\\"width\\\\\\\":\\\\\\\"100%\\\\\\\"},\\\\\\\"clearable\\\\\\\":true,\\\\\\\"prefix-icon\\\\\\\":\\\\\\\"el-icon-mobile\\\\\\\",\\\\\\\"suffix-icon\\\\\\\":\\\\\\\"\\\\\\\",\\\\\\\"maxlength\\\\\\\":11,\\\\\\\"show-word-limit\\\\\\\":true,\\\\\\\"readonly\\\\\\\":false,\\\\\\\"disabled\\\\\\\":false},{\\\\\\\"__config__\\\\\\\":{\\\\\\\"label\\\\\\\":\\\\\\\"级联选择\\\\\\\",\\\\\\\"isTableField\\\\\\\":true,\\\\\\\"fieldType\\\\\\\":\\\\\\\"varchar\\\\\\\",\\\\\\\"fieldLength\\\\\\\":50,\\\\\\\"pointLength\\\\\\\":0,\\\\\\\"isKey\\\\\\\":false,\\\\\\\"url\\\\\\\":\\\\\\\"/zorg/zOrganization/tree\\\\\\\",\\\\\\\"method\\\\\\\":\\\\\\\"get\\\\\\\",\\\\\\\"dataPath\\\\\\\":\\\\\\\"data\\\\\\\",\\\\\\\"dataConsumer\\\\\\\":\\\\\\\"options\\\\\\\",\\\\\\\"showLabel\\\\\\\":true,\\\\\\\"labelWidth\\\\\\\":null,\\\\\\\"tag\\\\\\\":\\\\\\\"el-cascader\\\\\\\",\\\\\\\"tagIcon\\\\\\\":\\\\\\\"cascader\\\\\\\",\\\\\\\"layout\\\\\\\":\\\\\\\"colFormItem\\\\\\\",\\\\\\\"defaultValue\\\\\\\":null,\\\\\\\"dataType\\\\\\\":\\\\\\\"static\\\\\\\",\\\\\\\"span\\\\\\\":24,\\\\\\\"required\\\\\\\":false,\\\\\\\"regList\\\\\\\":[],\\\\\\\"changeTag\\\\\\\":true,\\\\\\\"document\\\\\\\":\\\\\\\"https://element.eleme.cn/#/zh-CN/component/cascader\\\\\\\",\\\\\\\"formId\\\\\\\":101,\\\\\\\"renderKey\\\\\\\":\\\\\\\"1011736412209265\\\\\\\"},\\\\\\\"options\\\\\\\":[],\\\\\\\"placeholder\\\\\\\":\\\\\\\"请选择级联选择\\\\\\\",\\\\\\\"style\\\\\\\":{\\\\\\\"width\\\\\\\":\\\\\\\"100%\\\\\\\"},\\\\\\\"props\\\\\\\":{\\\\\\\"props\\\\\\\":{\\\\\\\"multiple\\\\\\\":false,\\\\\\\"label\\\\\\\":\\\\\\\"orgName\\\\\\\",\\\\\\\"value\\\\\\\":\\\\\\\"orgId\\\\\\\",\\\\\\\"children\\\\\\\":\\\\\\\"children\\\\\\\"}},\\\\\\\"show-all-levels\\\\\\\":true,\\\\\\\"disabled\\\\\\\":false,\\\\\\\"clearable\\\\\\\":true,\\\\\\\"filterable\\\\\\\":false,\\\\\\\"separator\\\\\\\":\\\\\\\"/\\\\\\\",\\\\\\\"__vModel__\\\\\\\":\\\\\\\"field101\\\\\\\"},{\\\\\\\"__config__\\\\\\\":{\\\\\\\"label\\\\\\\":\\\\\\\"多选框组\\\\\\\",\\\\\\\"isTableField\\\\\\\":true,\\\\\\\"fieldType\\\\\\\":\\\\\\\"varchar\\\\\\\",\\\\\\\"fieldLength\\\\\\\":255,\\\\\\\"pointLength\\\\\\\":0,\\\\\\\"isKey\\\\\\\":false,\\\\\\\"url\\\\\\\":\\\\\\\"/role/list\\\\\\\",\\\\\\\"method\\\\\\\":\\\\\\\"get\\\\\\\",\\\\\\\"dataPath\\\\\\\":\\\\\\\"data.records\\\\\\\",\\\\\\\"dictUrl\\\\\\\":\\\\\\\"/dictData/zDictData/listCache\\\\\\\",\\\\\\\"dictCode\\\\\\\":\\\\\\\"sys_user_sex\\\\\\\",\\\\\\\"dictDataPath\\\\\\\":\\\\\\\"data\\\\\\\",\\\\\\\"dataConsumer\\\\\\\":\\\\\\\"__slot__.options\\\\\\\",\\\\\\\"showLabel\\\\\\\":true,\\\\\\\"labelWidth\\\\\\\":null,\\\\\\\"tag\\\\\\\":\\\\\\\"el-checkbox-group\\\\\\\",\\\\\\\"tagIcon\\\\\\\":\\\\\\\"checkbox\\\\\\\",\\\\\\\"layout\\\\\\\":\\\\\\\"colFormItem\\\\\\\",\\\\\\\"defaultValue\\\\\\\":[],\\\\\\\"dataType\\\\\\\":\\\\\\\"dynamic\\\\\\\",\\\\\\\"span\\\\\\\":24,\\\\\\\"optionType\\\\\\\":\\\\\\\"default\\\\\\\",\\\\\\\"required\\\\\\\":false,\\\\\\\"regList\\\\\\\":[],\\\\\\\"changeTag\\\\\\\":true,\\\\\\\"border\\\\\\\":false,\\\\\\\"document\\\\\\\":\\\\\\\"https://element.eleme.cn/#/zh-CN/component/checkbox\\\\\\\",\\\\\\\"formId\\\\\\\":102,\\\\\\\"renderKey\\\\\\\":\\\\\\\"1021736412211049\\\\\\\"},\\\\\\\"__slot__\\\\\\\":{\\\\\\\"options\\\\\\\":[{\\\\\\\"roleId\\\\\\\":\\\\\\\"032844a1f06890c0f689a7818ec6fbac\\\\\\\",\\\\\\\"roleName\\\\\\\":\\\\\\\"系统管理员\\\\\\\",\\\\\\\"roleDescription\\\\\\\":\\\\\\\"系统管理员\\\\\\\",\\\\\\\"roleOrder\\\\\\\":1,\\\\\\\"createTime\\\\\\\":\\\\\\\"2023-01-15T17:11:09\\\\\\\",\\\\\\\"updateTime\\\\\\\":\\\\\\\"2023-11-09T15:59:27\\\\\\\"},{\\\\\\\"roleId\\\\\\\":\\\\\\\"1c5da30bd1f387d036e438d19cebadec\\\\\\\",\\\\\\\"roleName\\\\\\\":\\\\\\\"222\\\\\\\",\\\\\\\"roleDescription\\\\\\\":\\\\\\\"222\\\\\\\",\\\\\\\"roleOrder\\\\\\\":1,\\\\\\\"createTime\\\\\\\":\\\\\\\"2024-10-12T17:59:52\\\\\\\",\\\\\\\"updateTime\\\\\\\":null},{\\\\\\\"roleId\\\\\\\":\\\\\\\"6c28e0351c57fce1f2e7b61a03a93992\\\\\\\",\\\\\\\"roleName\\\\\\\":\\\\\\\"测试测试\\\\\\\",\\\\\\\"roleDescription\\\\\\\":\\\\\\\"测试测试测试测试测试测试测试测试测试测试测试测试测试测试测试测试测试测试测试测试测试测试测试测试测试测试测试测试测试测试测试测试测试测试\\\\\\\",\\\\\\\"roleOrder\\\\\\\":1,\\\\\\\"createTime\\\\\\\":\\\\\\\"2023-01-15T17:11:26\\\\\\\",\\\\\\\"updateTime\\\\\\\":null},{\\\\\\\"roleId\\\\\\\":\\\\\\\"54eaea4ee678e9fa5c600e9be57626b9\\\\\\\",\\\\\\\"roleName\\\\\\\":\\\\\\\"注册用户\\\\\\\",\\\\\\\"roleDescription\\\\\\\":\\\\\\\"注意：注册用户在后台写死的角色，若删除可能导致注册功能报错\\\\\\\",\\\\\\\"roleOrder\\\\\\\":100,\\\\\\\"createTime\\\\\\\":\\\\\\\"2024-05-27T14:05:44\\\\\\\",\\\\\\\"updateTime\\\\\\\":\\\\\\\"2024-05-27T14:08:03\\\\\\\"}]},\\\\\\\"style\\\\\\\":{},\\\\\\\"props\\\\\\\":{\\\\\\\"props\\\\\\\":{\\\\\\\"label\\\\\\\":\\\\\\\"roleName\\\\\\\",\\\\\\\"value\\\\\\\":\\\\\\\"roleId\\\\\\\"}},\\\\\\\"size\\\\\\\":\\\\\\\"medium\\\\\\\",\\\\\\\"disabled\\\\\\\":false,\\\\\\\"__vModel__\\\\\\\":\\\\\\\"field102\\\\\\\"},{\\\\\\\"__config__\\\\\\\":{\\\\\\\"formId\\\\\\\":13,\\\\\\\"label\\\\\\\":\\\\\\\"顺序\\\\\\\",\\\\\\\"isTableField\\\\\\\":true,\\\\\\\"fieldType\\\\\\\":\\\\\\\"int\\\\\\\",\\\\\\\"fieldLength\\\\\\\":11,\\\\\\\"pointLength\\\\\\\":0,\\\\\\\"isKey\\\\\\\":false,\\\\\\\"showLabel\\\\\\\":true,\\\\\\\"changeTag\\\\\\\":true,\\\\\\\"labelWidth\\\\\\\":null,\\\\\\\"tag\\\\\\\":\\\\\\\"el-input-number\\\\\\\",\\\\\\\"tagIcon\\\\\\\":\\\\\\\"number\\\\\\\",\\\\\\\"defaultValue\\\\\\\":0,\\\\\\\"span\\\\\\\":24,\\\\\\\"layout\\\\\\\":\\\\\\\"colFormItem\\\\\\\",\\\\\\\"required\\\\\\\":true,\\\\\\\"regList\\\\\\\":[],\\\\\\\"document\\\\\\\":\\\\\\\"https://element.eleme.cn/#/zh-CN/component/input-number\\\\\\\"},\\\\\\\"placeholder\\\\\\\":\\\\\\\"请输入\\\\\\\",\\\\\\\"min\\\\\\\":0,\\\\\\\"step\\\\\\\":1,\\\\\\\"step-strictly\\\\\\\":false,\\\\\\\"controls-position\\\\\\\":\\\\\\\"\\\\\\\",\\\\\\\"disabled\\\\\\\":false,\\\\\\\"__vModel__\\\\\\\":\\\\\\\"order_index\\\\\\\"},{\\\\\\\"__config__\\\\\\\":{\\\\\\\"label\\\\\\\":\\\\\\\"ImageAvatar\\\\\\\",\\\\\\\"isTableField\\\\\\\":true,\\\\\\\"childTableName\\\\\\\":\\\\\\\"\\\\\\\",\\\\\\\"fieldType\\\\\\\":\\\\\\\"varchar\\\\\\\",\\\\\\\"fieldLength\\\\\\\":200,\\\\\\\"pointLength\\\\\\\":0,\\\\\\\"isKey\\\\\\\":false,\\\\\\\"tag\\\\\\\":\\\\\\\"image-avatar\\\\\\\",\\\\\\\"tagIcon\\\\\\\":\\\\\\\"upload\\\\\\\",\\\\\\\"layout\\\\\\\":\\\\\\\"colFormItem\\\\\\\",\\\\\\\"defaultValue\\\\\\\":null,\\\\\\\"showLabel\\\\\\\":true,\\\\\\\"labelWidth\\\\\\\":null,\\\\\\\"required\\\\\\\":false,\\\\\\\"span\\\\\\\":24,\\\\\\\"regList\\\\\\\":[],\\\\\\\"changeTag\\\\\\\":true,\\\\\\\"document\\\\\\\":\\\\\\\"https://element.eleme.cn/#/zh-CN/component/upload\\\\\\\",\\\\\\\"formId\\\\\\\":115,\\\\\\\"renderKey\\\\\\\":\\\\\\\"1151742181644461\\\\\\\"},\\\\\\\"action\\\\\\\":\\\\\\\"/upload/images\\\\\\\",\\\\\\\"disabled\\\\\\\":false,\\\\\\\"name\\\\\\\":\\\\\\\"file\\\\\\\",\\\\\\\"folder\\\\\\\":\\\\\\\"\\\\\\\",\\\\\\\"limitSize\\\\\\\":1024,\\\\\\\"__vModel__\\\\\\\":\\\\\\\"field115\\\\\\\"},{\\\\\\\"__config__\\\\\\\":{\\\\\\\"label\\\\\\\":\\\\\\\"富文本框\\\\\\\",\\\\\\\"isTableField\\\\\\\":true,\\\\\\\"fieldType\\\\\\\":\\\\\\\"longtext\\\\\\\",\\\\\\\"fieldLength\\\\\\\":0,\\\\\\\"pointLength\\\\\\\":0,\\\\\\\"isKey\\\\\\\":false,\\\\\\\"showLabel\\\\\\\":true,\\\\\\\"changeTag\\\\\\\":true,\\\\\\\"labelWidth\\\\\\\":null,\\\\\\\"tag\\\\\\\":\\\\\\\"my-wang-editor\\\\\\\",\\\\\\\"tagIcon\\\\\\\":\\\\\\\"rich-text\\\\\\\",\\\\\\\"defaultValue\\\\\\\":\\\\\\\"\\\\\\\",\\\\\\\"span\\\\\\\":24,\\\\\\\"layout\\\\\\\":\\\\\\\"colFormItem\\\\\\\",\\\\\\\"required\\\\\\\":false,\\\\\\\"regList\\\\\\\":[],\\\\\\\"document\\\\\\\":\\\\\\\"https://www.wangeditor.com/\\\\\\\",\\\\\\\"formId\\\\\\\":116,\\\\\\\"renderKey\\\\\\\":1742181702997},\\\\\\\"placeholder\\\\\\\":\\\\\\\"请输入富文本框\\\\\\\",\\\\\\\"height\\\\\\\":200,\\\\\\\"__vModel__\\\\\\\":\\\\\\\"field116\\\\\\\"}],\\\\\\\"tableName\\\\\\\":\\\\\\\"a_table\\\\\\\",\\\\\\\"tableDecription\\\\\\\":\\\\\\\"表描述\\\\\\\",\\\\\\\"basePackage\\\\\\\":\\\\\\\"com.kg.module\\\\\\\",\\\\\\\"tablePackage\\\\\\\":\\\\\\\"atable\\\\\\\",\\\\\\\"viewPath\\\\\\\":\\\\\\\"/atable\\\\\\\",\\\\\\\"author\\\\\\\":\\\\\\\"ziro\\\\\\\",\\\\\\\"formRef\\\\\\\":\\\\\\\"dataForm\\\\\\\",\\\\\\\"formModel\\\\\\\":\\\\\\\"temp\\\\\\\",\\\\\\\"size\\\\\\\":\\\\\\\"medium\\\\\\\",\\\\\\\"labelPosition\\\\\\\":\\\\\\\"right\\\\\\\",\\\\\\\"labelWidth\\\\\\\":100,\\\\\\\"formRules\\\\\\\":\\\\\\\"rules\\\\\\\",\\\\\\\"gutter\\\\\\\":15,\\\\\\\"span\\\\\\\":24,\\\\\\\"formBtns\\\\\\\":true}\\\",\\\"tableName\\\":\\\"a_table\\\",\\\"tableDecription\\\":\\\"表描述\\\",\\\"basePackage\\\":\\\"com.kg.module\\\",\\\"author\\\":\\\"ziro\\\",\\\"tablePackage\\\":\\\"atable\\\",\\\"viewPath\\\":\\\"/atable\\\",\\\"status\\\":\\\"1\\\",\\\"orderIndex\\\":0,\\\"createTime\\\":1736412266000,\\\"updateTime\\\":1742181711000}]\",\"params\":\"{}\"}', '/dashuserver/generator/zFormGenerator/update', '127.0.0.1', '2025-03-17 16:11:03');
INSERT INTO `z_operate_log` VALUES ('2387d1ec-983f-45ca-b9be-17612875be4a', '1', 'dashuadmin', '/permission/update', '修改资源（菜单，按钮）', '{\"body\":\"[{\\\"permissionId\\\":\\\"a025494d-94b3-11ed-ae3b-00163e2eaa5f\\\",\\\"parentId\\\":\\\"68901274-fb04-49b7-9b5c-3f9861e46fb9\\\",\\\"permissionName\\\":\\\"documentation\\\",\\\"permissionDescription\\\":\\\"文档\\\",\\\"permissionType\\\":\\\"0\\\",\\\"permissionTitle\\\":\\\"文档\\\",\\\"permissionIcon\\\":\\\"documentation\\\",\\\"permissionRouter\\\":\\\"/documentation\\\",\\\"permissionComponent\\\":\\\"/documentation/index\\\",\\\"permissionIsShow\\\":1,\\\"permissionIsEnabled\\\":1,\\\"noRedirect\\\":\\\"noRedirect\\\",\\\"noCache\\\":0,\\\"breadcrumb\\\":1,\\\"affix\\\":0,\\\"activeMenu\\\":\\\"/system/menu\\\",\\\"permissionOrder\\\":3,\\\"updateTime\\\":1681960886000}]\",\"params\":\"{}\"}', '/dashuserver/permission/update', '58.57.95.202', '2025-05-13 15:57:39');
INSERT INTO `z_operate_log` VALUES ('240cd115-5c0a-4711-b8be-4f7b7841038e', '1', 'admin', '/login/login', '用户登录成功', NULL, '/login/login', '27.192.172.205', '2025-04-23 17:57:22');
INSERT INTO `z_operate_log` VALUES ('2414f1fc-407b-416c-bf6c-7440886dd1b2', 'a1711529-40bd-49d4-b276-1193588fedb0', 'test1', '/login/login', '用户登录成功', NULL, '/login/login', '58.57.95.202', '2025-02-07 14:37:15');
INSERT INTO `z_operate_log` VALUES ('247ec6a0-01db-4b59-8593-6586c515f861', '1', 'admin', '/login/login', '用户登录成功', NULL, '/login/login', '58.57.95.202', '2025-01-20 10:45:37');
INSERT INTO `z_operate_log` VALUES ('25118aeb-d691-4ab7-9f5c-ed0d786a751f', '1', 'admin', '/login/login', '用户登录成功', NULL, '/login/login', '58.57.95.202', '2025-01-13 10:04:27');
INSERT INTO `z_operate_log` VALUES ('2a7debe6-ddf4-4a99-890d-727ce3a7533b', '1', 'admin', '/login/login', '用户登录成功', NULL, '/login/login', '119.190.68.58', '2024-12-13 14:02:29');
INSERT INTO `z_operate_log` VALUES ('2b2e237d-97f5-4466-9295-3bcd7dfc76a5', '1', 'admin', '/login/login', '用户登录成功', NULL, '/login/login', '58.57.95.202', '2025-02-22 10:23:41');
INSERT INTO `z_operate_log` VALUES ('2b6c9e07-f12c-4fa1-b2d6-e595885d789f', '1', 'admin', '/permission/changeIsEnabled', '启用/禁用菜单', '{\"body\":\"[{\\\"permissionId\\\":\\\"43d0b63e-1b86-40f8-bd98-c5b82b745b46\\\",\\\"permissionIsShow\\\":0,\\\"permissionIsEnabled\\\":0,\\\"noCache\\\":0,\\\"breadcrumb\\\":0,\\\"affix\\\":0}]\",\"params\":\"{}\"}', '/dashuserver/permission/changeIsEnabled', '58.57.95.202', '2025-01-11 17:35:58');
INSERT INTO `z_operate_log` VALUES ('2bcc1fb2-6f2f-4342-9972-d88cde464370', 'a1711529-40bd-49d4-b276-1193588fedb0', 'test1', '/login/login', '用户登录成功', NULL, '/login/login', '58.57.95.202', '2025-02-07 14:36:27');
INSERT INTO `z_operate_log` VALUES ('2c130b25-1035-4331-8851-3e60ee601f20', 'a1711529-40bd-49d4-b276-1193588fedb0', 'test1', '/login/login', '用户登录成功', NULL, '/login/login', '59.36.121.180', '2025-04-24 14:45:22');
INSERT INTO `z_operate_log` VALUES ('2dac76ff-0516-4e9b-b2e2-7ac14e2ba243', '1', 'admin', '/login/login', '用户登录成功', NULL, '/login/login', '58.57.95.202', '2025-02-07 14:30:38');
INSERT INTO `z_operate_log` VALUES ('2f45ca3b-6870-47f5-8fd0-f8b5a0c8df4d', '1', 'admin', '/login/login', '用户登录成功', NULL, '/login/login', '58.57.95.202', '2025-01-13 09:57:08');
INSERT INTO `z_operate_log` VALUES ('2f657cd3-a07c-405f-be82-a7fc2beb9767', '1', 'admin', '/login/login', '用户登录成功', NULL, '/login/login', '58.57.95.202', '2024-12-18 16:32:01');
INSERT INTO `z_operate_log` VALUES ('2f77ac31-8315-45a3-b9c3-304bcfe6ba07', 'a1711529-40bd-49d4-b276-1193588fedb0', 'test1', '/login/login', '用户登录成功', NULL, '/login/login', '58.57.95.202', '2025-04-25 08:23:58');
INSERT INTO `z_operate_log` VALUES ('2fb58101-eec8-4559-a052-a76b2e96187b', '1', 'admin', '/login/login', '用户登录成功', NULL, '/login/login', '58.57.95.202', '2025-01-20 11:30:02');
INSERT INTO `z_operate_log` VALUES ('309d0d94-6f2e-4eb4-8155-29f1008d50eb', '1', 'dashuadmin', '/login/login', '用户登录成功', NULL, '/login/login', '101.86.80.140', '2025-04-30 14:39:08');
INSERT INTO `z_operate_log` VALUES ('30dd0e61-0f89-4026-82b7-e101c8d2927b', '1', 'dashuadmin', '/login/login', '用户登录成功', NULL, '/login/login', '58.57.95.202', '2025-04-25 15:13:36');
INSERT INTO `z_operate_log` VALUES ('312a1cdd-e5e3-4e22-9873-a1923bdc77cb', 'a1711529-40bd-49d4-b276-1193588fedb0', 'test1', '/login/login', '用户登录成功', NULL, '/login/login', '58.57.95.202', '2025-02-07 14:35:54');
INSERT INTO `z_operate_log` VALUES ('3336bcac-35ba-47e6-8788-101531504560', '1', 'admin', '/login/login', '用户登录成功', NULL, '/login/login', '58.57.95.202', '2025-03-26 16:47:27');
INSERT INTO `z_operate_log` VALUES ('334a2d70-260d-489a-9503-b32ba99f460d', '1', 'admin', '/login/login', '用户登录成功', NULL, '/login/login', '58.57.95.202', '2025-04-23 10:58:20');
INSERT INTO `z_operate_log` VALUES ('34fa59c8-701a-407b-bdbf-f2dd99d19bb3', '1', 'admin', '/login/login', '用户登录成功', NULL, '/login/login', '113.95.183.98', '2024-12-15 22:53:26');
INSERT INTO `z_operate_log` VALUES ('356dd133-53f2-43c1-808b-61e11a991845', '1', 'admin', '/generator/zFormGenerator/update', '修改-代码生成器表单', '{\"body\":\"[{\\\"formId\\\":\\\"27a68e65-d9d9-40a5-8dca-08b945b8bc96\\\",\\\"formName\\\":\\\"222222\\\",\\\"formJson\\\":\\\"{\\\\\\\"fields\\\\\\\":[{\\\\\\\"__config__\\\\\\\":{\\\\\\\"formId\\\\\\\":11,\\\\\\\"label\\\\\\\":\\\\\\\"主键\\\\\\\",\\\\\\\"isTableField\\\\\\\":true,\\\\\\\"fieldType\\\\\\\":\\\\\\\"varchar\\\\\\\",\\\\\\\"fieldLength\\\\\\\":36,\\\\\\\"pointLength\\\\\\\":0,\\\\\\\"isKey\\\\\\\":true,\\\\\\\"tag\\\\\\\":\\\\\\\"el-key\\\\\\\",\\\\\\\"required\\\\\\\":true,\\\\\\\"layout\\\\\\\":\\\\\\\"colFormItem\\\\\\\"},\\\\\\\"__slot__\\\\\\\":{\\\\\\\"prepend\\\\\\\":\\\\\\\"\\\\\\\",\\\\\\\"append\\\\\\\":\\\\\\\"\\\\\\\"},\\\\\\\"__vModel__\\\\\\\":\\\\\\\"id\\\\\\\"},{\\\\\\\"__config__\\\\\\\":{\\\\\\\"formId\\\\\\\":12,\\\\\\\"label\\\\\\\":\\\\\\\"手机号\\\\\\\",\\\\\\\"isTableField\\\\\\\":true,\\\\\\\"fieldType\\\\\\\":\\\\\\\"varchar\\\\\\\",\\\\\\\"fieldLength\\\\\\\":20,\\\\\\\"pointLength\\\\\\\":0,\\\\\\\"isKey\\\\\\\":false,\\\\\\\"labelWidth\\\\\\\":null,\\\\\\\"showLabel\\\\\\\":true,\\\\\\\"changeTag\\\\\\\":true,\\\\\\\"tag\\\\\\\":\\\\\\\"el-input\\\\\\\",\\\\\\\"tagIcon\\\\\\\":\\\\\\\"input\\\\\\\",\\\\\\\"required\\\\\\\":true,\\\\\\\"layout\\\\\\\":\\\\\\\"colFormItem\\\\\\\",\\\\\\\"span\\\\\\\":24,\\\\\\\"document\\\\\\\":\\\\\\\"https://element.eleme.cn/#/zh-CN/component/input\\\\\\\",\\\\\\\"regList\\\\\\\":[{\\\\\\\"pattern\\\\\\\":\\\\\\\"/^1(3|4|5|7|8|9)\\\\\\\\\\\\\\\\d{9}$/\\\\\\\",\\\\\\\"message\\\\\\\":\\\\\\\"手机号格式错误\\\\\\\"}]},\\\\\\\"__slot__\\\\\\\":{\\\\\\\"prepend\\\\\\\":\\\\\\\"\\\\\\\",\\\\\\\"append\\\\\\\":\\\\\\\"\\\\\\\"},\\\\\\\"__vModel__\\\\\\\":\\\\\\\"mobile\\\\\\\",\\\\\\\"placeholder\\\\\\\":\\\\\\\"请输入\\\\\\\",\\\\\\\"style\\\\\\\":{\\\\\\\"width\\\\\\\":\\\\\\\"100%\\\\\\\"},\\\\\\\"clearable\\\\\\\":true,\\\\\\\"prefix-icon\\\\\\\":\\\\\\\"el-icon-mobile\\\\\\\",\\\\\\\"suffix-icon\\\\\\\":\\\\\\\"\\\\\\\",\\\\\\\"maxlength\\\\\\\":11,\\\\\\\"show-word-limit\\\\\\\":true,\\\\\\\"readonly\\\\\\\":false,\\\\\\\"disabled\\\\\\\":false},{\\\\\\\"__config__\\\\\\\":{\\\\\\\"label\\\\\\\":\\\\\\\"级联选择\\\\\\\",\\\\\\\"isTableField\\\\\\\":true,\\\\\\\"fieldType\\\\\\\":\\\\\\\"varchar\\\\\\\",\\\\\\\"fieldLength\\\\\\\":50,\\\\\\\"pointLength\\\\\\\":0,\\\\\\\"isKey\\\\\\\":false,\\\\\\\"url\\\\\\\":\\\\\\\"/zorg/zOrganization/tree\\\\\\\",\\\\\\\"method\\\\\\\":\\\\\\\"get\\\\\\\",\\\\\\\"dataPath\\\\\\\":\\\\\\\"data\\\\\\\",\\\\\\\"dataConsumer\\\\\\\":\\\\\\\"options\\\\\\\",\\\\\\\"showLabel\\\\\\\":true,\\\\\\\"labelWidth\\\\\\\":null,\\\\\\\"tag\\\\\\\":\\\\\\\"el-cascader\\\\\\\",\\\\\\\"tagIcon\\\\\\\":\\\\\\\"cascader\\\\\\\",\\\\\\\"layout\\\\\\\":\\\\\\\"colFormItem\\\\\\\",\\\\\\\"defaultValue\\\\\\\":null,\\\\\\\"dataType\\\\\\\":\\\\\\\"static\\\\\\\",\\\\\\\"span\\\\\\\":24,\\\\\\\"required\\\\\\\":false,\\\\\\\"regList\\\\\\\":[],\\\\\\\"changeTag\\\\\\\":true,\\\\\\\"document\\\\\\\":\\\\\\\"https://element.eleme.cn/#/zh-CN/component/cascader\\\\\\\",\\\\\\\"formId\\\\\\\":101,\\\\\\\"renderKey\\\\\\\":\\\\\\\"1011736412209265\\\\\\\"},\\\\\\\"options\\\\\\\":[],\\\\\\\"placeholder\\\\\\\":\\\\\\\"请选择级联选择\\\\\\\",\\\\\\\"style\\\\\\\":{\\\\\\\"width\\\\\\\":\\\\\\\"100%\\\\\\\"},\\\\\\\"props\\\\\\\":{\\\\\\\"props\\\\\\\":{\\\\\\\"multiple\\\\\\\":false,\\\\\\\"label\\\\\\\":\\\\\\\"orgName\\\\\\\",\\\\\\\"value\\\\\\\":\\\\\\\"orgId\\\\\\\",\\\\\\\"children\\\\\\\":\\\\\\\"children\\\\\\\"}},\\\\\\\"show-all-levels\\\\\\\":true,\\\\\\\"disabled\\\\\\\":false,\\\\\\\"clearable\\\\\\\":true,\\\\\\\"filterable\\\\\\\":false,\\\\\\\"separator\\\\\\\":\\\\\\\"/\\\\\\\",\\\\\\\"__vModel__\\\\\\\":\\\\\\\"field101\\\\\\\"},{\\\\\\\"__config__\\\\\\\":{\\\\\\\"label\\\\\\\":\\\\\\\"多选框组\\\\\\\",\\\\\\\"isTableField\\\\\\\":true,\\\\\\\"fieldType\\\\\\\":\\\\\\\"varchar\\\\\\\",\\\\\\\"fieldLength\\\\\\\":255,\\\\\\\"pointLength\\\\\\\":0,\\\\\\\"isKey\\\\\\\":false,\\\\\\\"url\\\\\\\":\\\\\\\"/role/list\\\\\\\",\\\\\\\"method\\\\\\\":\\\\\\\"get\\\\\\\",\\\\\\\"dataPath\\\\\\\":\\\\\\\"data.records\\\\\\\",\\\\\\\"dictUrl\\\\\\\":\\\\\\\"/dictData/zDictData/listCache\\\\\\\",\\\\\\\"dictCode\\\\\\\":\\\\\\\"sys_user_sex\\\\\\\",\\\\\\\"dictDataPath\\\\\\\":\\\\\\\"data\\\\\\\",\\\\\\\"dataConsumer\\\\\\\":\\\\\\\"__slot__.options\\\\\\\",\\\\\\\"showLabel\\\\\\\":true,\\\\\\\"labelWidth\\\\\\\":null,\\\\\\\"tag\\\\\\\":\\\\\\\"el-checkbox-group\\\\\\\",\\\\\\\"tagIcon\\\\\\\":\\\\\\\"checkbox\\\\\\\",\\\\\\\"layout\\\\\\\":\\\\\\\"colFormItem\\\\\\\",\\\\\\\"defaultValue\\\\\\\":[],\\\\\\\"dataType\\\\\\\":\\\\\\\"dynamic\\\\\\\",\\\\\\\"span\\\\\\\":24,\\\\\\\"optionType\\\\\\\":\\\\\\\"default\\\\\\\",\\\\\\\"required\\\\\\\":false,\\\\\\\"regList\\\\\\\":[],\\\\\\\"changeTag\\\\\\\":true,\\\\\\\"border\\\\\\\":false,\\\\\\\"document\\\\\\\":\\\\\\\"https://element.eleme.cn/#/zh-CN/component/checkbox\\\\\\\",\\\\\\\"formId\\\\\\\":102,\\\\\\\"renderKey\\\\\\\":\\\\\\\"1021736412211049\\\\\\\"},\\\\\\\"__slot__\\\\\\\":{\\\\\\\"options\\\\\\\":[{\\\\\\\"roleId\\\\\\\":\\\\\\\"032844a1f06890c0f689a7818ec6fbac\\\\\\\",\\\\\\\"roleName\\\\\\\":\\\\\\\"系统管理员\\\\\\\",\\\\\\\"roleDescription\\\\\\\":\\\\\\\"系统管理员\\\\\\\",\\\\\\\"roleOrder\\\\\\\":1,\\\\\\\"createTime\\\\\\\":\\\\\\\"2023-01-15T17:11:09\\\\\\\",\\\\\\\"updateTime\\\\\\\":\\\\\\\"2023-11-09T15:59:27\\\\\\\"},{\\\\\\\"roleId\\\\\\\":\\\\\\\"1c5da30bd1f387d036e438d19cebadec\\\\\\\",\\\\\\\"roleName\\\\\\\":\\\\\\\"222\\\\\\\",\\\\\\\"roleDescription\\\\\\\":\\\\\\\"222\\\\\\\",\\\\\\\"roleOrder\\\\\\\":1,\\\\\\\"createTime\\\\\\\":\\\\\\\"2024-10-12T17:59:52\\\\\\\",\\\\\\\"updateTime\\\\\\\":null},{\\\\\\\"roleId\\\\\\\":\\\\\\\"6c28e0351c57fce1f2e7b61a03a93992\\\\\\\",\\\\\\\"roleName\\\\\\\":\\\\\\\"测试测试\\\\\\\",\\\\\\\"roleDescription\\\\\\\":\\\\\\\"测试测试测试测试测试测试测试测试测试测试测试测试测试测试测试测试测试测试测试测试测试测试测试测试测试测试测试测试测试测试测试测试测试测试\\\\\\\",\\\\\\\"roleOrder\\\\\\\":1,\\\\\\\"createTime\\\\\\\":\\\\\\\"2023-01-15T17:11:26\\\\\\\",\\\\\\\"updateTime\\\\\\\":null},{\\\\\\\"roleId\\\\\\\":\\\\\\\"54eaea4ee678e9fa5c600e9be57626b9\\\\\\\",\\\\\\\"roleName\\\\\\\":\\\\\\\"注册用户\\\\\\\",\\\\\\\"roleDescription\\\\\\\":\\\\\\\"注意：注册用户在后台写死的角色，若删除可能导致注册功能报错\\\\\\\",\\\\\\\"roleOrder\\\\\\\":100,\\\\\\\"createTime\\\\\\\":\\\\\\\"2024-05-27T14:05:44\\\\\\\",\\\\\\\"updateTime\\\\\\\":\\\\\\\"2024-05-27T14:08:03\\\\\\\"}]},\\\\\\\"style\\\\\\\":{},\\\\\\\"props\\\\\\\":{\\\\\\\"props\\\\\\\":{\\\\\\\"label\\\\\\\":\\\\\\\"roleName\\\\\\\",\\\\\\\"value\\\\\\\":\\\\\\\"roleId\\\\\\\"}},\\\\\\\"size\\\\\\\":\\\\\\\"medium\\\\\\\",\\\\\\\"disabled\\\\\\\":false,\\\\\\\"__vModel__\\\\\\\":\\\\\\\"field102\\\\\\\"},{\\\\\\\"__config__\\\\\\\":{\\\\\\\"formId\\\\\\\":13,\\\\\\\"label\\\\\\\":\\\\\\\"顺序\\\\\\\",\\\\\\\"isTableField\\\\\\\":true,\\\\\\\"fieldType\\\\\\\":\\\\\\\"int\\\\\\\",\\\\\\\"fieldLength\\\\\\\":11,\\\\\\\"pointLength\\\\\\\":0,\\\\\\\"isKey\\\\\\\":false,\\\\\\\"showLabel\\\\\\\":true,\\\\\\\"changeTag\\\\\\\":true,\\\\\\\"labelWidth\\\\\\\":null,\\\\\\\"tag\\\\\\\":\\\\\\\"el-input-number\\\\\\\",\\\\\\\"tagIcon\\\\\\\":\\\\\\\"number\\\\\\\",\\\\\\\"defaultValue\\\\\\\":0,\\\\\\\"span\\\\\\\":24,\\\\\\\"layout\\\\\\\":\\\\\\\"colFormItem\\\\\\\",\\\\\\\"required\\\\\\\":true,\\\\\\\"regList\\\\\\\":[],\\\\\\\"document\\\\\\\":\\\\\\\"https://element.eleme.cn/#/zh-CN/component/input-number\\\\\\\"},\\\\\\\"placeholder\\\\\\\":\\\\\\\"请输入\\\\\\\",\\\\\\\"min\\\\\\\":0,\\\\\\\"step\\\\\\\":1,\\\\\\\"step-strictly\\\\\\\":false,\\\\\\\"controls-position\\\\\\\":\\\\\\\"\\\\\\\",\\\\\\\"disabled\\\\\\\":false,\\\\\\\"__vModel__\\\\\\\":\\\\\\\"order_index\\\\\\\"},{\\\\\\\"__config__\\\\\\\":{\\\\\\\"label\\\\\\\":\\\\\\\"ImageAvatar\\\\\\\",\\\\\\\"isTableField\\\\\\\":true,\\\\\\\"childTableName\\\\\\\":\\\\\\\"\\\\\\\",\\\\\\\"fieldType\\\\\\\":\\\\\\\"varchar\\\\\\\",\\\\\\\"fieldLength\\\\\\\":200,\\\\\\\"pointLength\\\\\\\":0,\\\\\\\"isKey\\\\\\\":false,\\\\\\\"tag\\\\\\\":\\\\\\\"image-avatar\\\\\\\",\\\\\\\"tagIcon\\\\\\\":\\\\\\\"upload\\\\\\\",\\\\\\\"layout\\\\\\\":\\\\\\\"colFormItem\\\\\\\",\\\\\\\"defaultValue\\\\\\\":null,\\\\\\\"showLabel\\\\\\\":true,\\\\\\\"labelWidth\\\\\\\":null,\\\\\\\"required\\\\\\\":false,\\\\\\\"span\\\\\\\":24,\\\\\\\"regList\\\\\\\":[],\\\\\\\"changeTag\\\\\\\":true,\\\\\\\"document\\\\\\\":\\\\\\\"https://element.eleme.cn/#/zh-CN/component/upload\\\\\\\",\\\\\\\"formId\\\\\\\":114,\\\\\\\"renderKey\\\\\\\":\\\\\\\"1141742181042023\\\\\\\"},\\\\\\\"action\\\\\\\":\\\\\\\"/upload/images\\\\\\\",\\\\\\\"disabled\\\\\\\":false,\\\\\\\"name\\\\\\\":\\\\\\\"file\\\\\\\",\\\\\\\"folder\\\\\\\":\\\\\\\"\\\\\\\",\\\\\\\"limitSize\\\\\\\":1024,\\\\\\\"__vModel__\\\\\\\":\\\\\\\"field114\\\\\\\"}],\\\\\\\"tableName\\\\\\\":\\\\\\\"a_table\\\\\\\",\\\\\\\"tableDecription\\\\\\\":\\\\\\\"表描述\\\\\\\",\\\\\\\"basePackage\\\\\\\":\\\\\\\"com.kg.module\\\\\\\",\\\\\\\"tablePackage\\\\\\\":\\\\\\\"atable\\\\\\\",\\\\\\\"viewPath\\\\\\\":\\\\\\\"/atable\\\\\\\",\\\\\\\"author\\\\\\\":\\\\\\\"ziro\\\\\\\",\\\\\\\"formRef\\\\\\\":\\\\\\\"dataForm\\\\\\\",\\\\\\\"formModel\\\\\\\":\\\\\\\"temp\\\\\\\",\\\\\\\"size\\\\\\\":\\\\\\\"medium\\\\\\\",\\\\\\\"labelPosition\\\\\\\":\\\\\\\"right\\\\\\\",\\\\\\\"labelWidth\\\\\\\":100,\\\\\\\"formRules\\\\\\\":\\\\\\\"rules\\\\\\\",\\\\\\\"gutter\\\\\\\":15,\\\\\\\"span\\\\\\\":24,\\\\\\\"formBtns\\\\\\\":true}\\\",\\\"tableName\\\":\\\"a_table\\\",\\\"tableDecription\\\":\\\"表描述\\\",\\\"basePackage\\\":\\\"com.kg.module\\\",\\\"author\\\":\\\"ziro\\\",\\\"tablePackage\\\":\\\"atable\\\",\\\"viewPath\\\":\\\"/atable\\\",\\\"status\\\":\\\"0\\\",\\\"orderIndex\\\":0,\\\"createTime\\\":1736412266000,\\\"updateTime\\\":1736412280000}]\",\"params\":\"{}\"}', '/dashuserver/generator/zFormGenerator/update', '127.0.0.1', '2025-03-17 11:13:12');
INSERT INTO `z_operate_log` VALUES ('3834006f-c96d-464f-b072-985f678a3175', '1', 'admin', '/login/login', '用户登录成功', NULL, '/login/login', '58.57.95.202', '2025-01-20 11:27:53');
INSERT INTO `z_operate_log` VALUES ('38f78bc5-6bc8-48bb-be78-0bc91ceb6ac7', 'a1711529-40bd-49d4-b276-1193588fedb0', 'test1', '/login/login', '用户登录成功', NULL, '/login/login', '58.57.95.202', '2025-04-25 07:52:20');
INSERT INTO `z_operate_log` VALUES ('38f87d70-36db-44c8-bd19-ed79403a2644', '1', 'admin', '/login/login', '用户登录成功', NULL, '/login/login', '58.57.95.202', '2025-01-13 09:57:33');
INSERT INTO `z_operate_log` VALUES ('393e9571-87b1-4727-9f85-1e92dc03b156', '1', 'dashuadmin', '/login/login', '用户登录成功', NULL, '/login/login', '58.57.95.202', '2025-04-24 15:44:57');
INSERT INTO `z_operate_log` VALUES ('3a3dce0d-1a9d-4617-aa59-e0b66e007d4c', '1', 'admin', '/login/login', '用户登录成功', NULL, '/login/login', '58.57.95.202', '2025-02-07 14:21:47');
INSERT INTO `z_operate_log` VALUES ('3c03d5ef-7ee1-4f4f-b99c-a3a3a9987ea7', '1', 'admin', '/login/login', '用户登录成功', NULL, '/login/login', '58.57.95.202', '2025-02-07 14:38:40');
INSERT INTO `z_operate_log` VALUES ('3c63f431-87a1-4f29-bcf0-df217f300aa2', '1', 'admin', '/login/login', '用户登录成功', NULL, '/login/login', '58.57.95.202', '2025-02-07 14:41:14');
INSERT INTO `z_operate_log` VALUES ('3d806d40-e567-4963-9000-c18d0c0e4b7c', '1', 'admin', '/login/login', '用户登录成功', NULL, '/login/login', '127.0.0.1', '2025-02-15 15:57:02');
INSERT INTO `z_operate_log` VALUES ('3dd99e4f-6edb-4afd-83f1-edc81adaadd1', '1', 'admin', '/login/login', '用户登录成功', NULL, '/login/login', '58.57.95.202', '2025-01-13 15:53:56');
INSERT INTO `z_operate_log` VALUES ('3e3b022f-6bc2-4a34-8a0e-1f9bf4ec6af6', '1', 'dashuadmin', '/login/login', '用户登录成功', NULL, '/login/login', '58.57.95.202', '2025-05-14 15:19:06');
INSERT INTO `z_operate_log` VALUES ('3ed8af3d-648f-47cd-9134-5c498ab141c7', '1', 'admin', '/login/login', '用户登录成功', NULL, '/login/login', '58.57.95.202', '2025-01-17 15:16:10');
INSERT INTO `z_operate_log` VALUES ('42971ba1-9017-41eb-b9d2-e022b86c6d54', '1', 'admin', '/login/login', '用户登录成功', NULL, '/login/login', '112.224.176.93', '2025-01-17 17:40:30');
INSERT INTO `z_operate_log` VALUES ('42dedb1b-7244-44fd-895b-6a380fc10f56', '1', 'dashuadmin', '/login/login', '用户登录成功', NULL, '/login/login', '58.57.95.202', '2025-05-14 13:49:30');
INSERT INTO `z_operate_log` VALUES ('42ec8fc5-e479-43dc-88fb-132b1aebe08e', '1', 'admin', '/login/login', '用户登录成功', NULL, '/login/login', '58.57.95.202', '2024-12-19 10:11:23');
INSERT INTO `z_operate_log` VALUES ('43f1d92b-8298-44d5-a35a-e7dac8b33eb8', '1', 'admin', '/login/login', '用户登录成功', NULL, '/login/login', '58.57.95.202', '2024-12-23 08:21:57');
INSERT INTO `z_operate_log` VALUES ('440b69b5-33fb-46cc-9540-150f906b1f47', '1', 'admin', '/login/login', '用户登录成功', NULL, '/login/login', '119.190.91.193', '2025-02-15 17:26:23');
INSERT INTO `z_operate_log` VALUES ('441e7ccd-13f2-4023-9c13-bab550f92044', '1', 'admin', '/login/login', '用户登录成功', NULL, '/login/login', '58.57.95.202', '2025-03-07 14:40:04');
INSERT INTO `z_operate_log` VALUES ('443aad05-a4cd-4b2d-be3a-39f829b23763', '1', 'admin', '/login/login', '用户登录成功', NULL, '/login/login', '58.57.95.202', '2024-12-18 08:32:08');
INSERT INTO `z_operate_log` VALUES ('449c5e4e-1454-41e9-bc5c-b902305dd88f', '1', 'admin', '/login/login', '用户登录成功', NULL, '/login/login', '116.231.54.128', '2025-01-03 14:34:22');
INSERT INTO `z_operate_log` VALUES ('44d1a1ff-676b-46eb-b529-aaa877257c50', '1', 'admin', '/login/login', '用户登录成功', NULL, '/login/login', '58.57.95.202', '2025-03-22 09:13:41');
INSERT INTO `z_operate_log` VALUES ('4662e769-fc98-44c4-afee-bad63285e16f', '1', 'admin', '/login/login', '用户登录成功', NULL, '/login/login', '124.126.11.236', '2025-01-10 10:44:12');
INSERT INTO `z_operate_log` VALUES ('46d9b013-ff8d-4277-8a2a-adcb48cd4aa7', 'a1711529-40bd-49d4-b276-1193588fedb0', 'test1', '/login/login', '用户登录成功', NULL, '/login/login', '58.57.95.202', '2025-04-23 17:38:05');
INSERT INTO `z_operate_log` VALUES ('46e0f520-f24e-4114-9784-ac55cfc47b3c', '1', 'admin', '/login/login', '用户登录成功', NULL, '/login/login', '58.57.95.202', '2025-04-01 15:45:34');
INSERT INTO `z_operate_log` VALUES ('48676f90-5202-4420-89ec-2ddfe76e8ab4', 'a1711529-40bd-49d4-b276-1193588fedb0', 'test1', '/login/login', '用户登录成功', NULL, '/login/login', '58.57.95.202', '2025-04-25 07:54:11');
INSERT INTO `z_operate_log` VALUES ('48f493ca-e9fa-44b8-a3f0-f7e848a65d6f', '1', 'admin', '/login/login', '用户登录成功', NULL, '/login/login', '58.57.95.202', '2025-03-24 09:16:05');
INSERT INTO `z_operate_log` VALUES ('497c3f8d-309e-4687-a727-ea7e0931f340', '1', 'admin', '/login/login', '用户登录成功', NULL, '/login/login', '58.57.95.202', '2024-12-20 17:35:23');
INSERT INTO `z_operate_log` VALUES ('4a0b483f-bce9-47d3-9662-2cfcefe98130', '1', 'dashuadmin', '/sms/demoSms/delete', '删除-短信 - demo', '{\"body\":\"[[\\\"6ff4486d-6c5b-43c9-8946-7de4d3cd25b8\\\"]]\",\"params\":\"{}\"}', '/dashuserver/sms/demoSms/delete', '58.57.95.202', '2025-05-20 10:42:03');
INSERT INTO `z_operate_log` VALUES ('4a0b6afc-155a-4eca-a91e-37f85e35d58a', 'a1711529-40bd-49d4-b276-1193588fedb0', 'test1', '/login/login', '用户登录成功', NULL, '/login/login', '58.57.95.202', '2025-02-07 14:37:30');
INSERT INTO `z_operate_log` VALUES ('4a6afbac-2515-4d91-b9ec-0ac0668b7d38', '1', 'admin', '/login/login', '用户登录成功', NULL, '/login/login', '116.231.54.128', '2025-01-02 09:48:38');
INSERT INTO `z_operate_log` VALUES ('4b60955e-72d8-4c96-a728-30d8a33405f4', '1', 'admin', '/role/copy', '复制角色', '{\"body\":\"[\\\"1c5da30bd1f387d036e438d19cebadec\\\"]\",\"params\":\"{\\\"roleId\\\":[\\\"1c5da30bd1f387d036e438d19cebadec\\\"]}\"}', '/dashuserver/role/copy', '58.57.95.202', '2025-01-11 17:35:44');
INSERT INTO `z_operate_log` VALUES ('4bea67a7-c9f1-4fe2-8cf8-a249e13d16d8', 'a1711529-40bd-49d4-b276-1193588fedb0', 'test1', '/login/login', '用户登录成功', NULL, '/login/login', '58.57.95.202', '2025-01-17 17:40:15');
INSERT INTO `z_operate_log` VALUES ('4c7dcb38-5e69-4c54-9f77-0e76d9b2713d', 'a1711529-40bd-49d4-b276-1193588fedb0', 'test1', '/login/login', '用户登录成功', NULL, '/login/login', '58.57.95.202', '2025-03-24 10:48:19');
INSERT INTO `z_operate_log` VALUES ('4c934dc5-58cb-4e31-8086-b919bedf6ebd', '1', 'admin', '/login/login', '用户登录成功', NULL, '/login/login', '127.0.0.1', '2024-12-27 09:33:00');
INSERT INTO `z_operate_log` VALUES ('4cadb32d-1c53-459d-8b8f-497d553fe027', '1', 'admin', '/role/add', '添加角色', '{\"body\":\"[{\\\"roleId\\\":\\\"\\\",\\\"roleName\\\":\\\"dd\\\",\\\"roleDescription\\\":\\\"\\\",\\\"roleOrder\\\":1}]\",\"params\":\"{}\"}', '/dashuserver/role/add', '58.57.95.202', '2025-02-19 09:31:23');
INSERT INTO `z_operate_log` VALUES ('4dc1ca00-1559-4ab3-904d-89fa7d59a436', '1', 'dashuadmin', '/login/login', '用户登录成功', NULL, '/login/login', '58.57.95.202', '2025-05-20 14:01:35');
INSERT INTO `z_operate_log` VALUES ('4fb59805-a2bb-4fd9-868c-c7b29ece783f', '1', 'admin', '/generator/zFormGenerator/update', '修改-代码生成器表单', '{\"body\":\"[{\\\"formId\\\":\\\"27a68e65-d9d9-40a5-8dca-08b945b8bc96\\\",\\\"formName\\\":\\\"222222\\\",\\\"formJson\\\":\\\"{\\\\\\\"fields\\\\\\\":[{\\\\\\\"__config__\\\\\\\":{\\\\\\\"formId\\\\\\\":11,\\\\\\\"label\\\\\\\":\\\\\\\"主键\\\\\\\",\\\\\\\"isTableField\\\\\\\":true,\\\\\\\"fieldType\\\\\\\":\\\\\\\"varchar\\\\\\\",\\\\\\\"fieldLength\\\\\\\":36,\\\\\\\"pointLength\\\\\\\":0,\\\\\\\"isKey\\\\\\\":true,\\\\\\\"tag\\\\\\\":\\\\\\\"el-key\\\\\\\",\\\\\\\"required\\\\\\\":true,\\\\\\\"layout\\\\\\\":\\\\\\\"colFormItem\\\\\\\"},\\\\\\\"__slot__\\\\\\\":{\\\\\\\"prepend\\\\\\\":\\\\\\\"\\\\\\\",\\\\\\\"append\\\\\\\":\\\\\\\"\\\\\\\"},\\\\\\\"__vModel__\\\\\\\":\\\\\\\"id\\\\\\\"},{\\\\\\\"__config__\\\\\\\":{\\\\\\\"formId\\\\\\\":12,\\\\\\\"label\\\\\\\":\\\\\\\"手机号\\\\\\\",\\\\\\\"isTableField\\\\\\\":true,\\\\\\\"fieldType\\\\\\\":\\\\\\\"varchar\\\\\\\",\\\\\\\"fieldLength\\\\\\\":20,\\\\\\\"pointLength\\\\\\\":0,\\\\\\\"isKey\\\\\\\":false,\\\\\\\"labelWidth\\\\\\\":null,\\\\\\\"showLabel\\\\\\\":true,\\\\\\\"changeTag\\\\\\\":true,\\\\\\\"tag\\\\\\\":\\\\\\\"el-input\\\\\\\",\\\\\\\"tagIcon\\\\\\\":\\\\\\\"input\\\\\\\",\\\\\\\"required\\\\\\\":true,\\\\\\\"layout\\\\\\\":\\\\\\\"colFormItem\\\\\\\",\\\\\\\"span\\\\\\\":24,\\\\\\\"document\\\\\\\":\\\\\\\"https://element.eleme.cn/#/zh-CN/component/input\\\\\\\",\\\\\\\"regList\\\\\\\":[{\\\\\\\"pattern\\\\\\\":\\\\\\\"/^1(3|4|5|7|8|9)\\\\\\\\\\\\\\\\d{9}$/\\\\\\\",\\\\\\\"message\\\\\\\":\\\\\\\"手机号格式错误\\\\\\\"}]},\\\\\\\"__slot__\\\\\\\":{\\\\\\\"prepend\\\\\\\":\\\\\\\"\\\\\\\",\\\\\\\"append\\\\\\\":\\\\\\\"\\\\\\\"},\\\\\\\"__vModel__\\\\\\\":\\\\\\\"mobile\\\\\\\",\\\\\\\"placeholder\\\\\\\":\\\\\\\"请输入\\\\\\\",\\\\\\\"style\\\\\\\":{\\\\\\\"width\\\\\\\":\\\\\\\"100%\\\\\\\"},\\\\\\\"clearable\\\\\\\":true,\\\\\\\"prefix-icon\\\\\\\":\\\\\\\"el-icon-mobile\\\\\\\",\\\\\\\"suffix-icon\\\\\\\":\\\\\\\"\\\\\\\",\\\\\\\"maxlength\\\\\\\":11,\\\\\\\"show-word-limit\\\\\\\":true,\\\\\\\"readonly\\\\\\\":false,\\\\\\\"disabled\\\\\\\":false},{\\\\\\\"__config__\\\\\\\":{\\\\\\\"label\\\\\\\":\\\\\\\"级联选择\\\\\\\",\\\\\\\"isTableField\\\\\\\":true,\\\\\\\"fieldType\\\\\\\":\\\\\\\"varchar\\\\\\\",\\\\\\\"fieldLength\\\\\\\":50,\\\\\\\"pointLength\\\\\\\":0,\\\\\\\"isKey\\\\\\\":false,\\\\\\\"url\\\\\\\":\\\\\\\"/zorg/zOrganization/tree\\\\\\\",\\\\\\\"method\\\\\\\":\\\\\\\"get\\\\\\\",\\\\\\\"dataPath\\\\\\\":\\\\\\\"data\\\\\\\",\\\\\\\"dataConsumer\\\\\\\":\\\\\\\"options\\\\\\\",\\\\\\\"showLabel\\\\\\\":true,\\\\\\\"labelWidth\\\\\\\":null,\\\\\\\"tag\\\\\\\":\\\\\\\"el-cascader\\\\\\\",\\\\\\\"tagIcon\\\\\\\":\\\\\\\"cascader\\\\\\\",\\\\\\\"layout\\\\\\\":\\\\\\\"colFormItem\\\\\\\",\\\\\\\"defaultValue\\\\\\\":null,\\\\\\\"dataType\\\\\\\":\\\\\\\"static\\\\\\\",\\\\\\\"span\\\\\\\":24,\\\\\\\"required\\\\\\\":false,\\\\\\\"regList\\\\\\\":[],\\\\\\\"changeTag\\\\\\\":true,\\\\\\\"document\\\\\\\":\\\\\\\"https://element.eleme.cn/#/zh-CN/component/cascader\\\\\\\",\\\\\\\"formId\\\\\\\":101,\\\\\\\"renderKey\\\\\\\":\\\\\\\"1011736412209265\\\\\\\"},\\\\\\\"options\\\\\\\":[],\\\\\\\"placeholder\\\\\\\":\\\\\\\"请选择级联选择\\\\\\\",\\\\\\\"style\\\\\\\":{\\\\\\\"width\\\\\\\":\\\\\\\"100%\\\\\\\"},\\\\\\\"props\\\\\\\":{\\\\\\\"props\\\\\\\":{\\\\\\\"multiple\\\\\\\":false,\\\\\\\"label\\\\\\\":\\\\\\\"orgName\\\\\\\",\\\\\\\"value\\\\\\\":\\\\\\\"orgId\\\\\\\",\\\\\\\"children\\\\\\\":\\\\\\\"children\\\\\\\"}},\\\\\\\"show-all-levels\\\\\\\":true,\\\\\\\"disabled\\\\\\\":false,\\\\\\\"clearable\\\\\\\":true,\\\\\\\"filterable\\\\\\\":false,\\\\\\\"separator\\\\\\\":\\\\\\\"/\\\\\\\",\\\\\\\"__vModel__\\\\\\\":\\\\\\\"field101\\\\\\\"},{\\\\\\\"__config__\\\\\\\":{\\\\\\\"label\\\\\\\":\\\\\\\"多选框组\\\\\\\",\\\\\\\"isTableField\\\\\\\":true,\\\\\\\"fieldType\\\\\\\":\\\\\\\"varchar\\\\\\\",\\\\\\\"fieldLength\\\\\\\":255,\\\\\\\"pointLength\\\\\\\":0,\\\\\\\"isKey\\\\\\\":false,\\\\\\\"url\\\\\\\":\\\\\\\"/role/list\\\\\\\",\\\\\\\"method\\\\\\\":\\\\\\\"get\\\\\\\",\\\\\\\"dataPath\\\\\\\":\\\\\\\"data.records\\\\\\\",\\\\\\\"dictUrl\\\\\\\":\\\\\\\"/dictData/zDictData/listCache\\\\\\\",\\\\\\\"dictCode\\\\\\\":\\\\\\\"sys_user_sex\\\\\\\",\\\\\\\"dictDataPath\\\\\\\":\\\\\\\"data\\\\\\\",\\\\\\\"dataConsumer\\\\\\\":\\\\\\\"__slot__.options\\\\\\\",\\\\\\\"showLabel\\\\\\\":true,\\\\\\\"labelWidth\\\\\\\":null,\\\\\\\"tag\\\\\\\":\\\\\\\"el-checkbox-group\\\\\\\",\\\\\\\"tagIcon\\\\\\\":\\\\\\\"checkbox\\\\\\\",\\\\\\\"layout\\\\\\\":\\\\\\\"colFormItem\\\\\\\",\\\\\\\"defaultValue\\\\\\\":[],\\\\\\\"dataType\\\\\\\":\\\\\\\"dynamic\\\\\\\",\\\\\\\"span\\\\\\\":24,\\\\\\\"optionType\\\\\\\":\\\\\\\"default\\\\\\\",\\\\\\\"required\\\\\\\":false,\\\\\\\"regList\\\\\\\":[],\\\\\\\"changeTag\\\\\\\":true,\\\\\\\"border\\\\\\\":false,\\\\\\\"document\\\\\\\":\\\\\\\"https://element.eleme.cn/#/zh-CN/component/checkbox\\\\\\\",\\\\\\\"formId\\\\\\\":102,\\\\\\\"renderKey\\\\\\\":\\\\\\\"1021736412211049\\\\\\\"},\\\\\\\"__slot__\\\\\\\":{\\\\\\\"options\\\\\\\":[{\\\\\\\"roleId\\\\\\\":\\\\\\\"032844a1f06890c0f689a7818ec6fbac\\\\\\\",\\\\\\\"roleName\\\\\\\":\\\\\\\"系统管理员\\\\\\\",\\\\\\\"roleDescription\\\\\\\":\\\\\\\"系统管理员\\\\\\\",\\\\\\\"roleOrder\\\\\\\":1,\\\\\\\"createTime\\\\\\\":\\\\\\\"2023-01-15T17:11:09\\\\\\\",\\\\\\\"updateTime\\\\\\\":\\\\\\\"2023-11-09T15:59:27\\\\\\\"},{\\\\\\\"roleId\\\\\\\":\\\\\\\"1c5da30bd1f387d036e438d19cebadec\\\\\\\",\\\\\\\"roleName\\\\\\\":\\\\\\\"222\\\\\\\",\\\\\\\"roleDescription\\\\\\\":\\\\\\\"222\\\\\\\",\\\\\\\"roleOrder\\\\\\\":1,\\\\\\\"createTime\\\\\\\":\\\\\\\"2024-10-12T17:59:52\\\\\\\",\\\\\\\"updateTime\\\\\\\":null},{\\\\\\\"roleId\\\\\\\":\\\\\\\"6c28e0351c57fce1f2e7b61a03a93992\\\\\\\",\\\\\\\"roleName\\\\\\\":\\\\\\\"测试测试\\\\\\\",\\\\\\\"roleDescription\\\\\\\":\\\\\\\"测试测试测试测试测试测试测试测试测试测试测试测试测试测试测试测试测试测试测试测试测试测试测试测试测试测试测试测试测试测试测试测试测试测试\\\\\\\",\\\\\\\"roleOrder\\\\\\\":1,\\\\\\\"createTime\\\\\\\":\\\\\\\"2023-01-15T17:11:26\\\\\\\",\\\\\\\"updateTime\\\\\\\":null},{\\\\\\\"roleId\\\\\\\":\\\\\\\"54eaea4ee678e9fa5c600e9be57626b9\\\\\\\",\\\\\\\"roleName\\\\\\\":\\\\\\\"注册用户\\\\\\\",\\\\\\\"roleDescription\\\\\\\":\\\\\\\"注意：注册用户在后台写死的角色，若删除可能导致注册功能报错\\\\\\\",\\\\\\\"roleOrder\\\\\\\":100,\\\\\\\"createTime\\\\\\\":\\\\\\\"2024-05-27T14:05:44\\\\\\\",\\\\\\\"updateTime\\\\\\\":\\\\\\\"2024-05-27T14:08:03\\\\\\\"}]},\\\\\\\"style\\\\\\\":{},\\\\\\\"props\\\\\\\":{\\\\\\\"props\\\\\\\":{\\\\\\\"label\\\\\\\":\\\\\\\"roleName\\\\\\\",\\\\\\\"value\\\\\\\":\\\\\\\"roleId\\\\\\\"}},\\\\\\\"size\\\\\\\":\\\\\\\"medium\\\\\\\",\\\\\\\"disabled\\\\\\\":false,\\\\\\\"__vModel__\\\\\\\":\\\\\\\"field102\\\\\\\"},{\\\\\\\"__config__\\\\\\\":{\\\\\\\"formId\\\\\\\":13,\\\\\\\"label\\\\\\\":\\\\\\\"顺序\\\\\\\",\\\\\\\"isTableField\\\\\\\":true,\\\\\\\"fieldType\\\\\\\":\\\\\\\"int\\\\\\\",\\\\\\\"fieldLength\\\\\\\":11,\\\\\\\"pointLength\\\\\\\":0,\\\\\\\"isKey\\\\\\\":false,\\\\\\\"showLabel\\\\\\\":true,\\\\\\\"changeTag\\\\\\\":true,\\\\\\\"labelWidth\\\\\\\":null,\\\\\\\"tag\\\\\\\":\\\\\\\"el-input-number\\\\\\\",\\\\\\\"tagIcon\\\\\\\":\\\\\\\"number\\\\\\\",\\\\\\\"defaultValue\\\\\\\":0,\\\\\\\"span\\\\\\\":24,\\\\\\\"layout\\\\\\\":\\\\\\\"colFormItem\\\\\\\",\\\\\\\"required\\\\\\\":true,\\\\\\\"regList\\\\\\\":[],\\\\\\\"document\\\\\\\":\\\\\\\"https://element.eleme.cn/#/zh-CN/component/input-number\\\\\\\"},\\\\\\\"placeholder\\\\\\\":\\\\\\\"请输入\\\\\\\",\\\\\\\"min\\\\\\\":0,\\\\\\\"step\\\\\\\":1,\\\\\\\"step-strictly\\\\\\\":false,\\\\\\\"controls-position\\\\\\\":\\\\\\\"\\\\\\\",\\\\\\\"disabled\\\\\\\":false,\\\\\\\"__vModel__\\\\\\\":\\\\\\\"order_index\\\\\\\"},{\\\\\\\"__config__\\\\\\\":{\\\\\\\"label\\\\\\\":\\\\\\\"ImageAvatar\\\\\\\",\\\\\\\"isTableField\\\\\\\":true,\\\\\\\"childTableName\\\\\\\":\\\\\\\"\\\\\\\",\\\\\\\"fieldType\\\\\\\":\\\\\\\"varchar\\\\\\\",\\\\\\\"fieldLength\\\\\\\":200,\\\\\\\"pointLength\\\\\\\":0,\\\\\\\"isKey\\\\\\\":false,\\\\\\\"tag\\\\\\\":\\\\\\\"image-avatar\\\\\\\",\\\\\\\"tagIcon\\\\\\\":\\\\\\\"upload\\\\\\\",\\\\\\\"layout\\\\\\\":\\\\\\\"colFormItem\\\\\\\",\\\\\\\"defaultValue\\\\\\\":null,\\\\\\\"showLabel\\\\\\\":true,\\\\\\\"labelWidth\\\\\\\":null,\\\\\\\"required\\\\\\\":false,\\\\\\\"span\\\\\\\":24,\\\\\\\"regList\\\\\\\":[],\\\\\\\"changeTag\\\\\\\":true,\\\\\\\"document\\\\\\\":\\\\\\\"https://element.eleme.cn/#/zh-CN/component/upload\\\\\\\",\\\\\\\"formId\\\\\\\":114,\\\\\\\"renderKey\\\\\\\":\\\\\\\"1141742181042023\\\\\\\"},\\\\\\\"action\\\\\\\":\\\\\\\"/upload/images\\\\\\\",\\\\\\\"disabled\\\\\\\":false,\\\\\\\"name\\\\\\\":\\\\\\\"file\\\\\\\",\\\\\\\"folder\\\\\\\":\\\\\\\"\\\\\\\",\\\\\\\"limitSize\\\\\\\":1024,\\\\\\\"__vModel__\\\\\\\":\\\\\\\"field114\\\\\\\"}],\\\\\\\"tableName\\\\\\\":\\\\\\\"a_table\\\\\\\",\\\\\\\"tableDecription\\\\\\\":\\\\\\\"表描述\\\\\\\",\\\\\\\"basePackage\\\\\\\":\\\\\\\"com.kg.module\\\\\\\",\\\\\\\"tablePackage\\\\\\\":\\\\\\\"atable\\\\\\\",\\\\\\\"viewPath\\\\\\\":\\\\\\\"/atable\\\\\\\",\\\\\\\"author\\\\\\\":\\\\\\\"ziro\\\\\\\",\\\\\\\"formRef\\\\\\\":\\\\\\\"dataForm\\\\\\\",\\\\\\\"formModel\\\\\\\":\\\\\\\"temp\\\\\\\",\\\\\\\"size\\\\\\\":\\\\\\\"medium\\\\\\\",\\\\\\\"labelPosition\\\\\\\":\\\\\\\"right\\\\\\\",\\\\\\\"labelWidth\\\\\\\":100,\\\\\\\"formRules\\\\\\\":\\\\\\\"rules\\\\\\\",\\\\\\\"gutter\\\\\\\":15,\\\\\\\"span\\\\\\\":24,\\\\\\\"formBtns\\\\\\\":true}\\\",\\\"tableName\\\":\\\"a_table\\\",\\\"tableDecription\\\":\\\"表描述\\\",\\\"basePackage\\\":\\\"com.kg.module\\\",\\\"author\\\":\\\"ziro\\\",\\\"tablePackage\\\":\\\"atable\\\",\\\"viewPath\\\":\\\"/atable\\\",\\\"status\\\":\\\"0\\\",\\\"orderIndex\\\":0,\\\"createTime\\\":1736412266000,\\\"updateTime\\\":1736412280000}]\",\"params\":\"{}\"}', '/dashuserver/generator/zFormGenerator/update', '127.0.0.1', '2025-03-17 11:13:17');
INSERT INTO `z_operate_log` VALUES ('50198948-2879-49a3-883b-960811424c3e', '1', 'admin', '/login/login', '用户登录成功', NULL, '/login/login', '58.57.95.202', '2024-12-20 11:25:36');
INSERT INTO `z_operate_log` VALUES ('53d5c9eb-8b69-4915-a884-98849e8a150b', '1', 'admin', '/user/edit/password', '修改用户密码', '{\"body\":\"[{\\\"oldPassword\\\":\\\"234\\\",\\\"password\\\":\\\"123\\\",\\\"isDefaultPassword\\\":false}]\",\"params\":\"{}\"}', '/dashuserver/user/edit/password', '58.57.95.202', '2024-12-18 09:56:27');
INSERT INTO `z_operate_log` VALUES ('5459eb2a-dfa8-45fe-af8d-45fe33164824', 'a1711529-40bd-49d4-b276-1193588fedb0', 'test1', '/login/login', '用户登录成功', NULL, '/login/login', '58.57.95.202', '2025-02-07 14:36:38');
INSERT INTO `z_operate_log` VALUES ('54cc2c14-0f59-46b7-9197-91ae83da1a4e', '1', 'dashuadmin', '/login/login', '用户登录成功', NULL, '/login/login', '223.101.114.232', '2025-05-20 21:41:43');
INSERT INTO `z_operate_log` VALUES ('54e479f4-7590-4a02-8f97-a5c966e19ddc', '1', 'admin', '/login/login', '用户登录成功', NULL, '/login/login', '183.253.127.72', '2024-12-29 14:22:40');
INSERT INTO `z_operate_log` VALUES ('555ce4ea-2672-4245-9f35-3e813d389d80', 'a1711529-40bd-49d4-b276-1193588fedb0', 'test1', '/login/login', '用户登录成功', NULL, '/login/login', '58.57.95.202', '2025-04-24 15:42:19');
INSERT INTO `z_operate_log` VALUES ('56c0eb99-5690-4bdc-a800-1873ff2fda46', '1', 'admin', '/login/login', '用户登录成功', NULL, '/login/login', '58.57.95.202', '2024-12-26 15:11:20');
INSERT INTO `z_operate_log` VALUES ('56da2b52-bd89-4257-9a61-d8af0f30ae27', '1', 'admin', '/user/edit/password', '修改用户密码', '{\"body\":\"[{\\\"oldPassword\\\":\\\"123\\\",\\\"password\\\":\\\"123\\\",\\\"isDefaultPassword\\\":false}]\",\"params\":\"{}\"}', '/dashuserver/user/edit/password', '58.57.95.202', '2024-12-20 13:47:32');
INSERT INTO `z_operate_log` VALUES ('57637835-a1f4-4db1-ae8d-55cdfcc8cc83', '1', 'admin', '/generator/zFormGenerator/update', '修改-代码生成器表单', '{\"body\":\"[{\\\"formId\\\":\\\"27a68e65-d9d9-40a5-8dca-08b945b8bc96\\\",\\\"formName\\\":\\\"222222\\\",\\\"formJson\\\":\\\"{\\\\\\\"fields\\\\\\\":[{\\\\\\\"__config__\\\\\\\":{\\\\\\\"formId\\\\\\\":11,\\\\\\\"label\\\\\\\":\\\\\\\"主键\\\\\\\",\\\\\\\"isTableField\\\\\\\":true,\\\\\\\"fieldType\\\\\\\":\\\\\\\"varchar\\\\\\\",\\\\\\\"fieldLength\\\\\\\":36,\\\\\\\"pointLength\\\\\\\":0,\\\\\\\"isKey\\\\\\\":true,\\\\\\\"tag\\\\\\\":\\\\\\\"el-key\\\\\\\",\\\\\\\"required\\\\\\\":true,\\\\\\\"layout\\\\\\\":\\\\\\\"colFormItem\\\\\\\"},\\\\\\\"__slot__\\\\\\\":{\\\\\\\"prepend\\\\\\\":\\\\\\\"\\\\\\\",\\\\\\\"append\\\\\\\":\\\\\\\"\\\\\\\"},\\\\\\\"__vModel__\\\\\\\":\\\\\\\"id\\\\\\\"},{\\\\\\\"__config__\\\\\\\":{\\\\\\\"formId\\\\\\\":12,\\\\\\\"label\\\\\\\":\\\\\\\"手机号\\\\\\\",\\\\\\\"isTableField\\\\\\\":true,\\\\\\\"fieldType\\\\\\\":\\\\\\\"varchar\\\\\\\",\\\\\\\"fieldLength\\\\\\\":20,\\\\\\\"pointLength\\\\\\\":0,\\\\\\\"isKey\\\\\\\":false,\\\\\\\"labelWidth\\\\\\\":null,\\\\\\\"showLabel\\\\\\\":true,\\\\\\\"changeTag\\\\\\\":true,\\\\\\\"tag\\\\\\\":\\\\\\\"el-input\\\\\\\",\\\\\\\"tagIcon\\\\\\\":\\\\\\\"input\\\\\\\",\\\\\\\"required\\\\\\\":true,\\\\\\\"layout\\\\\\\":\\\\\\\"colFormItem\\\\\\\",\\\\\\\"span\\\\\\\":24,\\\\\\\"document\\\\\\\":\\\\\\\"https://element.eleme.cn/#/zh-CN/component/input\\\\\\\",\\\\\\\"regList\\\\\\\":[{\\\\\\\"pattern\\\\\\\":\\\\\\\"/^1(3|4|5|7|8|9)\\\\\\\\\\\\\\\\d{9}$/\\\\\\\",\\\\\\\"message\\\\\\\":\\\\\\\"手机号格式错误\\\\\\\"}]},\\\\\\\"__slot__\\\\\\\":{\\\\\\\"prepend\\\\\\\":\\\\\\\"\\\\\\\",\\\\\\\"append\\\\\\\":\\\\\\\"\\\\\\\"},\\\\\\\"__vModel__\\\\\\\":\\\\\\\"mobile\\\\\\\",\\\\\\\"placeholder\\\\\\\":\\\\\\\"请输入\\\\\\\",\\\\\\\"style\\\\\\\":{\\\\\\\"width\\\\\\\":\\\\\\\"100%\\\\\\\"},\\\\\\\"clearable\\\\\\\":true,\\\\\\\"prefix-icon\\\\\\\":\\\\\\\"el-icon-mobile\\\\\\\",\\\\\\\"suffix-icon\\\\\\\":\\\\\\\"\\\\\\\",\\\\\\\"maxlength\\\\\\\":11,\\\\\\\"show-word-limit\\\\\\\":true,\\\\\\\"readonly\\\\\\\":false,\\\\\\\"disabled\\\\\\\":false},{\\\\\\\"__config__\\\\\\\":{\\\\\\\"label\\\\\\\":\\\\\\\"级联选择\\\\\\\",\\\\\\\"isTableField\\\\\\\":true,\\\\\\\"fieldType\\\\\\\":\\\\\\\"varchar\\\\\\\",\\\\\\\"fieldLength\\\\\\\":50,\\\\\\\"pointLength\\\\\\\":0,\\\\\\\"isKey\\\\\\\":false,\\\\\\\"url\\\\\\\":\\\\\\\"/zorg/zOrganization/tree\\\\\\\",\\\\\\\"method\\\\\\\":\\\\\\\"get\\\\\\\",\\\\\\\"dataPath\\\\\\\":\\\\\\\"data\\\\\\\",\\\\\\\"dataConsumer\\\\\\\":\\\\\\\"options\\\\\\\",\\\\\\\"showLabel\\\\\\\":true,\\\\\\\"labelWidth\\\\\\\":null,\\\\\\\"tag\\\\\\\":\\\\\\\"el-cascader\\\\\\\",\\\\\\\"tagIcon\\\\\\\":\\\\\\\"cascader\\\\\\\",\\\\\\\"layout\\\\\\\":\\\\\\\"colFormItem\\\\\\\",\\\\\\\"defaultValue\\\\\\\":null,\\\\\\\"dataType\\\\\\\":\\\\\\\"static\\\\\\\",\\\\\\\"span\\\\\\\":24,\\\\\\\"required\\\\\\\":false,\\\\\\\"regList\\\\\\\":[],\\\\\\\"changeTag\\\\\\\":true,\\\\\\\"document\\\\\\\":\\\\\\\"https://element.eleme.cn/#/zh-CN/component/cascader\\\\\\\",\\\\\\\"formId\\\\\\\":101,\\\\\\\"renderKey\\\\\\\":\\\\\\\"1011736412209265\\\\\\\"},\\\\\\\"options\\\\\\\":[],\\\\\\\"placeholder\\\\\\\":\\\\\\\"请选择级联选择\\\\\\\",\\\\\\\"style\\\\\\\":{\\\\\\\"width\\\\\\\":\\\\\\\"100%\\\\\\\"},\\\\\\\"props\\\\\\\":{\\\\\\\"props\\\\\\\":{\\\\\\\"multiple\\\\\\\":false,\\\\\\\"label\\\\\\\":\\\\\\\"orgName\\\\\\\",\\\\\\\"value\\\\\\\":\\\\\\\"orgId\\\\\\\",\\\\\\\"children\\\\\\\":\\\\\\\"children\\\\\\\"}},\\\\\\\"show-all-levels\\\\\\\":true,\\\\\\\"disabled\\\\\\\":false,\\\\\\\"clearable\\\\\\\":true,\\\\\\\"filterable\\\\\\\":false,\\\\\\\"separator\\\\\\\":\\\\\\\"/\\\\\\\",\\\\\\\"__vModel__\\\\\\\":\\\\\\\"field101\\\\\\\"},{\\\\\\\"__config__\\\\\\\":{\\\\\\\"label\\\\\\\":\\\\\\\"多选框组\\\\\\\",\\\\\\\"isTableField\\\\\\\":true,\\\\\\\"fieldType\\\\\\\":\\\\\\\"varchar\\\\\\\",\\\\\\\"fieldLength\\\\\\\":255,\\\\\\\"pointLength\\\\\\\":0,\\\\\\\"isKey\\\\\\\":false,\\\\\\\"url\\\\\\\":\\\\\\\"/role/list\\\\\\\",\\\\\\\"method\\\\\\\":\\\\\\\"get\\\\\\\",\\\\\\\"dataPath\\\\\\\":\\\\\\\"data.records\\\\\\\",\\\\\\\"dictUrl\\\\\\\":\\\\\\\"/dictData/zDictData/listCache\\\\\\\",\\\\\\\"dictCode\\\\\\\":\\\\\\\"sys_user_sex\\\\\\\",\\\\\\\"dictDataPath\\\\\\\":\\\\\\\"data\\\\\\\",\\\\\\\"dataConsumer\\\\\\\":\\\\\\\"__slot__.options\\\\\\\",\\\\\\\"showLabel\\\\\\\":true,\\\\\\\"labelWidth\\\\\\\":null,\\\\\\\"tag\\\\\\\":\\\\\\\"el-checkbox-group\\\\\\\",\\\\\\\"tagIcon\\\\\\\":\\\\\\\"checkbox\\\\\\\",\\\\\\\"layout\\\\\\\":\\\\\\\"colFormItem\\\\\\\",\\\\\\\"defaultValue\\\\\\\":[],\\\\\\\"dataType\\\\\\\":\\\\\\\"dynamic\\\\\\\",\\\\\\\"span\\\\\\\":24,\\\\\\\"optionType\\\\\\\":\\\\\\\"default\\\\\\\",\\\\\\\"required\\\\\\\":false,\\\\\\\"regList\\\\\\\":[],\\\\\\\"changeTag\\\\\\\":true,\\\\\\\"border\\\\\\\":false,\\\\\\\"document\\\\\\\":\\\\\\\"https://element.eleme.cn/#/zh-CN/component/checkbox\\\\\\\",\\\\\\\"formId\\\\\\\":102,\\\\\\\"renderKey\\\\\\\":\\\\\\\"1021736412211049\\\\\\\"},\\\\\\\"__slot__\\\\\\\":{\\\\\\\"options\\\\\\\":[{\\\\\\\"roleId\\\\\\\":\\\\\\\"032844a1f06890c0f689a7818ec6fbac\\\\\\\",\\\\\\\"roleName\\\\\\\":\\\\\\\"系统管理员\\\\\\\",\\\\\\\"roleDescription\\\\\\\":\\\\\\\"系统管理员\\\\\\\",\\\\\\\"roleOrder\\\\\\\":1,\\\\\\\"createTime\\\\\\\":\\\\\\\"2023-01-15T17:11:09\\\\\\\",\\\\\\\"updateTime\\\\\\\":\\\\\\\"2023-11-09T15:59:27\\\\\\\"},{\\\\\\\"roleId\\\\\\\":\\\\\\\"1c5da30bd1f387d036e438d19cebadec\\\\\\\",\\\\\\\"roleName\\\\\\\":\\\\\\\"222\\\\\\\",\\\\\\\"roleDescription\\\\\\\":\\\\\\\"222\\\\\\\",\\\\\\\"roleOrder\\\\\\\":1,\\\\\\\"createTime\\\\\\\":\\\\\\\"2024-10-12T17:59:52\\\\\\\",\\\\\\\"updateTime\\\\\\\":null},{\\\\\\\"roleId\\\\\\\":\\\\\\\"6c28e0351c57fce1f2e7b61a03a93992\\\\\\\",\\\\\\\"roleName\\\\\\\":\\\\\\\"测试测试\\\\\\\",\\\\\\\"roleDescription\\\\\\\":\\\\\\\"测试测试测试测试测试测试测试测试测试测试测试测试测试测试测试测试测试测试测试测试测试测试测试测试测试测试测试测试测试测试测试测试测试测试\\\\\\\",\\\\\\\"roleOrder\\\\\\\":1,\\\\\\\"createTime\\\\\\\":\\\\\\\"2023-01-15T17:11:26\\\\\\\",\\\\\\\"updateTime\\\\\\\":null},{\\\\\\\"roleId\\\\\\\":\\\\\\\"54eaea4ee678e9fa5c600e9be57626b9\\\\\\\",\\\\\\\"roleName\\\\\\\":\\\\\\\"注册用户\\\\\\\",\\\\\\\"roleDescription\\\\\\\":\\\\\\\"注意：注册用户在后台写死的角色，若删除可能导致注册功能报错\\\\\\\",\\\\\\\"roleOrder\\\\\\\":100,\\\\\\\"createTime\\\\\\\":\\\\\\\"2024-05-27T14:05:44\\\\\\\",\\\\\\\"updateTime\\\\\\\":\\\\\\\"2024-05-27T14:08:03\\\\\\\"}]},\\\\\\\"style\\\\\\\":{},\\\\\\\"props\\\\\\\":{\\\\\\\"props\\\\\\\":{\\\\\\\"label\\\\\\\":\\\\\\\"roleName\\\\\\\",\\\\\\\"value\\\\\\\":\\\\\\\"roleId\\\\\\\"}},\\\\\\\"size\\\\\\\":\\\\\\\"medium\\\\\\\",\\\\\\\"disabled\\\\\\\":false,\\\\\\\"__vModel__\\\\\\\":\\\\\\\"field102\\\\\\\"},{\\\\\\\"__config__\\\\\\\":{\\\\\\\"formId\\\\\\\":13,\\\\\\\"label\\\\\\\":\\\\\\\"顺序\\\\\\\",\\\\\\\"isTableField\\\\\\\":true,\\\\\\\"fieldType\\\\\\\":\\\\\\\"int\\\\\\\",\\\\\\\"fieldLength\\\\\\\":11,\\\\\\\"pointLength\\\\\\\":0,\\\\\\\"isKey\\\\\\\":false,\\\\\\\"showLabel\\\\\\\":true,\\\\\\\"changeTag\\\\\\\":true,\\\\\\\"labelWidth\\\\\\\":null,\\\\\\\"tag\\\\\\\":\\\\\\\"el-input-number\\\\\\\",\\\\\\\"tagIcon\\\\\\\":\\\\\\\"number\\\\\\\",\\\\\\\"defaultValue\\\\\\\":0,\\\\\\\"span\\\\\\\":24,\\\\\\\"layout\\\\\\\":\\\\\\\"colFormItem\\\\\\\",\\\\\\\"required\\\\\\\":true,\\\\\\\"regList\\\\\\\":[],\\\\\\\"document\\\\\\\":\\\\\\\"https://element.eleme.cn/#/zh-CN/component/input-number\\\\\\\"},\\\\\\\"placeholder\\\\\\\":\\\\\\\"请输入\\\\\\\",\\\\\\\"min\\\\\\\":0,\\\\\\\"step\\\\\\\":1,\\\\\\\"step-strictly\\\\\\\":false,\\\\\\\"controls-position\\\\\\\":\\\\\\\"\\\\\\\",\\\\\\\"disabled\\\\\\\":false,\\\\\\\"__vModel__\\\\\\\":\\\\\\\"order_index\\\\\\\"},{\\\\\\\"__config__\\\\\\\":{\\\\\\\"label\\\\\\\":\\\\\\\"ImageAvatar\\\\\\\",\\\\\\\"isTableField\\\\\\\":true,\\\\\\\"childTableName\\\\\\\":\\\\\\\"\\\\\\\",\\\\\\\"fieldType\\\\\\\":\\\\\\\"varchar\\\\\\\",\\\\\\\"fieldLength\\\\\\\":200,\\\\\\\"pointLength\\\\\\\":0,\\\\\\\"isKey\\\\\\\":false,\\\\\\\"tag\\\\\\\":\\\\\\\"image-avatar\\\\\\\",\\\\\\\"tagIcon\\\\\\\":\\\\\\\"upload\\\\\\\",\\\\\\\"layout\\\\\\\":\\\\\\\"colFormItem\\\\\\\",\\\\\\\"defaultValue\\\\\\\":null,\\\\\\\"showLabel\\\\\\\":true,\\\\\\\"labelWidth\\\\\\\":null,\\\\\\\"required\\\\\\\":false,\\\\\\\"span\\\\\\\":24,\\\\\\\"regList\\\\\\\":[],\\\\\\\"changeTag\\\\\\\":true,\\\\\\\"document\\\\\\\":\\\\\\\"https://element.eleme.cn/#/zh-CN/component/upload\\\\\\\",\\\\\\\"formId\\\\\\\":115,\\\\\\\"renderKey\\\\\\\":\\\\\\\"1151742181644461\\\\\\\"},\\\\\\\"action\\\\\\\":\\\\\\\"/upload/images\\\\\\\",\\\\\\\"disabled\\\\\\\":false,\\\\\\\"name\\\\\\\":\\\\\\\"file\\\\\\\",\\\\\\\"folder\\\\\\\":\\\\\\\"\\\\\\\",\\\\\\\"limitSize\\\\\\\":1024,\\\\\\\"__vModel__\\\\\\\":\\\\\\\"field115\\\\\\\"},{\\\\\\\"__config__\\\\\\\":{\\\\\\\"label\\\\\\\":\\\\\\\"富文本框\\\\\\\",\\\\\\\"isTableField\\\\\\\":true,\\\\\\\"fieldType\\\\\\\":\\\\\\\"longtext\\\\\\\",\\\\\\\"fieldLength\\\\\\\":0,\\\\\\\"pointLength\\\\\\\":0,\\\\\\\"isKey\\\\\\\":false,\\\\\\\"showLabel\\\\\\\":true,\\\\\\\"changeTag\\\\\\\":true,\\\\\\\"labelWidth\\\\\\\":null,\\\\\\\"tag\\\\\\\":\\\\\\\"my-wang-editor\\\\\\\",\\\\\\\"tagIcon\\\\\\\":\\\\\\\"rich-text\\\\\\\",\\\\\\\"defaultValue\\\\\\\":\\\\\\\"\\\\\\\",\\\\\\\"span\\\\\\\":24,\\\\\\\"layout\\\\\\\":\\\\\\\"colFormItem\\\\\\\",\\\\\\\"required\\\\\\\":false,\\\\\\\"regList\\\\\\\":[],\\\\\\\"document\\\\\\\":\\\\\\\"https://www.wangeditor.com/\\\\\\\",\\\\\\\"formId\\\\\\\":116,\\\\\\\"renderKey\\\\\\\":1742181702997},\\\\\\\"placeholder\\\\\\\":\\\\\\\"请输入富文本框\\\\\\\",\\\\\\\"height\\\\\\\":200,\\\\\\\"__vModel__\\\\\\\":\\\\\\\"field116\\\\\\\"}],\\\\\\\"tableName\\\\\\\":\\\\\\\"a_table\\\\\\\",\\\\\\\"tableDecription\\\\\\\":\\\\\\\"表描述\\\\\\\",\\\\\\\"basePackage\\\\\\\":\\\\\\\"com.kg.module\\\\\\\",\\\\\\\"tablePackage\\\\\\\":\\\\\\\"atable\\\\\\\",\\\\\\\"viewPath\\\\\\\":\\\\\\\"/atable\\\\\\\",\\\\\\\"author\\\\\\\":\\\\\\\"ziro\\\\\\\",\\\\\\\"formRef\\\\\\\":\\\\\\\"dataForm\\\\\\\",\\\\\\\"formModel\\\\\\\":\\\\\\\"temp\\\\\\\",\\\\\\\"size\\\\\\\":\\\\\\\"medium\\\\\\\",\\\\\\\"labelPosition\\\\\\\":\\\\\\\"right\\\\\\\",\\\\\\\"labelWidth\\\\\\\":100,\\\\\\\"formRules\\\\\\\":\\\\\\\"rules\\\\\\\",\\\\\\\"gutter\\\\\\\":15,\\\\\\\"span\\\\\\\":24,\\\\\\\"formBtns\\\\\\\":true}\\\",\\\"tableName\\\":\\\"a_table\\\",\\\"tableDecription\\\":\\\"表描述\\\",\\\"basePackage\\\":\\\"com.kg.module\\\",\\\"author\\\":\\\"ziro\\\",\\\"tablePackage\\\":\\\"atable\\\",\\\"viewPath\\\":\\\"/atable\\\",\\\"status\\\":\\\"1\\\",\\\"orderIndex\\\":0,\\\"createTime\\\":1736412266000,\\\"updateTime\\\":1742181711000}]\",\"params\":\"{}\"}', '/dashuserver/generator/zFormGenerator/update', '127.0.0.1', '2025-03-17 16:11:24');
INSERT INTO `z_operate_log` VALUES ('576ad7ee-e717-46ea-9992-7139852995c3', '1', 'admin', '/login/login', '用户登录成功', NULL, '/login/login', '39.174.248.46', '2024-12-31 14:54:31');
INSERT INTO `z_operate_log` VALUES ('58aa617d-c401-4007-88b5-ccf06758b579', 'a1711529-40bd-49d4-b276-1193588fedb0', 'test1', '/login/login', '用户登录成功', NULL, '/login/login', '223.104.195.113', '2025-04-24 09:04:11');
INSERT INTO `z_operate_log` VALUES ('5ab90769-ab07-40ee-a550-c353d7b300d0', '1', 'admin', '/login/login', '用户登录成功', NULL, '/login/login', '222.216.0.16', '2025-01-15 10:18:59');
INSERT INTO `z_operate_log` VALUES ('5b02f35d-acf0-4d7a-8d53-83fe8eba5384', 'a1711529-40bd-49d4-b276-1193588fedb0', 'test1', '/login/login', '用户登录成功', NULL, '/login/login', '39.144.200.67', '2025-02-15 18:49:51');
INSERT INTO `z_operate_log` VALUES ('5b6cbf5b-4c47-4435-ace1-a43c35c8076c', '1', 'admin', '/login/login', '用户登录成功', NULL, '/login/login', '127.0.0.1', '2025-02-18 13:51:06');
INSERT INTO `z_operate_log` VALUES ('5c4211ae-5345-438b-bcb3-bd1c8bf539ef', '1', 'dashuadmin', '/login/login', '用户登录成功', NULL, '/login/login', '58.57.95.202', '2025-05-09 16:14:05');
INSERT INTO `z_operate_log` VALUES ('5c7c2281-94c9-4925-90a8-8a9126d010f4', '1', 'dashuadmin', '/login/login', '用户登录成功', NULL, '/login/login', '222.95.106.17', '2025-05-08 21:01:00');
INSERT INTO `z_operate_log` VALUES ('5db0b6f9-f1aa-4135-b69c-fc33083b4ccb', '1', 'admin', '/login/login', '用户登录成功', NULL, '/login/login', '116.227.80.97', '2024-12-03 10:16:30');
INSERT INTO `z_operate_log` VALUES ('5ee60cc5-2a4f-44d9-8ccf-7e3d6ce0540d', '1', 'admin', '/login/login', '用户登录成功', NULL, '/login/login', '58.57.95.202', '2025-01-17 17:40:49');
INSERT INTO `z_operate_log` VALUES ('5ee7ce91-f71b-46ee-988b-739ec2e3ea53', '1', 'admin', '/login/login', '用户登录成功', NULL, '/login/login', '39.174.248.46', '2024-12-31 14:53:26');
INSERT INTO `z_operate_log` VALUES ('5ef2bb3c-0692-487b-a95b-a01af0ed622c', '1', 'admin', '/login/login', '用户登录成功', NULL, '/login/login', '58.57.95.202', '2025-02-07 14:35:35');
INSERT INTO `z_operate_log` VALUES ('5f99507c-d9eb-4883-8bdd-1674d4d482f1', '1', 'admin', '/login/login', '用户登录成功', NULL, '/login/login', '58.57.95.202', '2025-01-17 15:17:59');
INSERT INTO `z_operate_log` VALUES ('5f9eb423-4713-4461-91ab-539d956d58f1', '1', 'dashuadmin', '/login/login', '用户登录成功', NULL, '/login/login', '58.57.95.202', '2025-04-24 15:44:41');
INSERT INTO `z_operate_log` VALUES ('60073877-2d2e-4ba2-95d6-194e55f351ea', '1', 'admin', '/login/login', '用户登录成功', NULL, '/login/login', '58.57.95.202', '2025-03-06 09:41:00');
INSERT INTO `z_operate_log` VALUES ('60ecf660-d135-4c6a-9ed1-a3538f7a66a4', '1', 'admin', '/role/add', '添加角色', '{\"body\":\"[{\\\"roleId\\\":\\\"\\\",\\\"roleName\\\":\\\"ee\\\",\\\"roleDescription\\\":\\\"\\\",\\\"roleOrder\\\":1}]\",\"params\":\"{}\"}', '/dashuserver/role/add', '58.57.95.202', '2025-02-19 09:31:26');
INSERT INTO `z_operate_log` VALUES ('61249aad-bc18-45f6-9306-2b28c7441eb7', '1', 'admin', '/login/login', '用户登录成功', NULL, '/login/login', '58.57.95.202', '2024-12-19 11:02:30');
INSERT INTO `z_operate_log` VALUES ('62661c2d-5fdb-4ad7-9d59-7e88718be8b3', '1', 'admin', '/login/login', '用户登录成功', NULL, '/login/login', '58.57.95.202', '2024-12-18 15:12:45');
INSERT INTO `z_operate_log` VALUES ('626923cc-359d-424b-8b20-c608d42ba37e', '1', 'dashuadmin', '/permission/update', '修改资源（菜单，按钮）', '{\"body\":\"[{\\\"permissionId\\\":\\\"9d7e2230-94b3-11ed-ae3b-00163e2eaa5f\\\",\\\"parentId\\\":\\\"68901274-fb04-49b7-9b5c-3f9861e46fb9\\\",\\\"permissionName\\\":\\\"icons\\\",\\\"permissionDescription\\\":\\\"ICONS\\\",\\\"permissionType\\\":\\\"0\\\",\\\"permissionTitle\\\":\\\"ICONS\\\",\\\"permissionIcon\\\":\\\"icon\\\",\\\"permissionRouter\\\":\\\"/icons\\\",\\\"permissionComponent\\\":\\\"/icons/index\\\",\\\"permissionIsShow\\\":1,\\\"permissionIsEnabled\\\":1,\\\"noRedirect\\\":\\\"noRedirect\\\",\\\"noCache\\\":0,\\\"breadcrumb\\\":1,\\\"affix\\\":0,\\\"permissionOrder\\\":1,\\\"updateTime\\\":1685688616000}]\",\"params\":\"{}\"}', '/dashuserver/permission/update', '58.57.95.202', '2025-05-13 15:57:34');
INSERT INTO `z_operate_log` VALUES ('628100a3-06ad-476b-8d65-3cb33da9b1e4', '1', 'admin', '/login/login', '用户登录成功', NULL, '/login/login', '123.185.222.140', '2024-11-27 12:20:35');
INSERT INTO `z_operate_log` VALUES ('65403e8c-8cb3-4e07-a379-6fe6a43137d2', '1', 'admin', '/login/login', '用户登录成功', NULL, '/login/login', '58.57.95.202', '2024-12-20 08:45:06');
INSERT INTO `z_operate_log` VALUES ('65ccb285-a745-45db-bc4a-5858f51c82da', '1', 'admin', '/login/login', '用户登录成功', NULL, '/login/login', '117.32.251.94', '2025-01-24 15:31:34');
INSERT INTO `z_operate_log` VALUES ('660269df-9ceb-484f-8b5d-d2c3d4d3161e', '1', 'admin', '/login/login', '用户登录成功', NULL, '/login/login', '58.57.95.202', '2024-12-18 17:02:19');
INSERT INTO `z_operate_log` VALUES ('6696dca5-ca48-494c-bf1e-1820865d9610', '1', 'admin', '/permission/delete', '删除资源（菜单，按钮等）', '{\"body\":\"[[\\\"83270c2d-a802-4516-8581-a5b3d21d81dd\\\"]]\",\"params\":\"{}\"}', '/dashuserver/permission/delete', '58.57.95.202', '2025-03-22 09:14:37');
INSERT INTO `z_operate_log` VALUES ('669d300e-b113-4134-9ec6-7eb659ee1913', '1', 'admin', '/login/login', '用户登录成功', NULL, '/login/login', '58.57.95.202', '2025-02-17 16:51:03');
INSERT INTO `z_operate_log` VALUES ('66ca4237-f319-44b5-9760-c1f377963c19', '1', 'admin', '/login/login', '用户登录成功', NULL, '/login/login', '124.126.11.236', '2025-01-10 10:43:22');
INSERT INTO `z_operate_log` VALUES ('67014bad-a02f-466a-835e-e0b7deaa03c7', '1', 'admin', '/login/login', '用户登录成功', NULL, '/login/login', '58.57.95.202', '2025-01-17 17:36:10');
INSERT INTO `z_operate_log` VALUES ('684211b0-0c9f-43ce-934b-080c18d34ffb', '1', 'admin', '/login/login', '用户登录成功', NULL, '/login/login', '116.231.54.128', '2025-01-06 16:15:44');
INSERT INTO `z_operate_log` VALUES ('691ec67b-ebb0-4c5f-a322-80b8378b9508', '1', 'admin', '/login/login', '用户登录成功', NULL, '/login/login', '58.57.95.202', '2025-01-20 13:46:29');
INSERT INTO `z_operate_log` VALUES ('69849de2-423d-4049-8c6a-9a4107159e93', '1', 'admin', '/permission/changeIsEnabled', '启用/禁用菜单', '{\"body\":\"[{\\\"permissionId\\\":\\\"43d0b63e-1b86-40f8-bd98-c5b82b745b46\\\",\\\"permissionIsShow\\\":0,\\\"permissionIsEnabled\\\":1,\\\"noCache\\\":0,\\\"breadcrumb\\\":0,\\\"affix\\\":0}]\",\"params\":\"{}\"}', '/dashuserver/permission/changeIsEnabled', '58.57.95.202', '2025-01-11 17:36:00');
INSERT INTO `z_operate_log` VALUES ('69c2ff3c-c143-474e-85ac-9610b852cd6e', '1', 'admin', '/sms/demoSms/add', '新增-短信 - demo', '{\"body\":\"[{\\\"smsChannel\\\":\\\"阿里云短信\\\",\\\"smsPhones\\\":\\\"15286930694\\\",\\\"sendJson\\\":\\\"{\\\\\\\"code\\\\\\\":\\\\\\\"1111\\\\\\\"}\\\",\\\"smsTemplate\\\":\\\" 您正在使用阿里云短信测试服务，体验验证码是：${code}，如非本人操作，请忽略本短信！\\\"}]\",\"params\":\"{}\"}', '/dashuserver/sms/demoSms/add', '127.0.0.1', '2025-02-18 13:57:59');
INSERT INTO `z_operate_log` VALUES ('69eb1f98-0324-4b1e-bdea-1251759e35b9', '1', 'admin', '/login/login', '用户登录成功', NULL, '/login/login', '58.57.95.202', '2024-12-18 11:30:10');
INSERT INTO `z_operate_log` VALUES ('6a107ec2-8f7a-4827-80a8-ac7145cde08a', '1', 'dashuadmin', '/login/login', '用户登录成功', NULL, '/login/login', '123.14.17.113', '2025-04-26 16:19:16');
INSERT INTO `z_operate_log` VALUES ('6a45a11c-8907-4660-a026-e8a41e665d47', '1', 'admin', '/login/login', '用户登录成功', NULL, '/login/login', '117.183.154.5', '2025-01-08 00:18:13');
INSERT INTO `z_operate_log` VALUES ('6aa2dc9d-9705-42a4-9671-03cf9b3000f2', '1', 'dashuadmin', '/permission/update', '修改资源（菜单，按钮）', '{\"body\":\"[{\\\"permissionId\\\":\\\"bc5d6a89-d073-4f6f-9b5e-911d5d08b004\\\",\\\"parentId\\\":\\\"68901274-fb04-49b7-9b5c-3f9861e46fb9\\\",\\\"permissionName\\\":\\\"6aa3f297-d86e-43c7-9cc7-3d9ccaab6ef9\\\",\\\"permissionDescription\\\":\\\"框架演示地址\\\",\\\"permissionType\\\":\\\"2\\\",\\\"permissionTitle\\\":\\\"框架演示地址\\\",\\\"permissionIcon\\\":\\\"example\\\",\\\"permissionRouter\\\":\\\"http://yanshi.java119.cn/\\\",\\\"permissionComponent\\\":\\\"\\\",\\\"permissionIsShow\\\":1,\\\"permissionIsEnabled\\\":1,\\\"noRedirect\\\":\\\"noRedirect\\\",\\\"noCache\\\":0,\\\"breadcrumb\\\":1,\\\"affix\\\":0,\\\"permissionOrder\\\":10,\\\"createTime\\\":1702951724000,\\\"updateTime\\\":1702963401000}]\",\"params\":\"{}\"}', '/dashuserver/permission/update', '58.57.95.202', '2025-05-13 15:57:45');
INSERT INTO `z_operate_log` VALUES ('6ba4f8a9-29cf-46e0-b2f9-4743c27d1df3', '1', 'admin', '/login/login', '用户登录成功', NULL, '/login/login', '58.57.95.202', '2025-03-17 15:51:39');
INSERT INTO `z_operate_log` VALUES ('6ba8c7d5-c742-47a9-ad0e-0ea1b21104f2', '1', 'admin', '/user/reset/password', '重置密码', '{\"body\":\"[[\\\"2a2213a0-2931-461e-8af3-6c1acb170edc\\\"]]\",\"params\":\"{}\"}', '/dashuserver/user/reset/password', '39.174.248.46', '2024-12-31 14:55:15');
INSERT INTO `z_operate_log` VALUES ('6bb768bc-6ae9-49bb-b160-e16a6f870605', '1', 'admin', '/permission/api/savePermissionApi', '保存资源和API关联关系', '{\"body\":\"[{\\\"permissionId\\\":\\\"4f534b05-7b90-43ec-9884-613243db10fb\\\",\\\"apiIds\\\":[\\\"e6eeef03-20fd-441e-afe6-b9735148927f\\\"]}]\",\"params\":\"{}\"}', '/dashuserver/permission/api/savePermissionApi', '113.218.252.217', '2025-02-10 22:46:41');
INSERT INTO `z_operate_log` VALUES ('6bbc2cd3-08d6-40c3-9598-e1751c7044ba', '1', 'admin', '/permission/api/savePermissionApi', '保存资源和API关联关系', '{\"body\":\"[{\\\"permissionId\\\":\\\"43d0b63e-1b86-40f8-bd98-c5b82b745b46\\\",\\\"apiIds\\\":[\\\"a1b3a310-1ed9-42ac-9423-4c71effd0ce5\\\",\\\"9ea479ff-f0d6-4c3b-bce9-e1ce6249f7bf\\\",\\\"98fec7a4-467f-4c2d-b3ec-ea71b1b101cb\\\"]}]\",\"params\":\"{}\"}', '/dashuserver/permission/api/savePermissionApi', '127.0.0.1', '2024-12-27 09:22:28');
INSERT INTO `z_operate_log` VALUES ('6c7cdec8-7bb0-4aef-8034-fc68c288674a', 'a1711529-40bd-49d4-b276-1193588fedb0', 'test1', '/login/login', '用户登录成功', NULL, '/login/login', '58.57.95.202', '2025-01-20 11:28:53');
INSERT INTO `z_operate_log` VALUES ('6d77845d-589a-4e20-bc76-956c9cf2003e', '1', 'dashuadmin', '/login/login', '用户登录成功', NULL, '/login/login', '58.57.95.202', '2025-05-14 08:44:42');
INSERT INTO `z_operate_log` VALUES ('6e713a96-6649-43e9-a1c8-5c05505e4a02', '1', 'admin', '/login/login', '用户登录成功', NULL, '/login/login', '112.113.52.184', '2025-02-04 22:17:43');
INSERT INTO `z_operate_log` VALUES ('70072f7e-927a-4b2f-864a-65a5a7197e84', '1', 'admin', '/login/login', '用户登录成功', NULL, '/login/login', '127.0.0.1', '2025-01-14 09:27:44');
INSERT INTO `z_operate_log` VALUES ('713ee9f3-2993-4d0f-a339-45fcd04ae550', '1', 'admin', '/login/login', '用户登录成功', NULL, '/login/login', '58.57.95.202', '2025-02-22 14:06:40');
INSERT INTO `z_operate_log` VALUES ('71b352ea-d8d3-4f91-b26e-a50d1a5338f8', '1', 'admin', '/login/login', '用户登录成功', NULL, '/login/login', '124.126.11.236', '2025-01-17 14:41:03');
INSERT INTO `z_operate_log` VALUES ('71faeadb-4e17-476d-8653-9f04bfac8703', '1', 'admin', '/login/login', '用户登录成功', NULL, '/login/login', '58.57.95.202', '2025-03-24 10:48:36');
INSERT INTO `z_operate_log` VALUES ('72d322f2-cc25-4315-909e-a0f2cc1531fd', '1', 'admin', '/user/edit/password', '修改用户密码', '{\"body\":\"[{\\\"oldPassword\\\":\\\"234\\\",\\\"password\\\":\\\"234\\\",\\\"isDefaultPassword\\\":false}]\",\"params\":\"{}\"}', '/dashuserver/user/edit/password', '58.57.95.202', '2024-12-18 09:56:09');
INSERT INTO `z_operate_log` VALUES ('72e1494c-4986-455a-a6ee-5d277d8bab2d', '1', 'dashuadmin', '/login/login', '用户登录成功', NULL, '/login/login', '42.200.231.141', '2025-04-28 21:59:53');
INSERT INTO `z_operate_log` VALUES ('72f5e504-e9c1-4fb3-ba13-e32fee81c154', '1', 'dashuadmin', '/sms/demoSms/add', '新增-短信 - demo', '{\"body\":\"[{\\\"smsChannel\\\":\\\"阿里云短信\\\",\\\"smsPhones\\\":\\\"13022786800\\\",\\\"sendJson\\\":\\\"{\\\\\\\"code\\\\\\\":\\\\\\\"1234\\\\\\\"}\\\",\\\"smsTemplate\\\":\\\" 您正在使用阿里云短信测试服务，体验验证码是：${code}，如非本人操作，请忽略本短信！\\\"}]\",\"params\":\"{}\"}', '/dashuserver/sms/demoSms/add', '58.57.95.202', '2025-05-20 14:11:14');
INSERT INTO `z_operate_log` VALUES ('734e4e61-b70d-485d-b7e7-be234672707e', 'a1711529-40bd-49d4-b276-1193588fedb0', 'test1', '/login/login', '用户登录成功', NULL, '/login/login', '58.57.95.202', '2025-03-07 10:34:27');
INSERT INTO `z_operate_log` VALUES ('73626602-ffe7-40fa-ad83-a947bf798794', '1', 'dashuadmin', '/login/login', '用户登录成功', NULL, '/login/login', '58.57.95.202', '2025-04-25 07:55:16');
INSERT INTO `z_operate_log` VALUES ('7627f3a4-99ca-478e-9aa5-f33d87bfa0eb', '1', 'admin', '/role/add', '添加角色', '{\"body\":\"[{\\\"roleId\\\":\\\"\\\",\\\"roleName\\\":\\\"cc\\\",\\\"roleDescription\\\":\\\"\\\",\\\"roleOrder\\\":1}]\",\"params\":\"{}\"}', '/dashuserver/role/add', '58.57.95.202', '2025-02-19 09:31:18');
INSERT INTO `z_operate_log` VALUES ('76631ef8-ed63-4de8-864f-f0ace6a02e3b', '1', 'admin', '/login/login', '用户登录成功', NULL, '/login/login', '127.0.0.1', '2024-12-27 09:15:57');
INSERT INTO `z_operate_log` VALUES ('766d9beb-2507-4245-9987-e1f91e200abd', 'a1711529-40bd-49d4-b276-1193588fedb0', 'test1', '/login/login', '用户登录成功', NULL, '/login/login', '58.57.95.202', '2025-04-25 07:54:29');
INSERT INTO `z_operate_log` VALUES ('76866321-4d61-4aab-a66c-9c7ed97f89fd', '1', 'admin', '/login/login', '用户登录成功', NULL, '/login/login', '114.254.37.82', '2024-12-20 20:42:22');
INSERT INTO `z_operate_log` VALUES ('77d7691c-3a69-480e-8107-143e5edc85bd', '1', 'dashuadmin', '/sms/demoSms/add', '新增-短信 - demo', '{\"body\":\"[{\\\"smsChannel\\\":\\\"阿里云短信\\\",\\\"smsPhones\\\":\\\"13312345678\\\",\\\"sendJson\\\":\\\"{\\\\\\\"code\\\\\\\":\\\\\\\"2344\\\\\\\"}\\\",\\\"smsTemplate\\\":\\\" 您正在使用阿里云短信测试服务，体验验证码是：${code}，如非本人操作，请忽略本短信！\\\"}]\",\"params\":\"{}\"}', '/dashuserver/sms/demoSms/add', '180.233.87.217', '2025-05-06 23:07:07');
INSERT INTO `z_operate_log` VALUES ('780e433a-a85e-4257-a9aa-8303c351dcb2', '1', 'admin', '/login/login', '用户登录成功', NULL, '/login/login', '58.57.95.202', '2025-02-07 14:32:17');
INSERT INTO `z_operate_log` VALUES ('7843e12b-76ad-45fd-8f7d-5868c1836c19', 'a1711529-40bd-49d4-b276-1193588fedb0', 'test1', '/login/login', '用户登录成功', NULL, '/login/login', '112.224.176.93', '2025-01-17 17:41:47');
INSERT INTO `z_operate_log` VALUES ('79ad8bec-b029-482d-bc9b-6c6cd082abf1', '1', 'admin', '/login/login', '用户登录成功', NULL, '/login/login', '112.224.176.93', '2025-01-17 17:40:26');
INSERT INTO `z_operate_log` VALUES ('79b70f6c-eb09-446e-b3fb-f881c2675cf1', '1', 'admin', '/login/login', '用户登录成功', NULL, '/login/login', '58.57.95.202', '2025-01-17 15:22:38');
INSERT INTO `z_operate_log` VALUES ('7a453f8d-8e67-4e81-ba3d-923a5ed1f6c9', '1', 'admin', '/login/login', '用户登录成功', NULL, '/login/login', '58.57.95.202', '2024-12-05 16:43:17');
INSERT INTO `z_operate_log` VALUES ('7a9edd7b-d9f7-40b7-afcf-77fc3d5e6d03', '1', 'admin', '/login/login', '用户登录成功', NULL, '/login/login', '58.57.95.202', '2025-01-11 11:25:39');
INSERT INTO `z_operate_log` VALUES ('7af28b13-1d78-4d51-a002-3665bf79be9a', '1', 'admin', '/login/login', '用户登录成功', NULL, '/login/login', '58.57.95.202', '2025-01-17 15:19:10');
INSERT INTO `z_operate_log` VALUES ('7b3b6c1a-0ef1-43e8-97be-b6b43334a8a2', '1', 'admin', '/user/edit/password', '修改用户密码', '{\"body\":\"[{\\\"isDefaultPassword\\\":false}]\",\"params\":\"{}\"}', '/dashuserver/user/edit/password', '58.57.95.202', '2024-12-18 09:55:33');
INSERT INTO `z_operate_log` VALUES ('7d0ee512-a3eb-489c-853d-f39b1eef3aeb', '1', 'admin', '/login/login', '用户登录成功', NULL, '/login/login', '58.57.95.202', '2025-02-22 09:04:58');
INSERT INTO `z_operate_log` VALUES ('7d9a14ae-3eef-4440-affd-6966f9317474', '1', 'admin', '/login/login', '用户登录成功', NULL, '/login/login', '123.131.4.255', '2025-03-07 22:51:10');
INSERT INTO `z_operate_log` VALUES ('7de86f53-0462-477d-9b6e-369844e22ee7', '1', 'admin', '/user/edit/password', '修改用户密码', '{\"body\":\"[{\\\"oldPassword\\\":\\\"123\\\",\\\"password\\\":\\\"123\\\",\\\"isDefaultPassword\\\":false}]\",\"params\":\"{}\"}', '/dashuserver/user/edit/password', '58.57.95.202', '2024-12-20 13:47:51');
INSERT INTO `z_operate_log` VALUES ('7e26d28a-0901-48a9-b0b5-c6d4d56375d6', '1', 'admin', '/login/login', '用户登录成功', NULL, '/login/login', '58.57.95.202', '2025-03-07 10:34:50');
INSERT INTO `z_operate_log` VALUES ('7e9728f7-9dd7-4295-a899-21fc6f47338d', '1', 'admin', '/user/delete', '删除用户', '{\"body\":\"[[\\\"77008e01-ada6-4abb-8d25-6479d571de1a\\\",\\\"a1711529-40bd-49d4-b276-1193588fedb0\\\",\\\"b7433e5d-07e0-48a8-bc90-559f18f5ab76\\\",\\\"593a09b3-7ddd-452a-9d0e-a8143f8a6012\\\",\\\"54eb616a-741f-4302-9bb8-360c4346ac69\\\",\\\"e02e709c-1dba-4c9f-9606-45ca749a7d06\\\",\\\"e71ffa9e-9aad-401f-9f0f-c1d697afbf54\\\",\\\"dddbfc33-f66d-4a50-8747-e48abfc52ccb\\\",\\\"4fc27e5a-7de0-458c-a3cd-accbf0486c4a\\\",\\\"1d6b6582-6ca6-44c4-9ffb-e1e83b94353f\\\"]]\",\"params\":\"{}\"}', '/dashuserver/user/delete', '39.174.248.46', '2024-12-31 14:54:22');
INSERT INTO `z_operate_log` VALUES ('7ea3bcc5-e369-4303-8cae-f80e09cb41a4', '1', 'admin', '/login/login', '用户登录成功', NULL, '/login/login', '223.104.208.46', '2024-12-05 11:00:51');
INSERT INTO `z_operate_log` VALUES ('8138101c-6a21-4100-bc7d-f953be39135a', '1', 'admin', '/login/login', '用户登录成功', NULL, '/login/login', '58.57.95.202', '2025-02-22 10:20:48');
INSERT INTO `z_operate_log` VALUES ('815da3c1-1e52-4b39-b2fe-37eeb45cb44e', '1', 'admin', '/login/login', '用户登录成功', NULL, '/login/login', '58.57.95.202', '2024-12-20 11:23:53');
INSERT INTO `z_operate_log` VALUES ('81caed51-24d1-4c49-a75f-4e1924511b6e', '1', 'admin', '/login/login', '用户登录成功', NULL, '/login/login', '58.57.95.202', '2025-01-20 10:45:46');
INSERT INTO `z_operate_log` VALUES ('831e6199-3c3e-4a3f-aa3b-afba98511fec', '1', 'admin', '/role/add', '添加角色', '{\"body\":\"[{\\\"roleId\\\":\\\"\\\",\\\"roleName\\\":\\\"ff\\\",\\\"roleDescription\\\":\\\"\\\",\\\"roleOrder\\\":1}]\",\"params\":\"{}\"}', '/dashuserver/role/add', '58.57.95.202', '2025-02-19 09:31:29');
INSERT INTO `z_operate_log` VALUES ('83b5267f-a7dc-4d70-a70c-b0c1a0d17f56', '1', 'dashuadmin', '/zquartz/zQuartz/update', '修改-定时任务调度', '{\"body\":\"[{\\\"quartzId\\\":\\\"93d90dba-2fb9-4f33-8063-4ceb2aedf3b2\\\",\\\"jobName\\\":\\\"定时删除操作日志任务\\\",\\\"jobClass\\\":\\\"com.kg.core.quartz.job.DeleteOperateLogJob\\\",\\\"jobTimeCron\\\":\\\"0 30 0 * * ?\\\",\\\"description\\\":\\\"每天0:30执行\\\\n定时删除操作日志z_operate_log\\\\n默认保留180天\\\\n可以在配置文件中配置com.kg.auto-operate-log\\\",\\\"status\\\":\\\"1\\\",\\\"createTime\\\":1699490790000,\\\"updateTime\\\":1735263200000}]\",\"params\":\"{}\"}', '/dashuserver/zquartz/zQuartz/update', '58.57.95.202', '2025-05-09 16:14:43');
INSERT INTO `z_operate_log` VALUES ('83d7a889-41d7-42fc-b95c-7caf650e5502', '1', 'admin', '/login/login', '用户登录成功', NULL, '/login/login', '58.57.95.202', '2025-01-13 11:10:06');
INSERT INTO `z_operate_log` VALUES ('84dae74d-c17b-4cf3-973d-b5367d10b51d', '1', 'admin', '/login/login', '用户登录成功', NULL, '/login/login', '58.57.95.202', '2024-12-20 11:22:13');
INSERT INTO `z_operate_log` VALUES ('853b24a4-735b-4ab6-9db8-3bed77efb3ab', 'b7433e5d-07e0-48a8-bc90-559f18f5ab76', 'test', '/user/edit/password', '修改用户密码', '{\"body\":\"[{\\\"userId\\\":\\\"\\\",\\\"password\\\":\\\"qwer@123\\\",\\\"isDefaultPassword\\\":true}]\",\"params\":\"{}\"}', '/dashuserver/user/edit/password', '123.131.4.255', '2025-03-07 22:50:16');
INSERT INTO `z_operate_log` VALUES ('85a6edfe-70f0-4114-9c8e-7c4da2c38549', '1', 'admin', '/login/login', '用户登录成功', NULL, '/login/login', '58.57.95.202', '2025-01-11 11:21:10');
INSERT INTO `z_operate_log` VALUES ('85cf1d12-877d-49a8-be8b-972adae4aba3', '1', 'admin', '/login/login', '用户登录成功', NULL, '/login/login', '117.129.66.69', '2025-01-21 23:10:17');
INSERT INTO `z_operate_log` VALUES ('861fb573-19e5-48c4-ab99-a48cd2e79268', '1', 'dashuadmin', '/login/login', '用户登录成功', NULL, '/login/login', '58.57.95.202', '2025-04-25 07:52:40');
INSERT INTO `z_operate_log` VALUES ('881236b0-51e7-42e4-9767-9b870bf83379', '1', 'admin', '/login/login', '用户登录成功', NULL, '/login/login', '58.57.95.202', '2025-02-07 14:21:56');
INSERT INTO `z_operate_log` VALUES ('8a323a14-9db7-41b1-90de-323ae474a703', '1', 'admin', '/login/login', '用户登录成功', NULL, '/login/login', '58.57.95.202', '2025-01-17 15:14:30');
INSERT INTO `z_operate_log` VALUES ('8aaf5837-f820-4e27-9409-fe962ef6dcd9', '1', 'admin', '/login/login', '用户登录成功', NULL, '/login/login', '124.126.11.236', '2025-01-20 15:34:00');
INSERT INTO `z_operate_log` VALUES ('8b5a306f-da16-4311-9af2-017b3a658e64', 'a1711529-40bd-49d4-b276-1193588fedb0', 'test1', '/login/login', '用户登录成功', NULL, '/login/login', '58.57.95.202', '2025-02-07 10:32:56');
INSERT INTO `z_operate_log` VALUES ('8b60b5b2-164b-47b1-96e5-164ab495dd62', '1', 'admin', '/login/login', '用户登录成功', NULL, '/login/login', '123.131.4.255', '2025-03-07 22:48:14');
INSERT INTO `z_operate_log` VALUES ('8ba7d432-e9a2-492c-be67-0ca384b75b30', '1', 'admin', '/login/login', '用户登录成功', NULL, '/login/login', '58.57.95.202', '2024-12-18 08:32:00');
INSERT INTO `z_operate_log` VALUES ('8bc9f485-05b5-4717-a8f3-2cabd9987bc4', '1', 'admin', '/login/login', '用户登录成功', NULL, '/login/login', '58.57.95.202', '2025-03-07 13:55:51');
INSERT INTO `z_operate_log` VALUES ('8c2a35b2-93fa-4078-b52c-08f298a2bb73', '1', 'admin', '/login/login', '用户登录成功', NULL, '/login/login', '183.229.172.15', '2025-04-09 21:29:44');
INSERT INTO `z_operate_log` VALUES ('8c8174b9-2e68-4ee9-8445-cf39ee5ec22d', '1', 'admin', '/login/login', '用户登录成功', NULL, '/login/login', '58.57.95.202', '2025-01-13 10:05:33');
INSERT INTO `z_operate_log` VALUES ('8d2b9ffd-d5ef-49dc-ad74-123665976947', '1', 'admin', '/login/login', '用户登录成功', NULL, '/login/login', '58.57.95.202', '2025-01-17 17:39:55');
INSERT INTO `z_operate_log` VALUES ('8d981f38-7f8d-4610-b4c8-43876facc106', '1', 'admin', '/login/login', '用户登录成功', NULL, '/login/login', '14.153.86.91', '2024-11-28 09:14:29');
INSERT INTO `z_operate_log` VALUES ('8da039e5-880b-4bd7-aef6-8bff268b3c02', '1', 'dashuadmin', '/login/login', '用户登录成功', NULL, '/login/login', '27.185.27.180', '2025-04-29 16:58:22');
INSERT INTO `z_operate_log` VALUES ('8ef43ac9-5e87-4928-beb8-e0b100c1e769', '1', 'dashuadmin', '/login/login', '用户登录成功', NULL, '/login/login', '124.114.245.228', '2025-05-16 15:26:42');
INSERT INTO `z_operate_log` VALUES ('90b4380f-2914-4f49-b308-6c71a3fe6202', '1', 'admin', '/user/change/status', '启用/禁用用户', '{\"body\":\"[{\\\"userIds\\\":[\\\"2a2213a0-2931-461e-8af3-6c1acb170edc\\\"],\\\"status\\\":\\\"1\\\"}]\",\"params\":\"{}\"}', '/dashuserver/user/change/status', '39.174.248.46', '2024-12-31 14:55:12');
INSERT INTO `z_operate_log` VALUES ('917bf16e-1bbf-47e5-a734-100a43193005', '1', 'admin', '/login/login', '用户登录成功', NULL, '/login/login', '49.77.56.48', '2024-12-09 23:12:35');
INSERT INTO `z_operate_log` VALUES ('92cad6f6-766d-4157-bfbc-796d499b69e1', '1', 'admin', '/login/login', '用户登录成功', NULL, '/login/login', '58.57.95.202', '2024-12-27 08:55:10');
INSERT INTO `z_operate_log` VALUES ('93ac0ee8-e789-4c55-ab38-d3a104bec9a0', '1', 'dashuadmin', '/login/login', '用户登录成功', NULL, '/login/login', '185.216.117.252', '2025-05-13 16:17:57');
INSERT INTO `z_operate_log` VALUES ('93f76332-c945-48c9-9bf2-67f21a922510', '1', 'admin', '/login/login', '用户登录成功', NULL, '/login/login', '58.57.95.202', '2025-02-22 10:46:18');
INSERT INTO `z_operate_log` VALUES ('971e7fe8-f275-4bac-9b20-41685abb690f', '1', 'admin', '/login/login', '用户登录成功', NULL, '/login/login', '116.231.54.128', '2025-01-06 10:33:24');
INSERT INTO `z_operate_log` VALUES ('97708a08-eaf1-43a5-8d84-9f0974f438cb', '1', 'admin', '/login/login', '用户登录成功', NULL, '/login/login', '183.6.105.234', '2025-01-13 14:59:58');
INSERT INTO `z_operate_log` VALUES ('988b0436-6a73-47ef-a68f-9ca752abab90', '1', 'admin', '/user/edit/password', '修改用户密码', '{\"body\":\"[{\\\"oldPassword\\\":\\\"123\\\",\\\"password\\\":\\\"123\\\",\\\"isDefaultPassword\\\":false}]\",\"params\":\"{}\"}', '/dashuserver/user/edit/password', '58.57.95.202', '2024-12-20 13:42:52');
INSERT INTO `z_operate_log` VALUES ('99a317e6-82d2-44a8-bab7-aaaecc6872e9', '1', 'admin', '/login/login', '用户登录成功', NULL, '/login/login', '58.57.95.202', '2025-02-24 14:13:29');
INSERT INTO `z_operate_log` VALUES ('99c1222f-a946-4625-8245-c14df0776456', '1', 'admin', '/generator/zFormGenerator/update', '修改-代码生成器表单', '{\"body\":\"[{\\\"formId\\\":\\\"27a68e65-d9d9-40a5-8dca-08b945b8bc96\\\",\\\"formName\\\":\\\"222222\\\",\\\"formJson\\\":\\\"{\\\\\\\"fields\\\\\\\":[{\\\\\\\"__config__\\\\\\\":{\\\\\\\"formId\\\\\\\":11,\\\\\\\"label\\\\\\\":\\\\\\\"主键\\\\\\\",\\\\\\\"isTableField\\\\\\\":true,\\\\\\\"fieldType\\\\\\\":\\\\\\\"varchar\\\\\\\",\\\\\\\"fieldLength\\\\\\\":36,\\\\\\\"pointLength\\\\\\\":0,\\\\\\\"isKey\\\\\\\":true,\\\\\\\"tag\\\\\\\":\\\\\\\"el-key\\\\\\\",\\\\\\\"required\\\\\\\":true,\\\\\\\"layout\\\\\\\":\\\\\\\"colFormItem\\\\\\\"},\\\\\\\"__slot__\\\\\\\":{\\\\\\\"prepend\\\\\\\":\\\\\\\"\\\\\\\",\\\\\\\"append\\\\\\\":\\\\\\\"\\\\\\\"},\\\\\\\"__vModel__\\\\\\\":\\\\\\\"id\\\\\\\"},{\\\\\\\"__config__\\\\\\\":{\\\\\\\"formId\\\\\\\":12,\\\\\\\"label\\\\\\\":\\\\\\\"手机号\\\\\\\",\\\\\\\"isTableField\\\\\\\":true,\\\\\\\"fieldType\\\\\\\":\\\\\\\"varchar\\\\\\\",\\\\\\\"fieldLength\\\\\\\":20,\\\\\\\"pointLength\\\\\\\":0,\\\\\\\"isKey\\\\\\\":false,\\\\\\\"labelWidth\\\\\\\":null,\\\\\\\"showLabel\\\\\\\":true,\\\\\\\"changeTag\\\\\\\":true,\\\\\\\"tag\\\\\\\":\\\\\\\"el-input\\\\\\\",\\\\\\\"tagIcon\\\\\\\":\\\\\\\"input\\\\\\\",\\\\\\\"required\\\\\\\":true,\\\\\\\"layout\\\\\\\":\\\\\\\"colFormItem\\\\\\\",\\\\\\\"span\\\\\\\":24,\\\\\\\"document\\\\\\\":\\\\\\\"https://element.eleme.cn/#/zh-CN/component/input\\\\\\\",\\\\\\\"regList\\\\\\\":[{\\\\\\\"pattern\\\\\\\":\\\\\\\"/^1(3|4|5|7|8|9)\\\\\\\\\\\\\\\\d{9}$/\\\\\\\",\\\\\\\"message\\\\\\\":\\\\\\\"手机号格式错误\\\\\\\"}]},\\\\\\\"__slot__\\\\\\\":{\\\\\\\"prepend\\\\\\\":\\\\\\\"\\\\\\\",\\\\\\\"append\\\\\\\":\\\\\\\"\\\\\\\"},\\\\\\\"__vModel__\\\\\\\":\\\\\\\"mobile\\\\\\\",\\\\\\\"placeholder\\\\\\\":\\\\\\\"请输入\\\\\\\",\\\\\\\"style\\\\\\\":{\\\\\\\"width\\\\\\\":\\\\\\\"100%\\\\\\\"},\\\\\\\"clearable\\\\\\\":true,\\\\\\\"prefix-icon\\\\\\\":\\\\\\\"el-icon-mobile\\\\\\\",\\\\\\\"suffix-icon\\\\\\\":\\\\\\\"\\\\\\\",\\\\\\\"maxlength\\\\\\\":11,\\\\\\\"show-word-limit\\\\\\\":true,\\\\\\\"readonly\\\\\\\":false,\\\\\\\"disabled\\\\\\\":false},{\\\\\\\"__config__\\\\\\\":{\\\\\\\"label\\\\\\\":\\\\\\\"级联选择\\\\\\\",\\\\\\\"isTableField\\\\\\\":true,\\\\\\\"fieldType\\\\\\\":\\\\\\\"varchar\\\\\\\",\\\\\\\"fieldLength\\\\\\\":50,\\\\\\\"pointLength\\\\\\\":0,\\\\\\\"isKey\\\\\\\":false,\\\\\\\"url\\\\\\\":\\\\\\\"/zorg/zOrganization/tree\\\\\\\",\\\\\\\"method\\\\\\\":\\\\\\\"get\\\\\\\",\\\\\\\"dataPath\\\\\\\":\\\\\\\"data\\\\\\\",\\\\\\\"dataConsumer\\\\\\\":\\\\\\\"options\\\\\\\",\\\\\\\"showLabel\\\\\\\":true,\\\\\\\"labelWidth\\\\\\\":null,\\\\\\\"tag\\\\\\\":\\\\\\\"el-cascader\\\\\\\",\\\\\\\"tagIcon\\\\\\\":\\\\\\\"cascader\\\\\\\",\\\\\\\"layout\\\\\\\":\\\\\\\"colFormItem\\\\\\\",\\\\\\\"defaultValue\\\\\\\":null,\\\\\\\"dataType\\\\\\\":\\\\\\\"static\\\\\\\",\\\\\\\"span\\\\\\\":24,\\\\\\\"required\\\\\\\":false,\\\\\\\"regList\\\\\\\":[],\\\\\\\"changeTag\\\\\\\":true,\\\\\\\"document\\\\\\\":\\\\\\\"https://element.eleme.cn/#/zh-CN/component/cascader\\\\\\\",\\\\\\\"formId\\\\\\\":101,\\\\\\\"renderKey\\\\\\\":\\\\\\\"1011736412209265\\\\\\\"},\\\\\\\"options\\\\\\\":[],\\\\\\\"placeholder\\\\\\\":\\\\\\\"请选择级联选择\\\\\\\",\\\\\\\"style\\\\\\\":{\\\\\\\"width\\\\\\\":\\\\\\\"100%\\\\\\\"},\\\\\\\"props\\\\\\\":{\\\\\\\"props\\\\\\\":{\\\\\\\"multiple\\\\\\\":false,\\\\\\\"label\\\\\\\":\\\\\\\"orgName\\\\\\\",\\\\\\\"value\\\\\\\":\\\\\\\"orgId\\\\\\\",\\\\\\\"children\\\\\\\":\\\\\\\"children\\\\\\\"}},\\\\\\\"show-all-levels\\\\\\\":true,\\\\\\\"disabled\\\\\\\":false,\\\\\\\"clearable\\\\\\\":true,\\\\\\\"filterable\\\\\\\":false,\\\\\\\"separator\\\\\\\":\\\\\\\"/\\\\\\\",\\\\\\\"__vModel__\\\\\\\":\\\\\\\"field101\\\\\\\"},{\\\\\\\"__config__\\\\\\\":{\\\\\\\"label\\\\\\\":\\\\\\\"多选框组\\\\\\\",\\\\\\\"isTableField\\\\\\\":true,\\\\\\\"fieldType\\\\\\\":\\\\\\\"varchar\\\\\\\",\\\\\\\"fieldLength\\\\\\\":255,\\\\\\\"pointLength\\\\\\\":0,\\\\\\\"isKey\\\\\\\":false,\\\\\\\"url\\\\\\\":\\\\\\\"/role/list\\\\\\\",\\\\\\\"method\\\\\\\":\\\\\\\"get\\\\\\\",\\\\\\\"dataPath\\\\\\\":\\\\\\\"data.records\\\\\\\",\\\\\\\"dictUrl\\\\\\\":\\\\\\\"/dictData/zDictData/listCache\\\\\\\",\\\\\\\"dictCode\\\\\\\":\\\\\\\"sys_user_sex\\\\\\\",\\\\\\\"dictDataPath\\\\\\\":\\\\\\\"data\\\\\\\",\\\\\\\"dataConsumer\\\\\\\":\\\\\\\"__slot__.options\\\\\\\",\\\\\\\"showLabel\\\\\\\":true,\\\\\\\"labelWidth\\\\\\\":null,\\\\\\\"tag\\\\\\\":\\\\\\\"el-checkbox-group\\\\\\\",\\\\\\\"tagIcon\\\\\\\":\\\\\\\"checkbox\\\\\\\",\\\\\\\"layout\\\\\\\":\\\\\\\"colFormItem\\\\\\\",\\\\\\\"defaultValue\\\\\\\":[],\\\\\\\"dataType\\\\\\\":\\\\\\\"dynamic\\\\\\\",\\\\\\\"span\\\\\\\":24,\\\\\\\"optionType\\\\\\\":\\\\\\\"default\\\\\\\",\\\\\\\"required\\\\\\\":false,\\\\\\\"regList\\\\\\\":[],\\\\\\\"changeTag\\\\\\\":true,\\\\\\\"border\\\\\\\":false,\\\\\\\"document\\\\\\\":\\\\\\\"https://element.eleme.cn/#/zh-CN/component/checkbox\\\\\\\",\\\\\\\"formId\\\\\\\":102,\\\\\\\"renderKey\\\\\\\":\\\\\\\"1021736412211049\\\\\\\"},\\\\\\\"__slot__\\\\\\\":{\\\\\\\"options\\\\\\\":[{\\\\\\\"roleId\\\\\\\":\\\\\\\"032844a1f06890c0f689a7818ec6fbac\\\\\\\",\\\\\\\"roleName\\\\\\\":\\\\\\\"系统管理员\\\\\\\",\\\\\\\"roleDescription\\\\\\\":\\\\\\\"系统管理员\\\\\\\",\\\\\\\"roleOrder\\\\\\\":1,\\\\\\\"createTime\\\\\\\":\\\\\\\"2023-01-15T17:11:09\\\\\\\",\\\\\\\"updateTime\\\\\\\":\\\\\\\"2023-11-09T15:59:27\\\\\\\"},{\\\\\\\"roleId\\\\\\\":\\\\\\\"1c5da30bd1f387d036e438d19cebadec\\\\\\\",\\\\\\\"roleName\\\\\\\":\\\\\\\"222\\\\\\\",\\\\\\\"roleDescription\\\\\\\":\\\\\\\"222\\\\\\\",\\\\\\\"roleOrder\\\\\\\":1,\\\\\\\"createTime\\\\\\\":\\\\\\\"2024-10-12T17:59:52\\\\\\\",\\\\\\\"updateTime\\\\\\\":null},{\\\\\\\"roleId\\\\\\\":\\\\\\\"6c28e0351c57fce1f2e7b61a03a93992\\\\\\\",\\\\\\\"roleName\\\\\\\":\\\\\\\"测试测试\\\\\\\",\\\\\\\"roleDescription\\\\\\\":\\\\\\\"测试测试测试测试测试测试测试测试测试测试测试测试测试测试测试测试测试测试测试测试测试测试测试测试测试测试测试测试测试测试测试测试测试测试\\\\\\\",\\\\\\\"roleOrder\\\\\\\":1,\\\\\\\"createTime\\\\\\\":\\\\\\\"2023-01-15T17:11:26\\\\\\\",\\\\\\\"updateTime\\\\\\\":null},{\\\\\\\"roleId\\\\\\\":\\\\\\\"54eaea4ee678e9fa5c600e9be57626b9\\\\\\\",\\\\\\\"roleName\\\\\\\":\\\\\\\"注册用户\\\\\\\",\\\\\\\"roleDescription\\\\\\\":\\\\\\\"注意：注册用户在后台写死的角色，若删除可能导致注册功能报错\\\\\\\",\\\\\\\"roleOrder\\\\\\\":100,\\\\\\\"createTime\\\\\\\":\\\\\\\"2024-05-27T14:05:44\\\\\\\",\\\\\\\"updateTime\\\\\\\":\\\\\\\"2024-05-27T14:08:03\\\\\\\"}]},\\\\\\\"style\\\\\\\":{},\\\\\\\"props\\\\\\\":{\\\\\\\"props\\\\\\\":{\\\\\\\"label\\\\\\\":\\\\\\\"roleName\\\\\\\",\\\\\\\"value\\\\\\\":\\\\\\\"roleId\\\\\\\"}},\\\\\\\"size\\\\\\\":\\\\\\\"medium\\\\\\\",\\\\\\\"disabled\\\\\\\":false,\\\\\\\"__vModel__\\\\\\\":\\\\\\\"field102\\\\\\\"},{\\\\\\\"__config__\\\\\\\":{\\\\\\\"formId\\\\\\\":13,\\\\\\\"label\\\\\\\":\\\\\\\"顺序\\\\\\\",\\\\\\\"isTableField\\\\\\\":true,\\\\\\\"fieldType\\\\\\\":\\\\\\\"int\\\\\\\",\\\\\\\"fieldLength\\\\\\\":11,\\\\\\\"pointLength\\\\\\\":0,\\\\\\\"isKey\\\\\\\":false,\\\\\\\"showLabel\\\\\\\":true,\\\\\\\"changeTag\\\\\\\":true,\\\\\\\"labelWidth\\\\\\\":null,\\\\\\\"tag\\\\\\\":\\\\\\\"el-input-number\\\\\\\",\\\\\\\"tagIcon\\\\\\\":\\\\\\\"number\\\\\\\",\\\\\\\"defaultValue\\\\\\\":0,\\\\\\\"span\\\\\\\":24,\\\\\\\"layout\\\\\\\":\\\\\\\"colFormItem\\\\\\\",\\\\\\\"required\\\\\\\":true,\\\\\\\"regList\\\\\\\":[],\\\\\\\"document\\\\\\\":\\\\\\\"https://element.eleme.cn/#/zh-CN/component/input-number\\\\\\\"},\\\\\\\"placeholder\\\\\\\":\\\\\\\"请输入\\\\\\\",\\\\\\\"min\\\\\\\":0,\\\\\\\"step\\\\\\\":1,\\\\\\\"step-strictly\\\\\\\":false,\\\\\\\"controls-position\\\\\\\":\\\\\\\"\\\\\\\",\\\\\\\"disabled\\\\\\\":false,\\\\\\\"__vModel__\\\\\\\":\\\\\\\"order_index\\\\\\\"}],\\\\\\\"tableName\\\\\\\":\\\\\\\"a_table\\\\\\\",\\\\\\\"tableDecription\\\\\\\":\\\\\\\"表描述\\\\\\\",\\\\\\\"basePackage\\\\\\\":\\\\\\\"com.kg.module\\\\\\\",\\\\\\\"tablePackage\\\\\\\":\\\\\\\"atable\\\\\\\",\\\\\\\"viewPath\\\\\\\":\\\\\\\"/atable\\\\\\\",\\\\\\\"author\\\\\\\":\\\\\\\"ziro\\\\\\\",\\\\\\\"formRef\\\\\\\":\\\\\\\"dataForm\\\\\\\",\\\\\\\"formModel\\\\\\\":\\\\\\\"temp\\\\\\\",\\\\\\\"size\\\\\\\":\\\\\\\"medium\\\\\\\",\\\\\\\"labelPosition\\\\\\\":\\\\\\\"right\\\\\\\",\\\\\\\"labelWidth\\\\\\\":100,\\\\\\\"formRules\\\\\\\":\\\\\\\"rules\\\\\\\",\\\\\\\"gutter\\\\\\\":15,\\\\\\\"span\\\\\\\":24,\\\\\\\"formBtns\\\\\\\":true}\\\",\\\"tableName\\\":\\\"a_table\\\",\\\"tableDecription\\\":\\\"表描述\\\",\\\"basePackage\\\":\\\"com.kg.module\\\",\\\"author\\\":\\\"ziro\\\",\\\"tablePackage\\\":\\\"atable\\\",\\\"viewPath\\\":\\\"/atable\\\",\\\"status\\\":\\\"1\\\",\\\"orderIndex\\\":0,\\\"createTime\\\":1736412266000,\\\"updateTime\\\":1742199433000}]\",\"params\":\"{}\"}', '/dashuserver/generator/zFormGenerator/update', '127.0.0.1', '2025-03-17 17:08:09');
INSERT INTO `z_operate_log` VALUES ('9b147238-65b5-4997-8306-a15872e77fc9', '1', 'admin', '/login/login', '用户登录成功', NULL, '/login/login', '58.57.95.202', '2025-03-17 10:57:44');
INSERT INTO `z_operate_log` VALUES ('9be27e33-5571-4abd-ac6a-2b552ff9f6f9', '1', 'dashuadmin', '/login/login', '用户登录成功', NULL, '/login/login', '222.95.106.17', '2025-05-08 21:01:09');
INSERT INTO `z_operate_log` VALUES ('9c78ee00-1589-4b46-9066-9bfe1819b12e', 'a1711529-40bd-49d4-b276-1193588fedb0', 'test1', '/login/login', '用户登录成功', NULL, '/login/login', '58.57.95.202', '2025-02-07 14:36:12');
INSERT INTO `z_operate_log` VALUES ('9d8653d7-165f-4487-bc86-0c302fa8a738', '1', 'admin', '/login/login', '用户登录成功', NULL, '/login/login', '127.0.0.1', '2025-01-09 16:36:14');
INSERT INTO `z_operate_log` VALUES ('9e3b8fb4-e0f0-4c7d-aed1-04894e1d4ea7', '1', 'admin', '/role/add', '添加角色', '{\"body\":\"[{\\\"roleId\\\":\\\"\\\",\\\"roleName\\\":\\\"bb\\\",\\\"roleDescription\\\":\\\"\\\",\\\"roleOrder\\\":1}]\",\"params\":\"{}\"}', '/dashuserver/role/add', '58.57.95.202', '2025-02-19 09:31:15');
INSERT INTO `z_operate_log` VALUES ('9e727ae7-cbc6-4d15-8178-cb179049f184', '1', 'dashuadmin', '/login/login', '用户登录成功', NULL, '/login/login', '113.247.250.220', '2025-05-09 14:34:47');
INSERT INTO `z_operate_log` VALUES ('9f2aa769-0eb7-4d84-97ad-47b54f78d282', '1', 'dashuadmin', '/login/login', '用户登录成功', NULL, '/login/login', '58.57.95.202', '2025-05-08 09:47:35');
INSERT INTO `z_operate_log` VALUES ('a1755d4b-5802-44eb-be1c-ff544e1c712c', 'a1711529-40bd-49d4-b276-1193588fedb0', 'test1', '/login/login', '用户登录成功', NULL, '/login/login', '58.57.95.202', '2025-02-07 14:36:45');
INSERT INTO `z_operate_log` VALUES ('a1fb4e7b-5f86-4322-b3af-2f50fa695a35', '1', 'admin', '/user/change/status', '启用/禁用用户', '{\"body\":\"[{\\\"userIds\\\":[\\\"679d3fb6-217c-4c1c-80f3-67745cd265c2\\\"],\\\"status\\\":\\\"1\\\"}]\",\"params\":\"{}\"}', '/dashuserver/user/change/status', '123.131.4.255', '2025-03-07 22:49:36');
INSERT INTO `z_operate_log` VALUES ('a33c0835-e99d-4e12-93f2-e1e8985a72a3', '1', 'admin', '/login/login', '用户登录成功', NULL, '/login/login', '183.220.83.203', '2025-01-16 10:08:39');
INSERT INTO `z_operate_log` VALUES ('a4d38b60-daea-400b-ab19-3fa22847822f', '1', 'admin', '/login/login', '用户登录成功', NULL, '/login/login', '58.57.95.202', '2025-03-18 08:04:01');
INSERT INTO `z_operate_log` VALUES ('a579855c-7ba8-45b0-8c04-043092cf5f54', '1', 'dashuadmin', '/login/login', '用户登录成功', NULL, '/login/login', '180.233.87.217', '2025-05-06 22:58:43');
INSERT INTO `z_operate_log` VALUES ('a5b44ddb-4fdf-4187-8f5b-44b96827a5a9', '1', 'admin', '/login/login', '用户登录成功', NULL, '/login/login', '117.59.173.6', '2025-01-09 21:17:56');
INSERT INTO `z_operate_log` VALUES ('a8af84ac-c3d7-4f70-b7af-69a1f16690ea', '1', 'admin', '/role/delete', '删除角色', '{\"body\":\"[[\\\"0984b582-8243-485b-b7f8-def735f581a1\\\"]]\",\"params\":\"{}\"}', '/dashuserver/role/delete', '58.57.95.202', '2025-01-11 17:35:48');
INSERT INTO `z_operate_log` VALUES ('a90d445b-2eca-4db2-96c6-009ebcbc0be3', '1', 'admin', '/login/login', '用户登录成功', NULL, '/login/login', '58.57.95.202', '2025-01-13 09:57:38');
INSERT INTO `z_operate_log` VALUES ('a91824c2-c0f3-41af-9cf5-88b1217a3a35', '1', 'admin', '/login/login', '用户登录成功', NULL, '/login/login', '183.134.216.5', '2025-01-16 17:07:14');
INSERT INTO `z_operate_log` VALUES ('a91b17e5-4984-4e90-adee-dfa9a0c351d7', '1', 'admin', '/login/login', '用户登录成功', NULL, '/login/login', '58.57.95.202', '2025-03-25 17:20:28');
INSERT INTO `z_operate_log` VALUES ('a94a0f8f-076c-4464-8b8b-669b5d6f132f', 'a1711529-40bd-49d4-b276-1193588fedb0', 'test1', '/login/login', '用户登录成功', NULL, '/login/login', '58.57.95.202', '2025-02-07 14:37:38');
INSERT INTO `z_operate_log` VALUES ('a959f1b0-cf3c-463b-8177-7ed8212ae4e3', '1', 'admin', '/login/login', '用户登录成功', NULL, '/login/login', '58.57.95.202', '2024-12-18 10:12:21');
INSERT INTO `z_operate_log` VALUES ('a9957ac5-6c58-4e9a-ab3d-f1e39295f547', '1', 'dashuadmin', '/permission/update', '修改资源（菜单，按钮）', '{\"body\":\"[{\\\"permissionId\\\":\\\"cb55d6d8-243e-4aa9-803e-695991dde7d8\\\",\\\"parentId\\\":\\\"68901274-fb04-49b7-9b5c-3f9861e46fb9\\\",\\\"permissionName\\\":\\\"082acbe4-49a8-4f11-a0d8-a17da60f1c82\\\",\\\"permissionDescription\\\":\\\"框架使用文档\\\",\\\"permissionType\\\":\\\"2\\\",\\\"permissionTitle\\\":\\\"框架使用文档\\\",\\\"permissionIcon\\\":\\\"excel\\\",\\\"permissionRouter\\\":\\\"http://docs.java119.cn/\\\",\\\"permissionComponent\\\":\\\"\\\",\\\"permissionIsShow\\\":1,\\\"permissionIsEnabled\\\":1,\\\"noRedirect\\\":\\\"noRedirect\\\",\\\"noCache\\\":0,\\\"breadcrumb\\\":1,\\\"affix\\\":0,\\\"permissionOrder\\\":11,\\\"createTime\\\":1702954580000,\\\"updateTime\\\":1702963404000}]\",\"params\":\"{}\"}', '/dashuserver/permission/update', '58.57.95.202', '2025-05-13 15:57:48');
INSERT INTO `z_operate_log` VALUES ('ac09260f-70bd-44ba-bddc-6f818271019e', '1', 'admin', '/generator/zFormGenerator/update', '修改-代码生成器表单', '{\"body\":\"[{\\\"formId\\\":\\\"27a68e65-d9d9-40a5-8dca-08b945b8bc96\\\",\\\"formName\\\":\\\"222222\\\",\\\"formJson\\\":\\\"{\\\\\\\"fields\\\\\\\":[{\\\\\\\"__config__\\\\\\\":{\\\\\\\"formId\\\\\\\":11,\\\\\\\"label\\\\\\\":\\\\\\\"主键\\\\\\\",\\\\\\\"isTableField\\\\\\\":true,\\\\\\\"fieldType\\\\\\\":\\\\\\\"varchar\\\\\\\",\\\\\\\"fieldLength\\\\\\\":36,\\\\\\\"pointLength\\\\\\\":0,\\\\\\\"isKey\\\\\\\":true,\\\\\\\"tag\\\\\\\":\\\\\\\"el-key\\\\\\\",\\\\\\\"required\\\\\\\":true,\\\\\\\"layout\\\\\\\":\\\\\\\"colFormItem\\\\\\\"},\\\\\\\"__slot__\\\\\\\":{\\\\\\\"prepend\\\\\\\":\\\\\\\"\\\\\\\",\\\\\\\"append\\\\\\\":\\\\\\\"\\\\\\\"},\\\\\\\"__vModel__\\\\\\\":\\\\\\\"id\\\\\\\"},{\\\\\\\"__config__\\\\\\\":{\\\\\\\"formId\\\\\\\":12,\\\\\\\"label\\\\\\\":\\\\\\\"手机号\\\\\\\",\\\\\\\"isTableField\\\\\\\":true,\\\\\\\"fieldType\\\\\\\":\\\\\\\"varchar\\\\\\\",\\\\\\\"fieldLength\\\\\\\":20,\\\\\\\"pointLength\\\\\\\":0,\\\\\\\"isKey\\\\\\\":false,\\\\\\\"labelWidth\\\\\\\":null,\\\\\\\"showLabel\\\\\\\":true,\\\\\\\"changeTag\\\\\\\":true,\\\\\\\"tag\\\\\\\":\\\\\\\"el-input\\\\\\\",\\\\\\\"tagIcon\\\\\\\":\\\\\\\"input\\\\\\\",\\\\\\\"required\\\\\\\":true,\\\\\\\"layout\\\\\\\":\\\\\\\"colFormItem\\\\\\\",\\\\\\\"span\\\\\\\":24,\\\\\\\"document\\\\\\\":\\\\\\\"https://element.eleme.cn/#/zh-CN/component/input\\\\\\\",\\\\\\\"regList\\\\\\\":[{\\\\\\\"pattern\\\\\\\":\\\\\\\"/^1(3|4|5|7|8|9)\\\\\\\\\\\\\\\\d{9}$/\\\\\\\",\\\\\\\"message\\\\\\\":\\\\\\\"手机号格式错误\\\\\\\"}]},\\\\\\\"__slot__\\\\\\\":{\\\\\\\"prepend\\\\\\\":\\\\\\\"\\\\\\\",\\\\\\\"append\\\\\\\":\\\\\\\"\\\\\\\"},\\\\\\\"__vModel__\\\\\\\":\\\\\\\"mobile\\\\\\\",\\\\\\\"placeholder\\\\\\\":\\\\\\\"请输入\\\\\\\",\\\\\\\"style\\\\\\\":{\\\\\\\"width\\\\\\\":\\\\\\\"100%\\\\\\\"},\\\\\\\"clearable\\\\\\\":true,\\\\\\\"prefix-icon\\\\\\\":\\\\\\\"el-icon-mobile\\\\\\\",\\\\\\\"suffix-icon\\\\\\\":\\\\\\\"\\\\\\\",\\\\\\\"maxlength\\\\\\\":11,\\\\\\\"show-word-limit\\\\\\\":true,\\\\\\\"readonly\\\\\\\":false,\\\\\\\"disabled\\\\\\\":false},{\\\\\\\"__config__\\\\\\\":{\\\\\\\"label\\\\\\\":\\\\\\\"级联选择\\\\\\\",\\\\\\\"isTableField\\\\\\\":true,\\\\\\\"fieldType\\\\\\\":\\\\\\\"varchar\\\\\\\",\\\\\\\"fieldLength\\\\\\\":50,\\\\\\\"pointLength\\\\\\\":0,\\\\\\\"isKey\\\\\\\":false,\\\\\\\"url\\\\\\\":\\\\\\\"/zorg/zOrganization/tree\\\\\\\",\\\\\\\"method\\\\\\\":\\\\\\\"get\\\\\\\",\\\\\\\"dataPath\\\\\\\":\\\\\\\"data\\\\\\\",\\\\\\\"dataConsumer\\\\\\\":\\\\\\\"options\\\\\\\",\\\\\\\"showLabel\\\\\\\":true,\\\\\\\"labelWidth\\\\\\\":null,\\\\\\\"tag\\\\\\\":\\\\\\\"el-cascader\\\\\\\",\\\\\\\"tagIcon\\\\\\\":\\\\\\\"cascader\\\\\\\",\\\\\\\"layout\\\\\\\":\\\\\\\"colFormItem\\\\\\\",\\\\\\\"defaultValue\\\\\\\":null,\\\\\\\"dataType\\\\\\\":\\\\\\\"static\\\\\\\",\\\\\\\"span\\\\\\\":24,\\\\\\\"required\\\\\\\":false,\\\\\\\"regList\\\\\\\":[],\\\\\\\"changeTag\\\\\\\":true,\\\\\\\"document\\\\\\\":\\\\\\\"https://element.eleme.cn/#/zh-CN/component/cascader\\\\\\\",\\\\\\\"formId\\\\\\\":101,\\\\\\\"renderKey\\\\\\\":\\\\\\\"1011736412209265\\\\\\\"},\\\\\\\"options\\\\\\\":[],\\\\\\\"placeholder\\\\\\\":\\\\\\\"请选择级联选择\\\\\\\",\\\\\\\"style\\\\\\\":{\\\\\\\"width\\\\\\\":\\\\\\\"100%\\\\\\\"},\\\\\\\"props\\\\\\\":{\\\\\\\"props\\\\\\\":{\\\\\\\"multiple\\\\\\\":false,\\\\\\\"label\\\\\\\":\\\\\\\"orgName\\\\\\\",\\\\\\\"value\\\\\\\":\\\\\\\"orgId\\\\\\\",\\\\\\\"children\\\\\\\":\\\\\\\"children\\\\\\\"}},\\\\\\\"show-all-levels\\\\\\\":true,\\\\\\\"disabled\\\\\\\":false,\\\\\\\"clearable\\\\\\\":true,\\\\\\\"filterable\\\\\\\":false,\\\\\\\"separator\\\\\\\":\\\\\\\"/\\\\\\\",\\\\\\\"__vModel__\\\\\\\":\\\\\\\"field101\\\\\\\"},{\\\\\\\"__config__\\\\\\\":{\\\\\\\"label\\\\\\\":\\\\\\\"多选框组\\\\\\\",\\\\\\\"isTableField\\\\\\\":true,\\\\\\\"fieldType\\\\\\\":\\\\\\\"varchar\\\\\\\",\\\\\\\"fieldLength\\\\\\\":255,\\\\\\\"pointLength\\\\\\\":0,\\\\\\\"isKey\\\\\\\":false,\\\\\\\"url\\\\\\\":\\\\\\\"/role/list\\\\\\\",\\\\\\\"method\\\\\\\":\\\\\\\"get\\\\\\\",\\\\\\\"dataPath\\\\\\\":\\\\\\\"data.records\\\\\\\",\\\\\\\"dictUrl\\\\\\\":\\\\\\\"/dictData/zDictData/listCache\\\\\\\",\\\\\\\"dictCode\\\\\\\":\\\\\\\"sys_user_sex\\\\\\\",\\\\\\\"dictDataPath\\\\\\\":\\\\\\\"data\\\\\\\",\\\\\\\"dataConsumer\\\\\\\":\\\\\\\"__slot__.options\\\\\\\",\\\\\\\"showLabel\\\\\\\":true,\\\\\\\"labelWidth\\\\\\\":null,\\\\\\\"tag\\\\\\\":\\\\\\\"el-checkbox-group\\\\\\\",\\\\\\\"tagIcon\\\\\\\":\\\\\\\"checkbox\\\\\\\",\\\\\\\"layout\\\\\\\":\\\\\\\"colFormItem\\\\\\\",\\\\\\\"defaultValue\\\\\\\":[],\\\\\\\"dataType\\\\\\\":\\\\\\\"dynamic\\\\\\\",\\\\\\\"span\\\\\\\":24,\\\\\\\"optionType\\\\\\\":\\\\\\\"default\\\\\\\",\\\\\\\"required\\\\\\\":false,\\\\\\\"regList\\\\\\\":[],\\\\\\\"changeTag\\\\\\\":true,\\\\\\\"border\\\\\\\":false,\\\\\\\"document\\\\\\\":\\\\\\\"https://element.eleme.cn/#/zh-CN/component/checkbox\\\\\\\",\\\\\\\"formId\\\\\\\":102,\\\\\\\"renderKey\\\\\\\":\\\\\\\"1021736412211049\\\\\\\"},\\\\\\\"__slot__\\\\\\\":{\\\\\\\"options\\\\\\\":[{\\\\\\\"roleId\\\\\\\":\\\\\\\"032844a1f06890c0f689a7818ec6fbac\\\\\\\",\\\\\\\"roleName\\\\\\\":\\\\\\\"系统管理员\\\\\\\",\\\\\\\"roleDescription\\\\\\\":\\\\\\\"系统管理员\\\\\\\",\\\\\\\"roleOrder\\\\\\\":1,\\\\\\\"createTime\\\\\\\":\\\\\\\"2023-01-15T17:11:09\\\\\\\",\\\\\\\"updateTime\\\\\\\":\\\\\\\"2023-11-09T15:59:27\\\\\\\"},{\\\\\\\"roleId\\\\\\\":\\\\\\\"1c5da30bd1f387d036e438d19cebadec\\\\\\\",\\\\\\\"roleName\\\\\\\":\\\\\\\"222\\\\\\\",\\\\\\\"roleDescription\\\\\\\":\\\\\\\"222\\\\\\\",\\\\\\\"roleOrder\\\\\\\":1,\\\\\\\"createTime\\\\\\\":\\\\\\\"2024-10-12T17:59:52\\\\\\\",\\\\\\\"updateTime\\\\\\\":null},{\\\\\\\"roleId\\\\\\\":\\\\\\\"6c28e0351c57fce1f2e7b61a03a93992\\\\\\\",\\\\\\\"roleName\\\\\\\":\\\\\\\"测试测试\\\\\\\",\\\\\\\"roleDescription\\\\\\\":\\\\\\\"测试测试测试测试测试测试测试测试测试测试测试测试测试测试测试测试测试测试测试测试测试测试测试测试测试测试测试测试测试测试测试测试测试测试\\\\\\\",\\\\\\\"roleOrder\\\\\\\":1,\\\\\\\"createTime\\\\\\\":\\\\\\\"2023-01-15T17:11:26\\\\\\\",\\\\\\\"updateTime\\\\\\\":null},{\\\\\\\"roleId\\\\\\\":\\\\\\\"54eaea4ee678e9fa5c600e9be57626b9\\\\\\\",\\\\\\\"roleName\\\\\\\":\\\\\\\"注册用户\\\\\\\",\\\\\\\"roleDescription\\\\\\\":\\\\\\\"注意：注册用户在后台写死的角色，若删除可能导致注册功能报错\\\\\\\",\\\\\\\"roleOrder\\\\\\\":100,\\\\\\\"createTime\\\\\\\":\\\\\\\"2024-05-27T14:05:44\\\\\\\",\\\\\\\"updateTime\\\\\\\":\\\\\\\"2024-05-27T14:08:03\\\\\\\"}]},\\\\\\\"style\\\\\\\":{},\\\\\\\"props\\\\\\\":{\\\\\\\"props\\\\\\\":{\\\\\\\"label\\\\\\\":\\\\\\\"roleName\\\\\\\",\\\\\\\"value\\\\\\\":\\\\\\\"roleId\\\\\\\"}},\\\\\\\"size\\\\\\\":\\\\\\\"medium\\\\\\\",\\\\\\\"disabled\\\\\\\":false,\\\\\\\"__vModel__\\\\\\\":\\\\\\\"field102\\\\\\\"},{\\\\\\\"__config__\\\\\\\":{\\\\\\\"formId\\\\\\\":13,\\\\\\\"label\\\\\\\":\\\\\\\"顺序\\\\\\\",\\\\\\\"isTableField\\\\\\\":true,\\\\\\\"fieldType\\\\\\\":\\\\\\\"int\\\\\\\",\\\\\\\"fieldLength\\\\\\\":11,\\\\\\\"pointLength\\\\\\\":0,\\\\\\\"isKey\\\\\\\":false,\\\\\\\"showLabel\\\\\\\":true,\\\\\\\"changeTag\\\\\\\":true,\\\\\\\"labelWidth\\\\\\\":null,\\\\\\\"tag\\\\\\\":\\\\\\\"el-input-number\\\\\\\",\\\\\\\"tagIcon\\\\\\\":\\\\\\\"number\\\\\\\",\\\\\\\"defaultValue\\\\\\\":0,\\\\\\\"span\\\\\\\":24,\\\\\\\"layout\\\\\\\":\\\\\\\"colFormItem\\\\\\\",\\\\\\\"required\\\\\\\":true,\\\\\\\"regList\\\\\\\":[],\\\\\\\"document\\\\\\\":\\\\\\\"https://element.eleme.cn/#/zh-CN/component/input-number\\\\\\\"},\\\\\\\"placeholder\\\\\\\":\\\\\\\"请输入\\\\\\\",\\\\\\\"min\\\\\\\":0,\\\\\\\"step\\\\\\\":1,\\\\\\\"step-strictly\\\\\\\":false,\\\\\\\"controls-position\\\\\\\":\\\\\\\"\\\\\\\",\\\\\\\"disabled\\\\\\\":false,\\\\\\\"__vModel__\\\\\\\":\\\\\\\"order_index\\\\\\\"},{\\\\\\\"__config__\\\\\\\":{\\\\\\\"label\\\\\\\":\\\\\\\"ImageAvatar\\\\\\\",\\\\\\\"isTableField\\\\\\\":true,\\\\\\\"childTableName\\\\\\\":\\\\\\\"\\\\\\\",\\\\\\\"fieldType\\\\\\\":\\\\\\\"varchar\\\\\\\",\\\\\\\"fieldLength\\\\\\\":200,\\\\\\\"pointLength\\\\\\\":0,\\\\\\\"isKey\\\\\\\":false,\\\\\\\"tag\\\\\\\":\\\\\\\"image-avatar\\\\\\\",\\\\\\\"tagIcon\\\\\\\":\\\\\\\"upload\\\\\\\",\\\\\\\"layout\\\\\\\":\\\\\\\"colFormItem\\\\\\\",\\\\\\\"defaultValue\\\\\\\":null,\\\\\\\"showLabel\\\\\\\":true,\\\\\\\"labelWidth\\\\\\\":null,\\\\\\\"required\\\\\\\":false,\\\\\\\"span\\\\\\\":24,\\\\\\\"regList\\\\\\\":[],\\\\\\\"changeTag\\\\\\\":true,\\\\\\\"document\\\\\\\":\\\\\\\"https://element.eleme.cn/#/zh-CN/component/upload\\\\\\\",\\\\\\\"formId\\\\\\\":115,\\\\\\\"renderKey\\\\\\\":\\\\\\\"1151742181644461\\\\\\\"},\\\\\\\"action\\\\\\\":\\\\\\\"/upload/images\\\\\\\",\\\\\\\"disabled\\\\\\\":false,\\\\\\\"name\\\\\\\":\\\\\\\"file\\\\\\\",\\\\\\\"folder\\\\\\\":\\\\\\\"\\\\\\\",\\\\\\\"limitSize\\\\\\\":1024,\\\\\\\"__vModel__\\\\\\\":\\\\\\\"field115\\\\\\\"}],\\\\\\\"tableName\\\\\\\":\\\\\\\"a_table\\\\\\\",\\\\\\\"tableDecription\\\\\\\":\\\\\\\"表描述\\\\\\\",\\\\\\\"basePackage\\\\\\\":\\\\\\\"com.kg.module\\\\\\\",\\\\\\\"tablePackage\\\\\\\":\\\\\\\"atable\\\\\\\",\\\\\\\"viewPath\\\\\\\":\\\\\\\"/atable\\\\\\\",\\\\\\\"author\\\\\\\":\\\\\\\"ziro\\\\\\\",\\\\\\\"formRef\\\\\\\":\\\\\\\"dataForm\\\\\\\",\\\\\\\"formModel\\\\\\\":\\\\\\\"temp\\\\\\\",\\\\\\\"size\\\\\\\":\\\\\\\"medium\\\\\\\",\\\\\\\"labelPosition\\\\\\\":\\\\\\\"right\\\\\\\",\\\\\\\"labelWidth\\\\\\\":100,\\\\\\\"formRules\\\\\\\":\\\\\\\"rules\\\\\\\",\\\\\\\"gutter\\\\\\\":15,\\\\\\\"span\\\\\\\":24,\\\\\\\"formBtns\\\\\\\":true}\\\",\\\"tableName\\\":\\\"a_table\\\",\\\"tableDecription\\\":\\\"表描述\\\",\\\"basePackage\\\":\\\"com.kg.module\\\",\\\"author\\\":\\\"ziro\\\",\\\"tablePackage\\\":\\\"atable\\\",\\\"viewPath\\\":\\\"/atable\\\",\\\"status\\\":\\\"1\\\",\\\"orderIndex\\\":0,\\\"createTime\\\":1736412266000,\\\"updateTime\\\":1742181200000}]\",\"params\":\"{}\"}', '/dashuserver/generator/zFormGenerator/update', '127.0.0.1', '2025-03-17 11:20:47');
INSERT INTO `z_operate_log` VALUES ('ac63d4aa-36c3-4cc7-a6ae-9fb7e338b208', '1', 'admin', '/login/login', '用户登录成功', NULL, '/login/login', '112.243.91.210', '2025-02-13 18:50:02');
INSERT INTO `z_operate_log` VALUES ('aca776ea-12a9-440c-b8ce-6939a554bc31', '1', 'admin', '/login/login', '用户登录成功', NULL, '/login/login', '58.57.95.202', '2024-12-19 11:02:36');
INSERT INTO `z_operate_log` VALUES ('ace81936-d2d5-4921-abf1-4b3fc585c7bb', '1', 'admin', '/permission/api/savePermissionApi', '保存资源和API关联关系', '{\"body\":\"[{\\\"permissionId\\\":\\\"893e53ed-0f6c-4524-a91b-4eee098a12c5\\\",\\\"apiIds\\\":[\\\"210ce819-cf3b-4552-8927-46d9ec3bdd7d\\\",\\\"006a54bd-6f5b-4436-bbfe-08ef00f3c4f6\\\"]}]\",\"params\":\"{}\"}', '/dashuserver/permission/api/savePermissionApi', '58.57.95.202', '2025-01-11 11:25:15');
INSERT INTO `z_operate_log` VALUES ('ae17f1cd-f46e-41cb-a6b6-eee4691f81dc', '1', 'dashuadmin', '/login/login', '用户登录成功', NULL, '/login/login', '221.7.196.90', '2025-04-29 09:54:20');
INSERT INTO `z_operate_log` VALUES ('aedb54e8-487b-4dfb-92a3-b7d0e36ff5e9', '1', 'admin', '/user/edit/password', '修改用户密码', '{\"body\":\"[{\\\"oldPassword\\\":\\\"123\\\",\\\"password\\\":\\\"123\\\",\\\"isDefaultPassword\\\":false}]\",\"params\":\"{}\"}', '/dashuserver/user/edit/password', '58.57.95.202', '2024-12-20 13:45:45');
INSERT INTO `z_operate_log` VALUES ('aee21daf-71b8-40a4-bc4e-03f05a9ff929', '1', 'admin', '/login/login', '用户登录成功', NULL, '/login/login', '58.57.95.202', '2025-02-07 13:59:39');
INSERT INTO `z_operate_log` VALUES ('b24ab3e8-1f56-4025-90ef-80a48402f9f0', '1', 'admin', '/zorg/zOrganization/update', '修改-组织机构', '{\"body\":\"[{\\\"orgId\\\":\\\"0929ebee12164914adbf5d39165798bc\\\",\\\"orgName\\\":\\\"市场营销中心1\\\",\\\"orgParentId\\\":\\\"6902be7cdd4549a2be9690f62879cb9a\\\",\\\"orgPath\\\":\\\"6902be7cdd4549a2be9690f62879cb9a.0929ebee12164914adbf5d39165798bc\\\",\\\"orgLevel\\\":2,\\\"orderIndex\\\":1,\\\"createTime\\\":1673602039000,\\\"updateTime\\\":1673602262000}]\",\"params\":\"{}\"}', '/dashuserver/zorg/zOrganization/update', '1.62.133.0', '2024-12-24 20:04:02');
INSERT INTO `z_operate_log` VALUES ('b2d3e109-b6dc-4d4d-9274-1b52d3fe8096', '1', 'admin', '/user/delete', '删除用户', '{\"body\":\"[[\\\"679d3fb6-217c-4c1c-80f3-67745cd265c2\\\",\\\"11\\\"]]\",\"params\":\"{}\"}', '/dashuserver/user/delete', '39.174.248.46', '2024-12-31 14:54:13');
INSERT INTO `z_operate_log` VALUES ('b33da1c2-6c02-468e-b98d-0e5bd97ccdc6', '1', 'admin', '/login/login', '用户登录成功', NULL, '/login/login', '127.0.0.1', '2025-01-10 10:50:56');
INSERT INTO `z_operate_log` VALUES ('b44e5dbd-b1c8-4a3a-be6d-d665f94df284', '1', 'admin', '/login/login', '用户登录成功', NULL, '/login/login', '58.57.95.202', '2024-12-19 10:11:28');
INSERT INTO `z_operate_log` VALUES ('b46b82d8-dcd8-4db1-af53-0d1a02cb7488', '1', 'admin', '/login/login', '用户登录成功', NULL, '/login/login', '58.57.95.202', '2024-12-18 08:27:43');
INSERT INTO `z_operate_log` VALUES ('b4cdb41d-1185-4f9a-9557-50299acaab7c', '1', 'admin', '/login/login', '用户登录成功', NULL, '/login/login', '58.57.95.202', '2025-01-17 15:14:39');
INSERT INTO `z_operate_log` VALUES ('b5ef6f22-7be0-4af0-b2ef-844efe1cadb3', '1', 'admin', '/login/login', '用户登录成功', NULL, '/login/login', '116.169.140.65', '2024-12-20 08:41:34');
INSERT INTO `z_operate_log` VALUES ('b74effb0-9390-4320-b3e7-bcddd6d82f26', '1', 'admin', '/user/change/status', '启用/禁用用户', '{\"body\":\"[{\\\"userIds\\\":[\\\"2a2213a0-2931-461e-8af3-6c1acb170edc\\\"],\\\"status\\\":\\\"0\\\"}]\",\"params\":\"{}\"}', '/dashuserver/user/change/status', '39.174.248.46', '2024-12-31 14:55:10');
INSERT INTO `z_operate_log` VALUES ('b803e303-8a8a-43c9-a0fc-4dcde766d343', '1', 'admin', '/login/login', '用户登录成功', NULL, '/login/login', '58.57.95.202', '2025-01-13 09:54:53');
INSERT INTO `z_operate_log` VALUES ('b81ae8e5-3537-40c4-87ea-0e36096bb4fc', '1', 'admin', '/login/login', '用户登录成功', NULL, '/login/login', '58.57.95.202', '2025-03-17 08:56:52');
INSERT INTO `z_operate_log` VALUES ('b836b1fb-40ba-4f7f-ae3a-ea8f7d074cda', '1', 'admin', '/login/login', '用户登录成功', NULL, '/login/login', '58.57.95.202', '2025-02-07 14:38:47');
INSERT INTO `z_operate_log` VALUES ('b84f3a93-bc4b-4a35-985a-b8b3cfaaac87', '1', 'dashuadmin', '/login/login', '用户登录成功', NULL, '/login/login', '219.138.202.246', '2025-04-24 14:08:32');
INSERT INTO `z_operate_log` VALUES ('b9b1c4f9-e113-4a05-9430-26ed5f6e6b62', '1', 'dashuadmin', '/login/login', '用户登录成功', NULL, '/login/login', '183.221.5.22', '2025-05-19 14:53:52');
INSERT INTO `z_operate_log` VALUES ('b9dd1ead-98e0-446e-823c-1b4bfc294f1f', 'a1711529-40bd-49d4-b276-1193588fedb0', 'test1', '/login/login', '用户登录成功', NULL, '/login/login', '223.104.195.113', '2025-04-25 07:52:27');
INSERT INTO `z_operate_log` VALUES ('ba3e3c29-be61-4fb4-adc1-a9b912d1186a', '1', 'admin', '/login/login', '用户登录成功', NULL, '/login/login', '58.57.95.202', '2025-02-24 09:11:10');
INSERT INTO `z_operate_log` VALUES ('bab36f24-1b71-4981-91d7-eb562d79ebf6', '1', 'admin', '/login/login', '用户登录成功', NULL, '/login/login', '58.57.95.202', '2024-12-18 11:29:51');
INSERT INTO `z_operate_log` VALUES ('bad3a854-1665-4f39-be29-1b0ce05a3e72', 'a1711529-40bd-49d4-b276-1193588fedb0', 'test1', '/login/login', '用户登录成功', NULL, '/login/login', '58.57.95.202', '2025-04-25 07:51:35');
INSERT INTO `z_operate_log` VALUES ('baedc604-6d8f-412e-ba93-3a035a4f4d7c', '1', 'admin', '/login/login', '用户登录成功', NULL, '/login/login', '58.57.95.202', '2025-01-11 16:24:28');
INSERT INTO `z_operate_log` VALUES ('bbaa6556-5e8a-4095-826f-aa271ce143ab', '1', 'admin', '/permission/changeIsEnabled', '启用/禁用菜单', '{\"body\":\"[{\\\"permissionId\\\":\\\"57df6324-9caf-4a24-a083-4e68e141249e\\\",\\\"permissionIsShow\\\":0,\\\"permissionIsEnabled\\\":1,\\\"noCache\\\":0,\\\"breadcrumb\\\":0,\\\"affix\\\":0}]\",\"params\":\"{}\"}', '/dashuserver/permission/changeIsEnabled', '222.216.0.16', '2025-01-15 10:27:02');
INSERT INTO `z_operate_log` VALUES ('bd0e7d6d-23fc-42a1-9f45-f4fee23a4741', '1', 'admin', '/login/login', '用户登录成功', NULL, '/login/login', '127.0.0.1', '2025-03-10 09:36:39');
INSERT INTO `z_operate_log` VALUES ('bd3943f9-f3e1-42bf-99c3-12fbd67e68d8', '1', 'admin', '/login/login', '用户登录成功', NULL, '/login/login', '58.57.95.202', '2024-12-18 15:09:59');
INSERT INTO `z_operate_log` VALUES ('bdfa7e22-34b4-41d4-9cd0-9c39ac059051', '1', 'admin', '/login/login', '用户登录成功', NULL, '/login/login', '58.57.95.202', '2024-12-20 08:36:12');
INSERT INTO `z_operate_log` VALUES ('be0710f1-50ae-4077-866e-6a87f9e598cd', '1', 'admin', '/login/login', '用户登录成功', NULL, '/login/login', '58.57.95.202', '2025-01-13 10:07:16');
INSERT INTO `z_operate_log` VALUES ('be17661d-5df0-4994-a17e-204b6625977e', '1', 'admin', '/login/login', '用户登录成功', NULL, '/login/login', '58.57.95.202', '2025-01-17 16:10:27');
INSERT INTO `z_operate_log` VALUES ('be9976f1-c7fb-485d-a45e-34b08f0ca4a4', 'a1711529-40bd-49d4-b276-1193588fedb0', 'test1', '/login/login', '用户登录成功', NULL, '/login/login', '58.57.95.202', '2025-04-23 14:28:45');
INSERT INTO `z_operate_log` VALUES ('bf5fd062-cbbe-43c0-9a51-f18bcb15b9ca', '1', 'admin', '/role/delete', '删除角色', '{\"body\":\"[[\\\"2bf9093cd7af2688a81f8de476ad9cab\\\",\\\"2f04f38c2b6be06fc83c0b3795f9d47a\\\",\\\"3c6a31aeaeef960d5945c9801d323c8c\\\",\\\"48c2e782a242d4036a1fce27accce472\\\",\\\"52a28efcb3b1bc5e8bd2c7799bfc75a7\\\",\\\"bd5c0057f64852123a85f98f62c93a1e\\\",\\\"f51cbd09f51eccb46e4ffd949735946a\\\"]]\",\"params\":\"{}\"}', '/dashuserver/role/delete', '58.57.95.202', '2025-02-19 09:35:34');
INSERT INTO `z_operate_log` VALUES ('bf874364-d205-44a3-8306-46c6df022ae6', 'a1711529-40bd-49d4-b276-1193588fedb0', 'test1', '/login/login', '用户登录成功', NULL, '/login/login', '59.36.121.172', '2025-02-07 15:13:18');
INSERT INTO `z_operate_log` VALUES ('bfac937f-60ae-4323-9bae-16b6edce1181', '1', 'admin', '/login/login', '用户登录成功', NULL, '/login/login', '124.126.11.236', '2025-01-21 11:28:15');
INSERT INTO `z_operate_log` VALUES ('bfb8816d-0e9f-46a1-b4cb-f29a77df92a3', '1', 'admin', '/user/add', '添加用户', '{\"body\":\"[{\\\"roleId\\\":[\\\"032844a1f06890c0f689a7818ec6fbac\\\"],\\\"orgId\\\":\\\"0929ebee12164914adbf5d39165798bc\\\",\\\"userName\\\":\\\"test\\\",\\\"password\\\":\\\"\\\",\\\"sex\\\":\\\"1\\\",\\\"nickName\\\":\\\"\\\",\\\"introduce\\\":\\\"\\\",\\\"avatar\\\":\\\"\\\",\\\"name\\\":\\\"\\\",\\\"phone\\\":\\\"\\\"}]\",\"params\":\"{}\"}', '/dashuserver/user/add', '39.174.248.46', '2024-12-31 14:55:01');
INSERT INTO `z_operate_log` VALUES ('bfe5a3a3-fb04-4ae9-9e59-7c3eca7c6167', 'a1711529-40bd-49d4-b276-1193588fedb0', 'test1', '/login/login', '用户登录成功', NULL, '/login/login', '58.57.95.202', '2025-01-20 11:28:09');
INSERT INTO `z_operate_log` VALUES ('bffed8fc-84d8-4ed8-a2ab-b3d0d2e4b324', '1', 'admin', '/login/login', '用户登录成功', NULL, '/login/login', '115.171.250.154', '2024-12-15 09:32:34');
INSERT INTO `z_operate_log` VALUES ('c174d032-d0af-4762-aadc-50283471b551', 'a1711529-40bd-49d4-b276-1193588fedb0', 'test1', '/login/login', '用户登录成功', NULL, '/login/login', '58.57.95.202', '2025-01-17 17:41:58');
INSERT INTO `z_operate_log` VALUES ('c22f12f6-3b24-4393-9052-d484fef6b95a', '1', 'admin', '/login/login', '用户登录成功', NULL, '/login/login', '124.126.11.236', '2025-01-17 14:24:49');
INSERT INTO `z_operate_log` VALUES ('c26c6e42-9e3f-4ff3-9090-5ab5bedcc90a', '1', 'admin', '/login/login', '用户登录成功', NULL, '/login/login', '119.190.68.58', '2024-11-27 09:40:04');
INSERT INTO `z_operate_log` VALUES ('c297c8bd-0e05-4657-9da4-f6cd9ea97a1f', 'a1711529-40bd-49d4-b276-1193588fedb0', 'test1', '/login/login', '用户登录成功', NULL, '/login/login', '223.104.41.12', '2025-04-23 15:18:20');
INSERT INTO `z_operate_log` VALUES ('c3297439-fa5e-44e7-848f-b791d1ee55c4', '1', 'admin', '/login/login', '用户登录成功', NULL, '/login/login', '58.57.95.202', '2025-03-07 16:16:03');
INSERT INTO `z_operate_log` VALUES ('c3ab6ef2-3469-4c6b-a9ec-c911bedccbe7', '1', 'admin', '/login/login', '用户登录成功', NULL, '/login/login', '58.57.95.202', '2025-02-17 16:55:20');
INSERT INTO `z_operate_log` VALUES ('c7a13ed6-9e35-4051-9f83-913ae5b1365f', '1', 'admin', '/generator/zFormGenerator/update', '修改-代码生成器表单', '{\"body\":\"[{\\\"formId\\\":\\\"27a68e65-d9d9-40a5-8dca-08b945b8bc96\\\",\\\"formName\\\":\\\"222222\\\",\\\"formJson\\\":\\\"{\\\\\\\"fields\\\\\\\":[{\\\\\\\"__config__\\\\\\\":{\\\\\\\"formId\\\\\\\":11,\\\\\\\"label\\\\\\\":\\\\\\\"主键\\\\\\\",\\\\\\\"isTableField\\\\\\\":true,\\\\\\\"fieldType\\\\\\\":\\\\\\\"varchar\\\\\\\",\\\\\\\"fieldLength\\\\\\\":36,\\\\\\\"pointLength\\\\\\\":0,\\\\\\\"isKey\\\\\\\":true,\\\\\\\"tag\\\\\\\":\\\\\\\"el-key\\\\\\\",\\\\\\\"required\\\\\\\":true,\\\\\\\"layout\\\\\\\":\\\\\\\"colFormItem\\\\\\\"},\\\\\\\"__slot__\\\\\\\":{\\\\\\\"prepend\\\\\\\":\\\\\\\"\\\\\\\",\\\\\\\"append\\\\\\\":\\\\\\\"\\\\\\\"},\\\\\\\"__vModel__\\\\\\\":\\\\\\\"id\\\\\\\"},{\\\\\\\"__config__\\\\\\\":{\\\\\\\"formId\\\\\\\":12,\\\\\\\"label\\\\\\\":\\\\\\\"手机号\\\\\\\",\\\\\\\"isTableField\\\\\\\":true,\\\\\\\"fieldType\\\\\\\":\\\\\\\"varchar\\\\\\\",\\\\\\\"fieldLength\\\\\\\":20,\\\\\\\"pointLength\\\\\\\":0,\\\\\\\"isKey\\\\\\\":false,\\\\\\\"labelWidth\\\\\\\":null,\\\\\\\"showLabel\\\\\\\":true,\\\\\\\"changeTag\\\\\\\":true,\\\\\\\"tag\\\\\\\":\\\\\\\"el-input\\\\\\\",\\\\\\\"tagIcon\\\\\\\":\\\\\\\"input\\\\\\\",\\\\\\\"required\\\\\\\":true,\\\\\\\"layout\\\\\\\":\\\\\\\"colFormItem\\\\\\\",\\\\\\\"span\\\\\\\":24,\\\\\\\"document\\\\\\\":\\\\\\\"https://element.eleme.cn/#/zh-CN/component/input\\\\\\\",\\\\\\\"regList\\\\\\\":[{\\\\\\\"pattern\\\\\\\":\\\\\\\"/^1(3|4|5|7|8|9)\\\\\\\\\\\\\\\\d{9}$/\\\\\\\",\\\\\\\"message\\\\\\\":\\\\\\\"手机号格式错误\\\\\\\"}]},\\\\\\\"__slot__\\\\\\\":{\\\\\\\"prepend\\\\\\\":\\\\\\\"\\\\\\\",\\\\\\\"append\\\\\\\":\\\\\\\"\\\\\\\"},\\\\\\\"__vModel__\\\\\\\":\\\\\\\"mobile\\\\\\\",\\\\\\\"placeholder\\\\\\\":\\\\\\\"请输入\\\\\\\",\\\\\\\"style\\\\\\\":{\\\\\\\"width\\\\\\\":\\\\\\\"100%\\\\\\\"},\\\\\\\"clearable\\\\\\\":true,\\\\\\\"prefix-icon\\\\\\\":\\\\\\\"el-icon-mobile\\\\\\\",\\\\\\\"suffix-icon\\\\\\\":\\\\\\\"\\\\\\\",\\\\\\\"maxlength\\\\\\\":11,\\\\\\\"show-word-limit\\\\\\\":true,\\\\\\\"readonly\\\\\\\":false,\\\\\\\"disabled\\\\\\\":false},{\\\\\\\"__config__\\\\\\\":{\\\\\\\"label\\\\\\\":\\\\\\\"级联选择\\\\\\\",\\\\\\\"isTableField\\\\\\\":true,\\\\\\\"fieldType\\\\\\\":\\\\\\\"varchar\\\\\\\",\\\\\\\"fieldLength\\\\\\\":50,\\\\\\\"pointLength\\\\\\\":0,\\\\\\\"isKey\\\\\\\":false,\\\\\\\"url\\\\\\\":\\\\\\\"/zorg/zOrganization/tree\\\\\\\",\\\\\\\"method\\\\\\\":\\\\\\\"get\\\\\\\",\\\\\\\"dataPath\\\\\\\":\\\\\\\"data\\\\\\\",\\\\\\\"dataConsumer\\\\\\\":\\\\\\\"options\\\\\\\",\\\\\\\"showLabel\\\\\\\":true,\\\\\\\"labelWidth\\\\\\\":null,\\\\\\\"tag\\\\\\\":\\\\\\\"el-cascader\\\\\\\",\\\\\\\"tagIcon\\\\\\\":\\\\\\\"cascader\\\\\\\",\\\\\\\"layout\\\\\\\":\\\\\\\"colFormItem\\\\\\\",\\\\\\\"defaultValue\\\\\\\":null,\\\\\\\"dataType\\\\\\\":\\\\\\\"static\\\\\\\",\\\\\\\"span\\\\\\\":24,\\\\\\\"required\\\\\\\":false,\\\\\\\"regList\\\\\\\":[],\\\\\\\"changeTag\\\\\\\":true,\\\\\\\"document\\\\\\\":\\\\\\\"https://element.eleme.cn/#/zh-CN/component/cascader\\\\\\\",\\\\\\\"formId\\\\\\\":101,\\\\\\\"renderKey\\\\\\\":\\\\\\\"1011736412209265\\\\\\\"},\\\\\\\"options\\\\\\\":[],\\\\\\\"placeholder\\\\\\\":\\\\\\\"请选择级联选择\\\\\\\",\\\\\\\"style\\\\\\\":{\\\\\\\"width\\\\\\\":\\\\\\\"100%\\\\\\\"},\\\\\\\"props\\\\\\\":{\\\\\\\"props\\\\\\\":{\\\\\\\"multiple\\\\\\\":false,\\\\\\\"label\\\\\\\":\\\\\\\"orgName\\\\\\\",\\\\\\\"value\\\\\\\":\\\\\\\"orgId\\\\\\\",\\\\\\\"children\\\\\\\":\\\\\\\"children\\\\\\\"}},\\\\\\\"show-all-levels\\\\\\\":true,\\\\\\\"disabled\\\\\\\":false,\\\\\\\"clearable\\\\\\\":true,\\\\\\\"filterable\\\\\\\":false,\\\\\\\"separator\\\\\\\":\\\\\\\"/\\\\\\\",\\\\\\\"__vModel__\\\\\\\":\\\\\\\"field101\\\\\\\"},{\\\\\\\"__config__\\\\\\\":{\\\\\\\"label\\\\\\\":\\\\\\\"多选框组\\\\\\\",\\\\\\\"isTableField\\\\\\\":true,\\\\\\\"fieldType\\\\\\\":\\\\\\\"varchar\\\\\\\",\\\\\\\"fieldLength\\\\\\\":255,\\\\\\\"pointLength\\\\\\\":0,\\\\\\\"isKey\\\\\\\":false,\\\\\\\"url\\\\\\\":\\\\\\\"/role/list\\\\\\\",\\\\\\\"method\\\\\\\":\\\\\\\"get\\\\\\\",\\\\\\\"dataPath\\\\\\\":\\\\\\\"data.records\\\\\\\",\\\\\\\"dictUrl\\\\\\\":\\\\\\\"/dictData/zDictData/listCache\\\\\\\",\\\\\\\"dictCode\\\\\\\":\\\\\\\"sys_user_sex\\\\\\\",\\\\\\\"dictDataPath\\\\\\\":\\\\\\\"data\\\\\\\",\\\\\\\"dataConsumer\\\\\\\":\\\\\\\"__slot__.options\\\\\\\",\\\\\\\"showLabel\\\\\\\":true,\\\\\\\"labelWidth\\\\\\\":null,\\\\\\\"tag\\\\\\\":\\\\\\\"el-checkbox-group\\\\\\\",\\\\\\\"tagIcon\\\\\\\":\\\\\\\"checkbox\\\\\\\",\\\\\\\"layout\\\\\\\":\\\\\\\"colFormItem\\\\\\\",\\\\\\\"defaultValue\\\\\\\":[],\\\\\\\"dataType\\\\\\\":\\\\\\\"dynamic\\\\\\\",\\\\\\\"span\\\\\\\":24,\\\\\\\"optionType\\\\\\\":\\\\\\\"default\\\\\\\",\\\\\\\"required\\\\\\\":false,\\\\\\\"regList\\\\\\\":[],\\\\\\\"changeTag\\\\\\\":true,\\\\\\\"border\\\\\\\":false,\\\\\\\"document\\\\\\\":\\\\\\\"https://element.eleme.cn/#/zh-CN/component/checkbox\\\\\\\",\\\\\\\"formId\\\\\\\":102,\\\\\\\"renderKey\\\\\\\":\\\\\\\"1021736412211049\\\\\\\"},\\\\\\\"__slot__\\\\\\\":{\\\\\\\"options\\\\\\\":[{\\\\\\\"roleId\\\\\\\":\\\\\\\"032844a1f06890c0f689a7818ec6fbac\\\\\\\",\\\\\\\"roleName\\\\\\\":\\\\\\\"系统管理员\\\\\\\",\\\\\\\"roleDescription\\\\\\\":\\\\\\\"系统管理员\\\\\\\",\\\\\\\"roleOrder\\\\\\\":1,\\\\\\\"createTime\\\\\\\":\\\\\\\"2023-01-15T17:11:09\\\\\\\",\\\\\\\"updateTime\\\\\\\":\\\\\\\"2023-11-09T15:59:27\\\\\\\"},{\\\\\\\"roleId\\\\\\\":\\\\\\\"1c5da30bd1f387d036e438d19cebadec\\\\\\\",\\\\\\\"roleName\\\\\\\":\\\\\\\"222\\\\\\\",\\\\\\\"roleDescription\\\\\\\":\\\\\\\"222\\\\\\\",\\\\\\\"roleOrder\\\\\\\":1,\\\\\\\"createTime\\\\\\\":\\\\\\\"2024-10-12T17:59:52\\\\\\\",\\\\\\\"updateTime\\\\\\\":null},{\\\\\\\"roleId\\\\\\\":\\\\\\\"6c28e0351c57fce1f2e7b61a03a93992\\\\\\\",\\\\\\\"roleName\\\\\\\":\\\\\\\"测试测试\\\\\\\",\\\\\\\"roleDescription\\\\\\\":\\\\\\\"测试测试测试测试测试测试测试测试测试测试测试测试测试测试测试测试测试测试测试测试测试测试测试测试测试测试测试测试测试测试测试测试测试测试\\\\\\\",\\\\\\\"roleOrder\\\\\\\":1,\\\\\\\"createTime\\\\\\\":\\\\\\\"2023-01-15T17:11:26\\\\\\\",\\\\\\\"updateTime\\\\\\\":null},{\\\\\\\"roleId\\\\\\\":\\\\\\\"54eaea4ee678e9fa5c600e9be57626b9\\\\\\\",\\\\\\\"roleName\\\\\\\":\\\\\\\"注册用户\\\\\\\",\\\\\\\"roleDescription\\\\\\\":\\\\\\\"注意：注册用户在后台写死的角色，若删除可能导致注册功能报错\\\\\\\",\\\\\\\"roleOrder\\\\\\\":100,\\\\\\\"createTime\\\\\\\":\\\\\\\"2024-05-27T14:05:44\\\\\\\",\\\\\\\"updateTime\\\\\\\":\\\\\\\"2024-05-27T14:08:03\\\\\\\"}]},\\\\\\\"style\\\\\\\":{},\\\\\\\"props\\\\\\\":{\\\\\\\"props\\\\\\\":{\\\\\\\"label\\\\\\\":\\\\\\\"roleName\\\\\\\",\\\\\\\"value\\\\\\\":\\\\\\\"roleId\\\\\\\"}},\\\\\\\"size\\\\\\\":\\\\\\\"medium\\\\\\\",\\\\\\\"disabled\\\\\\\":false,\\\\\\\"__vModel__\\\\\\\":\\\\\\\"field102\\\\\\\"},{\\\\\\\"__config__\\\\\\\":{\\\\\\\"formId\\\\\\\":13,\\\\\\\"label\\\\\\\":\\\\\\\"顺序\\\\\\\",\\\\\\\"isTableField\\\\\\\":true,\\\\\\\"fieldType\\\\\\\":\\\\\\\"int\\\\\\\",\\\\\\\"fieldLength\\\\\\\":11,\\\\\\\"pointLength\\\\\\\":0,\\\\\\\"isKey\\\\\\\":false,\\\\\\\"showLabel\\\\\\\":true,\\\\\\\"changeTag\\\\\\\":true,\\\\\\\"labelWidth\\\\\\\":null,\\\\\\\"tag\\\\\\\":\\\\\\\"el-input-number\\\\\\\",\\\\\\\"tagIcon\\\\\\\":\\\\\\\"number\\\\\\\",\\\\\\\"defaultValue\\\\\\\":0,\\\\\\\"span\\\\\\\":24,\\\\\\\"layout\\\\\\\":\\\\\\\"colFormItem\\\\\\\",\\\\\\\"required\\\\\\\":true,\\\\\\\"regList\\\\\\\":[],\\\\\\\"document\\\\\\\":\\\\\\\"https://element.eleme.cn/#/zh-CN/component/input-number\\\\\\\"},\\\\\\\"placeholder\\\\\\\":\\\\\\\"请输入\\\\\\\",\\\\\\\"min\\\\\\\":0,\\\\\\\"step\\\\\\\":1,\\\\\\\"step-strictly\\\\\\\":false,\\\\\\\"controls-position\\\\\\\":\\\\\\\"\\\\\\\",\\\\\\\"disabled\\\\\\\":false,\\\\\\\"__vModel__\\\\\\\":\\\\\\\"order_index\\\\\\\"},{\\\\\\\"__config__\\\\\\\":{\\\\\\\"label\\\\\\\":\\\\\\\"ImageAvatar\\\\\\\",\\\\\\\"isTableField\\\\\\\":true,\\\\\\\"childTableName\\\\\\\":\\\\\\\"\\\\\\\",\\\\\\\"fieldType\\\\\\\":\\\\\\\"varchar\\\\\\\",\\\\\\\"fieldLength\\\\\\\":200,\\\\\\\"pointLength\\\\\\\":0,\\\\\\\"isKey\\\\\\\":false,\\\\\\\"tag\\\\\\\":\\\\\\\"image-avatar\\\\\\\",\\\\\\\"tagIcon\\\\\\\":\\\\\\\"upload\\\\\\\",\\\\\\\"layout\\\\\\\":\\\\\\\"colFormItem\\\\\\\",\\\\\\\"defaultValue\\\\\\\":null,\\\\\\\"showLabel\\\\\\\":true,\\\\\\\"labelWidth\\\\\\\":null,\\\\\\\"required\\\\\\\":false,\\\\\\\"span\\\\\\\":24,\\\\\\\"regList\\\\\\\":[],\\\\\\\"changeTag\\\\\\\":true,\\\\\\\"document\\\\\\\":\\\\\\\"https://element.eleme.cn/#/zh-CN/component/upload\\\\\\\",\\\\\\\"formId\\\\\\\":115,\\\\\\\"renderKey\\\\\\\":\\\\\\\"1151742181644461\\\\\\\"},\\\\\\\"action\\\\\\\":\\\\\\\"/upload/images\\\\\\\",\\\\\\\"disabled\\\\\\\":false,\\\\\\\"name\\\\\\\":\\\\\\\"file\\\\\\\",\\\\\\\"folder\\\\\\\":\\\\\\\"\\\\\\\",\\\\\\\"limitSize\\\\\\\":1024,\\\\\\\"__vModel__\\\\\\\":\\\\\\\"field115\\\\\\\"},{\\\\\\\"__config__\\\\\\\":{\\\\\\\"label\\\\\\\":\\\\\\\"富文本框\\\\\\\",\\\\\\\"isTableField\\\\\\\":true,\\\\\\\"fieldType\\\\\\\":\\\\\\\"longtext\\\\\\\",\\\\\\\"fieldLength\\\\\\\":0,\\\\\\\"pointLength\\\\\\\":0,\\\\\\\"isKey\\\\\\\":false,\\\\\\\"showLabel\\\\\\\":true,\\\\\\\"changeTag\\\\\\\":true,\\\\\\\"labelWidth\\\\\\\":null,\\\\\\\"tag\\\\\\\":\\\\\\\"my-wang-editor\\\\\\\",\\\\\\\"tagIcon\\\\\\\":\\\\\\\"rich-text\\\\\\\",\\\\\\\"defaultValue\\\\\\\":\\\\\\\"\\\\\\\",\\\\\\\"span\\\\\\\":24,\\\\\\\"layout\\\\\\\":\\\\\\\"colFormItem\\\\\\\",\\\\\\\"required\\\\\\\":false,\\\\\\\"regList\\\\\\\":[],\\\\\\\"document\\\\\\\":\\\\\\\"https://www.wangeditor.com/\\\\\\\",\\\\\\\"formId\\\\\\\":116,\\\\\\\"renderKey\\\\\\\":1742181702997},\\\\\\\"placeholder\\\\\\\":\\\\\\\"请输入富文本框\\\\\\\",\\\\\\\"height\\\\\\\":200,\\\\\\\"__vModel__\\\\\\\":\\\\\\\"field116\\\\\\\"}],\\\\\\\"tableName\\\\\\\":\\\\\\\"a_table\\\\\\\",\\\\\\\"tableDecription\\\\\\\":\\\\\\\"表描述\\\\\\\",\\\\\\\"basePackage\\\\\\\":\\\\\\\"com.kg.module\\\\\\\",\\\\\\\"tablePackage\\\\\\\":\\\\\\\"atable\\\\\\\",\\\\\\\"viewPath\\\\\\\":\\\\\\\"/atable\\\\\\\",\\\\\\\"author\\\\\\\":\\\\\\\"ziro\\\\\\\",\\\\\\\"formRef\\\\\\\":\\\\\\\"dataForm\\\\\\\",\\\\\\\"formModel\\\\\\\":\\\\\\\"temp\\\\\\\",\\\\\\\"size\\\\\\\":\\\\\\\"medium\\\\\\\",\\\\\\\"labelPosition\\\\\\\":\\\\\\\"right\\\\\\\",\\\\\\\"labelWidth\\\\\\\":100,\\\\\\\"formRules\\\\\\\":\\\\\\\"rules\\\\\\\",\\\\\\\"gutter\\\\\\\":15,\\\\\\\"span\\\\\\\":24,\\\\\\\"formBtns\\\\\\\":true}\\\",\\\"tableName\\\":\\\"a_table\\\",\\\"tableDecription\\\":\\\"表描述\\\",\\\"basePackage\\\":\\\"com.kg.module\\\",\\\"author\\\":\\\"ziro\\\",\\\"tablePackage\\\":\\\"atable\\\",\\\"viewPath\\\":\\\"/atable\\\",\\\"status\\\":\\\"1\\\",\\\"orderIndex\\\":0,\\\"createTime\\\":1736412266000,\\\"updateTime\\\":1742181655000}]\",\"params\":\"{}\"}', '/dashuserver/generator/zFormGenerator/update', '127.0.0.1', '2025-03-17 11:21:47');
INSERT INTO `z_operate_log` VALUES ('c9b382db-2a3d-42bc-aa67-728f2d2a000f', '1', 'admin', '/login/login', '用户登录成功', NULL, '/login/login', '58.57.95.202', '2025-02-07 14:38:14');
INSERT INTO `z_operate_log` VALUES ('c9bb3920-4fe8-478f-9858-16a577569576', '1', 'dashuadmin', '/login/login', '用户登录成功', NULL, '/login/login', '58.57.95.202', '2025-04-25 07:54:21');
INSERT INTO `z_operate_log` VALUES ('ca01b6e7-deab-4967-8ad0-d002ef2eedc9', '1', 'admin', '/login/login', '用户登录成功', NULL, '/login/login', '60.223.205.74', '2025-02-05 18:20:16');
INSERT INTO `z_operate_log` VALUES ('ca8ef5bd-c8b1-4f4d-9b66-e00cc08c5cbb', '1', 'admin', '/login/login', '用户登录成功', NULL, '/login/login', '58.57.95.202', '2025-01-13 10:05:53');
INSERT INTO `z_operate_log` VALUES ('cb253fec-a21d-4167-8721-9fcd1d3b71a3', '1', 'admin', '/permission/update', '修改资源（菜单，按钮）', '{\"body\":\"[{\\\"permissionId\\\":\\\"57df6324-9caf-4a24-a083-4e68e141249e\\\",\\\"parentId\\\":\\\"-1\\\",\\\"permissionName\\\":\\\"atable-aTable\\\",\\\"permissionDescription\\\":\\\"我的表a_table\\\",\\\"permissionType\\\":\\\"0\\\",\\\"permissionTitle\\\":\\\"我的表a_table\\\",\\\"permissionIcon\\\":\\\"\\\",\\\"permissionRouter\\\":\\\"/demonews\\\",\\\"permissionComponent\\\":\\\"/demonews/index\\\",\\\"permissionIsShow\\\":1,\\\"permissionIsEnabled\\\":1,\\\"noRedirect\\\":\\\"noRedirect\\\",\\\"noCache\\\":0,\\\"breadcrumb\\\":1,\\\"affix\\\":0,\\\"permissionOrder\\\":100,\\\"createTime\\\":1726279551000,\\\"updateTime\\\":1726279551000}]\",\"params\":\"{}\"}', '/dashuserver/permission/update', '222.216.0.16', '2025-01-15 10:30:52');
INSERT INTO `z_operate_log` VALUES ('cbe3d0a7-624b-48ca-9873-5fcbeb9e44c6', '1', 'admin', '/user/edit/password', '修改用户密码', '{\"body\":\"[{\\\"oldPassword\\\":\\\"123\\\",\\\"password\\\":\\\"123\\\",\\\"isDefaultPassword\\\":false}]\",\"params\":\"{}\"}', '/dashuserver/user/edit/password', '58.57.95.202', '2024-12-20 13:45:00');
INSERT INTO `z_operate_log` VALUES ('ccc2e5b7-9b74-474c-b6b2-da701b07435b', '1', 'admin', '/user/edit/password', '修改用户密码', '{\"body\":\"[{\\\"oldPassword\\\":\\\"123\\\",\\\"password\\\":\\\"123\\\",\\\"isDefaultPassword\\\":false}]\",\"params\":\"{}\"}', '/dashuserver/user/edit/password', '58.57.95.202', '2024-12-20 13:48:08');
INSERT INTO `z_operate_log` VALUES ('ccece72b-448d-47e3-857c-4bb82cbdb8a9', '1', 'admin', '/login/login', '用户登录成功', NULL, '/login/login', '58.57.95.202', '2024-12-18 16:58:08');
INSERT INTO `z_operate_log` VALUES ('cda78bed-3cfe-4c1e-836d-20c60adef0b3', '1', 'admin', '/login/login', '用户登录成功', NULL, '/login/login', '58.57.95.202', '2024-12-23 08:22:42');
INSERT INTO `z_operate_log` VALUES ('cec39962-b4d0-4608-9dc8-f1fb40d2eeb6', '1', 'admin', '/filesStatic/zFilesStatic/add', '新增-静态资源文件表', '{\"body\":\"[{\\\"fileOldName\\\":\\\"static\\\",\\\"fileType\\\":\\\"0\\\",\\\"autoUnzip\\\":false}]\",\"params\":\"{}\"}', '/dashuserver/filesStatic/zFilesStatic/add', '58.57.95.202', '2025-02-17 16:56:31');
INSERT INTO `z_operate_log` VALUES ('cf1cc102-b73d-4d1f-812b-4bf066db1093', '1', 'admin', '/login/login', '用户登录成功', NULL, '/login/login', '121.33.197.54', '2025-02-07 15:19:22');
INSERT INTO `z_operate_log` VALUES ('cf7ec0d9-d842-4370-843c-b38f69e39da8', '1', 'admin', '/login/login', '用户登录成功', NULL, '/login/login', '127.0.0.1', '2024-12-19 08:52:04');
INSERT INTO `z_operate_log` VALUES ('d02684c7-7e8c-4773-a614-dd656772118c', '1', 'admin', '/login/login', '用户登录成功', NULL, '/login/login', '58.57.95.202', '2025-03-25 10:54:33');
INSERT INTO `z_operate_log` VALUES ('d04be4dc-c73a-4d8e-b046-4477100c740c', '1', 'admin', '/login/login', '用户登录成功', NULL, '/login/login', '58.57.95.202', '2025-01-17 15:15:16');
INSERT INTO `z_operate_log` VALUES ('d0f508f8-f5a4-4e7e-80d4-2fa19847aaf1', '1', 'admin', '/login/login', '用户登录成功', NULL, '/login/login', '58.57.95.202', '2024-12-20 13:42:45');
INSERT INTO `z_operate_log` VALUES ('d11adab5-64f3-4dc7-9649-dcfe484c5d8c', '1', 'dashuadmin', '/login/login', '用户登录成功', NULL, '/login/login', '58.57.95.202', '2025-04-26 15:37:41');
INSERT INTO `z_operate_log` VALUES ('d221c06e-f692-425e-aa86-8984dccd2b71', '1', 'dashuadmin', '/login/login', '用户登录成功', NULL, '/login/login', '27.185.27.180', '2025-04-29 16:58:34');
INSERT INTO `z_operate_log` VALUES ('d2632888-3ae0-4c53-be15-74219a1c6f69', '1', 'admin', '/login/login', '用户登录成功', NULL, '/login/login', '58.62.252.214', '2024-12-20 18:39:49');
INSERT INTO `z_operate_log` VALUES ('d2bbad45-85c3-4ee5-af62-02ca400212db', '1', 'admin', '/login/login', '用户登录成功', NULL, '/login/login', '58.57.95.202', '2025-01-20 10:45:11');
INSERT INTO `z_operate_log` VALUES ('d3b65c14-105b-43fb-b2cc-16af97f5ffee', '1', 'dashuadmin', '/login/login', '用户登录成功', NULL, '/login/login', '58.57.95.202', '2025-05-20 10:16:48');
INSERT INTO `z_operate_log` VALUES ('d59338eb-0da9-471d-a3eb-56344c2d3b46', '1', 'dashuadmin', '/login/login', '用户登录成功', NULL, '/login/login', '27.185.27.180', '2025-04-29 16:58:29');
INSERT INTO `z_operate_log` VALUES ('d62354e8-68ec-4cf9-9314-485f0df11ad2', '1', 'admin', '/login/login', '用户登录成功', NULL, '/login/login', '58.57.95.202', '2025-01-17 15:19:01');
INSERT INTO `z_operate_log` VALUES ('d676ed2b-1c73-4cfe-92f6-585e72c782f5', '1', 'admin', '/login/login', '用户登录成功', NULL, '/login/login', '58.57.95.202', '2025-02-26 11:05:35');
INSERT INTO `z_operate_log` VALUES ('d71d346b-f14f-4530-83cc-03078e7bff30', '1', 'admin', '/login/login', '用户登录成功', NULL, '/login/login', '112.253.25.50', '2025-03-24 14:27:46');
INSERT INTO `z_operate_log` VALUES ('d78dc4b3-8308-49b4-bf5c-21cc301c3c08', '1', 'admin', '/login/login', '用户登录成功', NULL, '/login/login', '58.57.95.202', '2025-02-24 10:53:02');
INSERT INTO `z_operate_log` VALUES ('d7996ab1-2884-4989-b661-27d1828bfe9b', '1', 'admin', '/user/edit/password', '修改用户密码', '{\"body\":\"[{\\\"oldPassword\\\":\\\"qwer@123\\\",\\\"password\\\":\\\"qwer@123\\\",\\\"isDefaultPassword\\\":false}]\",\"params\":\"{}\"}', '/dashuserver/user/edit/password', '58.57.95.202', '2024-12-20 13:51:54');
INSERT INTO `z_operate_log` VALUES ('d90a0538-918a-4dc7-a09f-24a6daa380b4', '1', 'admin', '/user/reset/password', '重置密码', '{\"body\":\"[[\\\"b7433e5d-07e0-48a8-bc90-559f18f5ab76\\\"]]\",\"params\":\"{}\"}', '/dashuserver/user/reset/password', '123.131.4.255', '2025-03-07 22:49:43');
INSERT INTO `z_operate_log` VALUES ('d9bfb28e-b670-458e-a9ab-a173ab224a79', '1', 'admin', '/user/update', '修改用户信息', '{\"body\":\"[{\\\"roleId\\\":[\\\"032844a1f06890c0f689a7818ec6fbac\\\",\\\"6c28e0351c57fce1f2e7b61a03a93992\\\"],\\\"roleName\\\":\\\"系统管理员\\\",\\\"userId\\\":\\\"b7433e5d-07e0-48a8-bc90-559f18f5ab76\\\",\\\"orgId\\\":\\\"6902be7cdd4549a2be9690f62879cb9a\\\",\\\"userName\\\":\\\"test\\\",\\\"password\\\":\\\"$2a$10$IT/fkOndwWNbj.UfcrkXyOmFspiexDH2k/by2/jglbS6p2.30I9Ha\\\",\\\"sex\\\":\\\"0\\\",\\\"nickName\\\":\\\"test\\\",\\\"introduce\\\":\\\"张三张三张三\\\",\\\"avatar\\\":\\\"/upload/images/20240117/fafa54bdd95a4fecba90ab5cd741a072.jpg\\\",\\\"name\\\":\\\"张三\\\",\\\"phone\\\":\\\"13012341234\\\",\\\"status\\\":\\\"1\\\",\\\"createTime\\\":1685087768000,\\\"updateTime\\\":1741358983000}]\",\"params\":\"{}\"}', '/dashuserver/user/update', '123.131.4.255', '2025-03-07 22:49:52');
INSERT INTO `z_operate_log` VALUES ('dd173ee4-a624-4cc4-b60c-f0ac9fb3f118', '1', 'admin', '/login/login', '用户登录成功', NULL, '/login/login', '58.57.95.202', '2024-12-20 08:36:05');
INSERT INTO `z_operate_log` VALUES ('de2776a9-58f2-4748-b0cc-cfb2c06d832c', 'e400decc-2c7d-4a4a-9a2a-9392be60bbe4', 'enjay', '/login/login', '用户登录成功', NULL, '/login/login', '120.238.174.204', '2025-02-26 14:45:51');
INSERT INTO `z_operate_log` VALUES ('df15e58d-0063-49a0-8b06-6f3a565afc79', '1', 'admin', '/login/login', '用户登录成功', NULL, '/login/login', '58.57.95.202', '2025-01-11 11:25:25');
INSERT INTO `z_operate_log` VALUES ('df48e79a-d435-4550-902b-9b97d879c1b7', '1', 'dashuadmin', '/user/edit/password', '修改用户密码', '{\"body\":\"[{\\\"userId\\\":\\\"\\\",\\\"oldPassword\\\":\\\"qwer@123\\\",\\\"password\\\":\\\"ABCabc@123\\\",\\\"isDefaultPassword\\\":false}]\",\"params\":\"{}\"}', '/dashuserver/user/edit/password', '58.57.95.202', '2025-04-24 15:47:02');
INSERT INTO `z_operate_log` VALUES ('dfc710af-22d9-48aa-89ef-ac336e654031', '1', 'admin', '/login/login', '用户登录成功', NULL, '/login/login', '58.57.95.202', '2024-12-19 10:10:02');
INSERT INTO `z_operate_log` VALUES ('dffec81f-ce53-4938-acdd-40e81eaf9c4e', '1', 'admin', '/login/login', '用户登录成功', NULL, '/login/login', '39.174.248.46', '2024-12-31 14:48:34');
INSERT INTO `z_operate_log` VALUES ('e01d35e9-9e5b-4af3-a77d-776f9bc2d713', 'b7433e5d-07e0-48a8-bc90-559f18f5ab76', 'test', '/login/login', '用户登录成功', NULL, '/login/login', '123.131.4.255', '2025-03-07 22:50:09');
INSERT INTO `z_operate_log` VALUES ('e09aba88-f7a8-43a5-9cae-40310a7a12ef', '1', 'admin', '/zquartz/zQuartz/update', '修改-定时任务调度', '{\"body\":\"[{\\\"quartzId\\\":\\\"93d90dba-2fb9-4f33-8063-4ceb2aedf3b2\\\",\\\"jobName\\\":\\\"定时删除操作日志任务\\\",\\\"jobClass\\\":\\\"com.kg.core.quartz.job.DeleteOperateLogJob\\\",\\\"jobTimeCron\\\":\\\"0 30 0 * * ?\\\",\\\"description\\\":\\\"每天0:30执行\\\\n定时删除操作日志z_operate_log\\\\n默认保留180天\\\\n可以在配置文件中配置com.kg.auto-operate-log\\\",\\\"status\\\":\\\"0\\\",\\\"createTime\\\":1699490790000,\\\"updateTime\\\":1735263197000}]\",\"params\":\"{}\"}', '/dashuserver/zquartz/zQuartz/update', '127.0.0.1', '2024-12-27 09:33:20');
INSERT INTO `z_operate_log` VALUES ('e1f87e98-8bc5-4c05-99d3-97d00b7c6e7b', 'a1711529-40bd-49d4-b276-1193588fedb0', 'test1', '/login/login', '用户登录成功', NULL, '/login/login', '112.224.176.93', '2025-01-17 17:41:20');
INSERT INTO `z_operate_log` VALUES ('e2bb8fba-2c61-41c1-ac3a-01217c01711e', '1', 'admin', '/login/login', '用户登录成功', NULL, '/login/login', '58.57.95.202', '2025-03-06 10:44:10');
INSERT INTO `z_operate_log` VALUES ('e2be90c3-faed-498e-9390-0a6346925145', '1', 'admin', '/login/login', '用户登录成功', NULL, '/login/login', '58.57.95.202', '2025-02-21 17:24:14');
INSERT INTO `z_operate_log` VALUES ('e2e47bdf-f58e-4d44-9bbb-e3dce289ea73', '1', 'admin', '/login/login', '用户登录成功', NULL, '/login/login', '39.162.32.93', '2024-12-29 01:02:50');
INSERT INTO `z_operate_log` VALUES ('e460791c-fd1a-4563-92c1-27c3c514286b', '1', 'admin', '/login/login', '用户登录成功', NULL, '/login/login', '58.57.95.202', '2025-01-13 10:05:27');
INSERT INTO `z_operate_log` VALUES ('e4a5aeaa-a4be-44a5-b33e-25eb9b3e22aa', '1', 'dashuadmin', '/login/login', '用户登录成功', NULL, '/login/login', '180.110.186.70', '2025-04-29 10:41:11');
INSERT INTO `z_operate_log` VALUES ('e7f5cdc6-b861-452a-b4c1-ff2aa72a7af8', '1', 'dashuadmin', '/login/login', '用户登录成功', NULL, '/login/login', '58.57.95.202', '2025-04-24 15:47:14');
INSERT INTO `z_operate_log` VALUES ('e83df801-04b3-4062-81d9-89c1aaa19322', '1', 'dashuadmin', '/login/login', '用户登录成功', NULL, '/login/login', '58.57.95.202', '2025-04-26 09:32:08');
INSERT INTO `z_operate_log` VALUES ('e9b37913-00f4-4096-b7b8-d52fbccc70b0', '1', 'dashuadmin', '/login/login', '用户登录成功', NULL, '/login/login', '111.22.173.111', '2025-05-19 10:52:13');
INSERT INTO `z_operate_log` VALUES ('ea2c3127-d02a-49ba-8b8b-21dcc1f877e5', '1', 'admin', '/login/login', '用户登录成功', NULL, '/login/login', '58.57.95.202', '2025-02-17 08:32:45');
INSERT INTO `z_operate_log` VALUES ('ea8ca0a3-87fe-446d-acec-555e2a2c8515', '1', 'admin', '/user/delete', '删除用户', '{\"body\":\"[[\\\"0c9653f3-b4c6-485e-a8bf-510d0e31978e\\\"]]\",\"params\":\"{}\"}', '/dashuserver/user/delete', '39.174.248.46', '2024-12-31 14:53:35');
INSERT INTO `z_operate_log` VALUES ('ea9112aa-278d-46ba-8cab-7323f27ddc17', '1', 'admin', '/permission/delete', '删除资源（菜单，按钮等）', '{\"body\":\"[[\\\"57df6324-9caf-4a24-a083-4e68e141249e\\\"]]\",\"params\":\"{}\"}', '/dashuserver/permission/delete', '58.57.95.202', '2025-03-22 09:14:16');
INSERT INTO `z_operate_log` VALUES ('eb7a57a7-c4ec-40e0-967a-fec1f2121c9c', '1', 'admin', '/login/login', '用户登录成功', NULL, '/login/login', '58.57.95.202', '2025-03-27 11:13:27');
INSERT INTO `z_operate_log` VALUES ('ec02fcf2-dff1-4711-b072-0cc035c26ce7', 'a1711529-40bd-49d4-b276-1193588fedb0', 'test1', '/login/login', '用户登录成功', NULL, '/login/login', '27.192.172.205', '2025-04-23 17:59:20');
INSERT INTO `z_operate_log` VALUES ('ec3b853d-134c-4c36-9203-b96994eeb4dc', '1', 'admin', '/role/add', '添加角色', '{\"body\":\"[{\\\"roleId\\\":\\\"\\\",\\\"roleName\\\":\\\"aa\\\",\\\"roleDescription\\\":\\\"\\\",\\\"roleOrder\\\":1}]\",\"params\":\"{}\"}', '/dashuserver/role/add', '58.57.95.202', '2025-02-19 09:31:13');
INSERT INTO `z_operate_log` VALUES ('ecb69537-0b96-41b2-a10a-7d792d371d38', '1', 'admin', '/login/login', '用户登录成功', NULL, '/login/login', '58.57.95.202', '2025-04-23 16:02:22');
INSERT INTO `z_operate_log` VALUES ('ed0d3460-18b4-409b-947d-1a92c6e8d700', 'a1711529-40bd-49d4-b276-1193588fedb0', 'test1', '/login/login', '用户登录成功', NULL, '/login/login', '58.57.95.202', '2025-04-24 15:47:29');
INSERT INTO `z_operate_log` VALUES ('eda66238-edad-4767-aac5-4602eff481c0', '1', 'admin', '/login/login', '用户登录成功', NULL, '/login/login', '58.57.95.202', '2025-02-07 14:41:09');
INSERT INTO `z_operate_log` VALUES ('ef466891-359d-441b-ba28-b812c0f8b4b2', '1', 'admin', '/login/login', '用户登录成功', NULL, '/login/login', '58.57.95.202', '2024-12-18 10:02:05');
INSERT INTO `z_operate_log` VALUES ('eff392ff-7b44-4a23-9d6a-c97b0402eafa', '1', 'admin', '/login/login', '用户登录成功', NULL, '/login/login', '58.57.95.202', '2025-03-24 08:43:50');
INSERT INTO `z_operate_log` VALUES ('f073574d-e904-4a28-b511-3d1550148a9b', 'a1711529-40bd-49d4-b276-1193588fedb0', 'test1', '/login/login', '用户登录成功', NULL, '/login/login', '58.57.95.202', '2025-04-24 08:55:01');
INSERT INTO `z_operate_log` VALUES ('f1345635-2d81-4377-8c2e-431ef6b86147', '1', 'dashuadmin', '/login/login', '用户登录成功', NULL, '/login/login', '58.57.95.202', '2025-05-20 17:13:57');
INSERT INTO `z_operate_log` VALUES ('f1633dcc-f855-4fcc-a456-ea4aca84119e', '1', 'admin', '/login/login', '用户登录成功', NULL, '/login/login', '58.57.95.202', '2025-01-23 17:11:40');
INSERT INTO `z_operate_log` VALUES ('f1b3ced0-11a6-4d60-a543-3322eb9e053c', '1', 'dashuadmin', '/permission/add', '添加资源（菜单，按钮）', '{\"body\":\"[{\\\"permissionId\\\":\\\"\\\",\\\"parentId\\\":\\\"68901274-fb04-49b7-9b5c-3f9861e46fb9\\\",\\\"permissionName\\\":\\\"guide\\\",\\\"permissionDescription\\\":\\\"GUIDE\\\",\\\"permissionType\\\":\\\"0\\\",\\\"permissionTitle\\\":\\\"引导页\\\",\\\"permissionIcon\\\":\\\"el-icon-place\\\",\\\"permissionRouter\\\":\\\"/guide\\\",\\\"permissionComponent\\\":\\\"/guide/index\\\",\\\"permissionIsShow\\\":1,\\\"permissionIsEnabled\\\":1,\\\"noRedirect\\\":\\\"noRedirect\\\",\\\"noCache\\\":0,\\\"breadcrumb\\\":1,\\\"affix\\\":0,\\\"permissionOrder\\\":2}]\",\"params\":\"{}\"}', '/dashuserver/permission/add', '58.57.95.202', '2025-05-13 15:57:26');
INSERT INTO `z_operate_log` VALUES ('f1ec4d0c-9c27-48c9-9504-c6f2c5543641', '1', 'admin', '/login/login', '用户登录成功', NULL, '/login/login', '58.57.95.202', '2024-12-19 10:09:30');
INSERT INTO `z_operate_log` VALUES ('f3dc7c86-790b-4697-9dc7-f7879d7d4496', '1', 'dashuadmin', '/sms/demoSms/delete', '删除-短信 - demo', '{\"body\":\"[[\\\"e45965ca-2f12-4bc7-bd07-83a6e8c098a9\\\"]]\",\"params\":\"{}\"}', '/dashuserver/sms/demoSms/delete', '58.57.95.202', '2025-05-20 14:11:42');
INSERT INTO `z_operate_log` VALUES ('f50108fc-e664-4f97-9851-efd4b63b9116', 'a1711529-40bd-49d4-b276-1193588fedb0', 'test1', '/login/login', '用户登录成功', NULL, '/login/login', '58.57.95.202', '2025-02-21 17:23:44');
INSERT INTO `z_operate_log` VALUES ('f504db0e-6a58-4efc-8dd3-72bb8d2b3908', '1', 'dashuadmin', '/login/login', '用户登录成功', NULL, '/login/login', '27.185.27.180', '2025-04-29 16:59:31');
INSERT INTO `z_operate_log` VALUES ('f72a7830-47cf-44b2-b4f1-8ef62a3e9bda', '1', 'admin', '/login/login', '用户登录成功', NULL, '/login/login', '58.57.95.202', '2025-02-22 14:38:15');
INSERT INTO `z_operate_log` VALUES ('f737e34c-aae1-4f1e-afbc-97124b8186d2', '1', 'admin', '/login/login', '用户登录成功', NULL, '/login/login', '223.104.41.3', '2025-01-09 15:38:40');
INSERT INTO `z_operate_log` VALUES ('f82bb0a9-0dc3-4a49-b493-9983b90c732c', '1', 'admin', '/login/login', '用户登录成功', NULL, '/login/login', '58.57.95.202', '2025-02-07 14:31:04');
INSERT INTO `z_operate_log` VALUES ('f87d3775-960d-475b-9147-955b614167f2', '1', 'admin', '/login/login', '用户登录成功', NULL, '/login/login', '58.57.95.202', '2025-01-17 15:26:25');
INSERT INTO `z_operate_log` VALUES ('f9d0e89a-4336-4223-981e-7242dec061a1', '1', 'admin', '/login/login', '用户登录成功', NULL, '/login/login', '223.99.59.228', '2024-12-31 13:43:17');
INSERT INTO `z_operate_log` VALUES ('fa83ba98-d186-495f-a2fb-25aa1ba6559c', '1', 'admin', '/user/edit/password', '修改用户密码', '{\"body\":\"[{\\\"isDefaultPassword\\\":false}]\",\"params\":\"{}\"}', '/dashuserver/user/edit/password', '58.57.95.202', '2024-12-18 09:55:13');
INSERT INTO `z_operate_log` VALUES ('fa909a4d-6a8f-40cc-8513-78c7e8541602', '97208f9f-3afc-4a48-a941-2b70589ab62c', 'fermili', '/login/login', '用户登录成功', NULL, '/login/login', '113.108.106.159', '2025-03-18 16:24:29');
INSERT INTO `z_operate_log` VALUES ('fab92399-5fd7-4d30-bf92-626261578275', '1', 'admin', '/user/edit/password', '修改用户密码', '{\"body\":\"[{\\\"oldPassword\\\":\\\"234\\\",\\\"password\\\":\\\"sdf\\\",\\\"isDefaultPassword\\\":false}]\",\"params\":\"{}\"}', '/dashuserver/user/edit/password', '58.57.95.202', '2024-12-20 11:29:58');
INSERT INTO `z_operate_log` VALUES ('fb8363a0-200f-4aec-b206-434c5b3fd0b9', '1', 'dashuadmin', '/login/login', '用户登录成功', NULL, '/login/login', '58.57.95.202', '2025-04-25 07:53:57');
INSERT INTO `z_operate_log` VALUES ('fc362c75-1879-452f-87d7-900925cde080', '1', 'admin', '/user/delete', '删除用户', '{\"body\":\"[[\\\"cd475eb1-1a07-4909-a725-75b244bd7ecf\\\"]]\",\"params\":\"{}\"}', '/dashuserver/user/delete', '39.174.248.46', '2024-12-31 14:54:02');
INSERT INTO `z_operate_log` VALUES ('fc9bc165-6309-4501-b758-c2c059ded6e4', '1', 'admin', '/login/login', '用户登录成功', NULL, '/login/login', '58.57.95.202', '2024-12-18 11:30:04');
INSERT INTO `z_operate_log` VALUES ('fcb4e8e1-f84d-49c0-ad0f-4e12cb331a76', '1', 'admin', '/login/login', '用户登录成功', NULL, '/login/login', '113.218.252.217', '2025-02-10 22:42:32');
INSERT INTO `z_operate_log` VALUES ('fd20683e-5609-40ce-92a7-06724406048e', '1', 'admin', '/login/login', '用户登录成功', NULL, '/login/login', '111.31.147.151', '2025-02-04 08:57:22');
INSERT INTO `z_operate_log` VALUES ('fe6798f3-bfa8-4183-ac60-27a9539ffd05', 'a1711529-40bd-49d4-b276-1193588fedb0', 'test1', '/login/login', '用户登录成功', NULL, '/login/login', '58.57.95.202', '2025-04-24 15:45:11');
INSERT INTO `z_operate_log` VALUES ('fe6885f7-50b5-487b-9c49-c70f7bb886a6', '1', 'admin', '/generator/zFormGenerator/add', '新增-代码生成器表单', '{\"body\":\"[{\\\"formName\\\":\\\"test\\\",\\\"formJson\\\":\\\"{\\\\\\\"fields\\\\\\\":[{\\\\\\\"__config__\\\\\\\":{\\\\\\\"formId\\\\\\\":11,\\\\\\\"label\\\\\\\":\\\\\\\"主键\\\\\\\",\\\\\\\"isTableField\\\\\\\":true,\\\\\\\"fieldType\\\\\\\":\\\\\\\"varchar\\\\\\\",\\\\\\\"fieldLength\\\\\\\":36,\\\\\\\"pointLength\\\\\\\":0,\\\\\\\"isKey\\\\\\\":true,\\\\\\\"tag\\\\\\\":\\\\\\\"el-key\\\\\\\",\\\\\\\"required\\\\\\\":true,\\\\\\\"layout\\\\\\\":\\\\\\\"colFormItem\\\\\\\"},\\\\\\\"__slot__\\\\\\\":{\\\\\\\"prepend\\\\\\\":\\\\\\\"\\\\\\\",\\\\\\\"append\\\\\\\":\\\\\\\"\\\\\\\"},\\\\\\\"__vModel__\\\\\\\":\\\\\\\"id\\\\\\\"},{\\\\\\\"__config__\\\\\\\":{\\\\\\\"formId\\\\\\\":12,\\\\\\\"label\\\\\\\":\\\\\\\"手机号\\\\\\\",\\\\\\\"isTableField\\\\\\\":true,\\\\\\\"fieldType\\\\\\\":\\\\\\\"varchar\\\\\\\",\\\\\\\"fieldLength\\\\\\\":\\\\\\\"20\\\\\\\",\\\\\\\"pointLength\\\\\\\":\\\\\\\"0\\\\\\\",\\\\\\\"isKey\\\\\\\":false,\\\\\\\"labelWidth\\\\\\\":null,\\\\\\\"showLabel\\\\\\\":true,\\\\\\\"changeTag\\\\\\\":true,\\\\\\\"tag\\\\\\\":\\\\\\\"el-input\\\\\\\",\\\\\\\"tagIcon\\\\\\\":\\\\\\\"input\\\\\\\",\\\\\\\"required\\\\\\\":true,\\\\\\\"layout\\\\\\\":\\\\\\\"colFormItem\\\\\\\",\\\\\\\"span\\\\\\\":24,\\\\\\\"document\\\\\\\":\\\\\\\"https://element.eleme.cn/#/zh-CN/component/input\\\\\\\",\\\\\\\"regList\\\\\\\":[{\\\\\\\"pattern\\\\\\\":\\\\\\\"/^1(3|4|5|7|8|9)\\\\\\\\\\\\\\\\d{9}$/\\\\\\\",\\\\\\\"message\\\\\\\":\\\\\\\"手机号格式错误\\\\\\\"}]},\\\\\\\"__slot__\\\\\\\":{\\\\\\\"prepend\\\\\\\":\\\\\\\"\\\\\\\",\\\\\\\"append\\\\\\\":\\\\\\\"\\\\\\\"},\\\\\\\"__vModel__\\\\\\\":\\\\\\\"mobile\\\\\\\",\\\\\\\"placeholder\\\\\\\":\\\\\\\"请输入\\\\\\\",\\\\\\\"style\\\\\\\":{\\\\\\\"width\\\\\\\":\\\\\\\"100%\\\\\\\"},\\\\\\\"clearable\\\\\\\":true,\\\\\\\"prefix-icon\\\\\\\":\\\\\\\"el-icon-mobile\\\\\\\",\\\\\\\"suffix-icon\\\\\\\":\\\\\\\"\\\\\\\",\\\\\\\"maxlength\\\\\\\":11,\\\\\\\"show-word-limit\\\\\\\":true,\\\\\\\"readonly\\\\\\\":false,\\\\\\\"disabled\\\\\\\":false},{\\\\\\\"__config__\\\\\\\":{\\\\\\\"formId\\\\\\\":13,\\\\\\\"label\\\\\\\":\\\\\\\"顺序\\\\\\\",\\\\\\\"isTableField\\\\\\\":true,\\\\\\\"fieldType\\\\\\\":\\\\\\\"int\\\\\\\",\\\\\\\"fieldLength\\\\\\\":\\\\\\\"11\\\\\\\",\\\\\\\"pointLength\\\\\\\":\\\\\\\"0\\\\\\\",\\\\\\\"isKey\\\\\\\":false,\\\\\\\"showLabel\\\\\\\":true,\\\\\\\"changeTag\\\\\\\":true,\\\\\\\"labelWidth\\\\\\\":null,\\\\\\\"tag\\\\\\\":\\\\\\\"el-input-number\\\\\\\",\\\\\\\"tagIcon\\\\\\\":\\\\\\\"number\\\\\\\",\\\\\\\"defaultValue\\\\\\\":0,\\\\\\\"span\\\\\\\":24,\\\\\\\"layout\\\\\\\":\\\\\\\"colFormItem\\\\\\\",\\\\\\\"required\\\\\\\":true,\\\\\\\"regList\\\\\\\":[],\\\\\\\"document\\\\\\\":\\\\\\\"https://element.eleme.cn/#/zh-CN/component/input-number\\\\\\\"},\\\\\\\"placeholder\\\\\\\":\\\\\\\"请输入\\\\\\\",\\\\\\\"min\\\\\\\":0,\\\\\\\"step\\\\\\\":1,\\\\\\\"step-strictly\\\\\\\":false,\\\\\\\"controls-position\\\\\\\":\\\\\\\"\\\\\\\",\\\\\\\"disabled\\\\\\\":false,\\\\\\\"__vModel__\\\\\\\":\\\\\\\"order_index\\\\\\\"},{\\\\\\\"__config__\\\\\\\":{\\\\\\\"label\\\\\\\":\\\\\\\"下拉选择\\\\\\\",\\\\\\\"isTableField\\\\\\\":true,\\\\\\\"fieldType\\\\\\\":\\\\\\\"varchar\\\\\\\",\\\\\\\"fieldLength\\\\\\\":50,\\\\\\\"pointLength\\\\\\\":0,\\\\\\\"isKey\\\\\\\":false,\\\\\\\"url\\\\\\\":\\\\\\\"/role/list\\\\\\\",\\\\\\\"method\\\\\\\":\\\\\\\"get\\\\\\\",\\\\\\\"dataPath\\\\\\\":\\\\\\\"data.records\\\\\\\",\\\\\\\"dictUrl\\\\\\\":\\\\\\\"/dictData/zDictData/listCache\\\\\\\",\\\\\\\"dictCode\\\\\\\":\\\\\\\"sys_user_sex\\\\\\\",\\\\\\\"dictDataPath\\\\\\\":\\\\\\\"data\\\\\\\",\\\\\\\"dataConsumer\\\\\\\":\\\\\\\"__slot__.options\\\\\\\",\\\\\\\"showLabel\\\\\\\":true,\\\\\\\"labelWidth\\\\\\\":null,\\\\\\\"tag\\\\\\\":\\\\\\\"el-select\\\\\\\",\\\\\\\"tagIcon\\\\\\\":\\\\\\\"select\\\\\\\",\\\\\\\"layout\\\\\\\":\\\\\\\"colFormItem\\\\\\\",\\\\\\\"defaultValue\\\\\\\":null,\\\\\\\"dataType\\\\\\\":\\\\\\\"dynamic\\\\\\\",\\\\\\\"span\\\\\\\":24,\\\\\\\"required\\\\\\\":false,\\\\\\\"regList\\\\\\\":[],\\\\\\\"changeTag\\\\\\\":true,\\\\\\\"document\\\\\\\":\\\\\\\"https://element.eleme.cn/#/zh-CN/component/select\\\\\\\",\\\\\\\"formId\\\\\\\":101,\\\\\\\"renderKey\\\\\\\":\\\\\\\"1011742606225056\\\\\\\"},\\\\\\\"__slot__\\\\\\\":{\\\\\\\"options\\\\\\\":[{\\\\\\\"roleId\\\\\\\":\\\\\\\"032844a1f06890c0f689a7818ec6fbac\\\\\\\",\\\\\\\"roleName\\\\\\\":\\\\\\\"系统管理员\\\\\\\",\\\\\\\"roleDescription\\\\\\\":\\\\\\\"系统管理员\\\\\\\",\\\\\\\"roleOrder\\\\\\\":1,\\\\\\\"createTime\\\\\\\":\\\\\\\"2023-01-15T17:11:09\\\\\\\",\\\\\\\"updateTime\\\\\\\":\\\\\\\"2023-11-09T15:59:27\\\\\\\"},{\\\\\\\"roleId\\\\\\\":\\\\\\\"1c5da30bd1f387d036e438d19cebadec\\\\\\\",\\\\\\\"roleName\\\\\\\":\\\\\\\"222\\\\\\\",\\\\\\\"roleDescription\\\\\\\":\\\\\\\"222\\\\\\\",\\\\\\\"roleOrder\\\\\\\":1,\\\\\\\"createTime\\\\\\\":\\\\\\\"2024-10-12T17:59:52\\\\\\\",\\\\\\\"updateTime\\\\\\\":null},{\\\\\\\"roleId\\\\\\\":\\\\\\\"6c28e0351c57fce1f2e7b61a03a93992\\\\\\\",\\\\\\\"roleName\\\\\\\":\\\\\\\"测试测试\\\\\\\",\\\\\\\"roleDescription\\\\\\\":\\\\\\\"测试测试测试测试测试测试测试测试测试测试测试测试测试测试测试测试测试测试测试测试测试测试测试测试测试测试测试测试测试测试测试测试测试测试\\\\\\\",\\\\\\\"roleOrder\\\\\\\":1,\\\\\\\"createTime\\\\\\\":\\\\\\\"2023-01-15T17:11:26\\\\\\\",\\\\\\\"updateTime\\\\\\\":null},{\\\\\\\"roleId\\\\\\\":\\\\\\\"54eaea4ee678e9fa5c600e9be57626b9\\\\\\\",\\\\\\\"roleName\\\\\\\":\\\\\\\"注册用户\\\\\\\",\\\\\\\"roleDescription\\\\\\\":\\\\\\\"注意：注册用户在后台写死的角色，若删除可能导致注册功能报错\\\\\\\",\\\\\\\"roleOrder\\\\\\\":100,\\\\\\\"createTime\\\\\\\":\\\\\\\"2024-05-27T14:05:44\\\\\\\",\\\\\\\"updateTime\\\\\\\":\\\\\\\"2024-05-27T14:08:03\\\\\\\"}]},\\\\\\\"placeholder\\\\\\\":\\\\\\\"请选择下拉选择\\\\\\\",\\\\\\\"style\\\\\\\":{\\\\\\\"width\\\\\\\":\\\\\\\"100%\\\\\\\"},\\\\\\\"props\\\\\\\":{\\\\\\\"props\\\\\\\":{\\\\\\\"label\\\\\\\":\\\\\\\"aaName\\\\\\\",\\\\\\\"value\\\\\\\":\\\\\\\"aaId\\\\\\\"}},\\\\\\\"disabled\\\\\\\":false,\\\\\\\"clearable\\\\\\\":true,\\\\\\\"filterable\\\\\\\":false,\\\\\\\"multiple\\\\\\\":false,\\\\\\\"__vModel__\\\\\\\":\\\\\\\"field101\\\\\\\"}],\\\\\\\"tableName\\\\\\\":\\\\\\\"a_table\\\\\\\",\\\\\\\"tableDecription\\\\\\\":\\\\\\\"表描述\\\\\\\",\\\\\\\"basePackage\\\\\\\":\\\\\\\"com.kg.module\\\\\\\",\\\\\\\"tablePackage\\\\\\\":\\\\\\\"atable\\\\\\\",\\\\\\\"viewPath\\\\\\\":\\\\\\\"/atable\\\\\\\",\\\\\\\"author\\\\\\\":\\\\\\\"ziro\\\\\\\",\\\\\\\"formRef\\\\\\\":\\\\\\\"dataForm\\\\\\\",\\\\\\\"formModel\\\\\\\":\\\\\\\"temp\\\\\\\",\\\\\\\"size\\\\\\\":\\\\\\\"medium\\\\\\\",\\\\\\\"labelPosition\\\\\\\":\\\\\\\"right\\\\\\\",\\\\\\\"labelWidth\\\\\\\":100,\\\\\\\"formRules\\\\\\\":\\\\\\\"rules\\\\\\\",\\\\\\\"gutter\\\\\\\":15,\\\\\\\"span\\\\\\\":24,\\\\\\\"formBtns\\\\\\\":true}\\\",\\\"tableName\\\":\\\"a_table\\\",\\\"tableDecription\\\":\\\"表描述\\\",\\\"basePackage\\\":\\\"com.kg.module\\\",\\\"author\\\":\\\"ziro\\\",\\\"tablePackage\\\":\\\"atable\\\",\\\"viewPath\\\":\\\"/atable\\\",\\\"orderIndex\\\":0}]\",\"params\":\"{}\"}', '/dashuserver/generator/zFormGenerator/add', '58.57.95.202', '2025-03-22 09:18:32');
INSERT INTO `z_operate_log` VALUES ('fe7c4c15-c153-413f-9afa-6c164459dc73', '1', 'admin', '/login/login', '用户登录成功', NULL, '/login/login', '117.129.66.69', '2025-01-21 21:33:43');
INSERT INTO `z_operate_log` VALUES ('fe9bd8fb-2f06-48a2-9ce0-09a985de5638', 'a1711529-40bd-49d4-b276-1193588fedb0', 'test1', '/login/login', '用户登录成功', NULL, '/login/login', '58.57.95.202', '2025-02-07 14:36:54');

-- ----------------------------
-- Table structure for z_organization
-- ----------------------------
DROP TABLE IF EXISTS `z_organization`;
CREATE TABLE `z_organization`  (
  `org_id` varchar(32) CHARACTER SET utf8mb4 COLLATE utf8mb4_general_ci NOT NULL COMMENT '组织机构ID',
  `org_name` varchar(200) CHARACTER SET utf8mb4 COLLATE utf8mb4_general_ci NULL DEFAULT NULL COMMENT '组织机构名称',
  `org_parent_id` varchar(32) CHARACTER SET utf8mb4 COLLATE utf8mb4_general_ci NULL DEFAULT NULL COMMENT '父级ID',
  `org_path` varchar(1000) CHARACTER SET utf8mb4 COLLATE utf8mb4_general_ci NULL DEFAULT NULL COMMENT '组织机构路径(格式:id1.id2.id3)',
  `org_level` int(11) NULL DEFAULT NULL COMMENT '层级',
  `remarks` varchar(300) CHARACTER SET utf8mb4 COLLATE utf8mb4_general_ci NULL DEFAULT NULL COMMENT '备注',
  `order_index` int(11) NOT NULL COMMENT '顺序',
  `create_time` datetime(0) NULL DEFAULT NULL COMMENT '添加时间',
  `update_time` datetime(0) NULL DEFAULT NULL COMMENT '修改时间',
  PRIMARY KEY (`org_id`) USING BTREE
) ENGINE = InnoDB CHARACTER SET = utf8mb4 COLLATE = utf8mb4_general_ci COMMENT = '组织机构表' ROW_FORMAT = Dynamic;

-- ----------------------------
-- Records of z_organization
-- ----------------------------
INSERT INTO `z_organization` VALUES ('0929ebee12164914adbf5d39165798bc', '市场营销中心', '6902be7cdd4549a2be9690f62879cb9a', '6902be7cdd4549a2be9690f62879cb9a.0929ebee12164914adbf5d39165798bc', 2, NULL, 1, '2023-01-13 17:27:19', '2023-01-13 17:31:02');
INSERT INTO `z_organization` VALUES ('6902be7cdd4549a2be9690f62879cb9a', '总公司', '-1', '6902be7cdd4549a2be9690f62879cb9a', 1, NULL, 0, '2023-01-13 17:27:05', '2023-01-13 17:30:59');
INSERT INTO `z_organization` VALUES ('89d7a42baefc495398185059a29281e2', '研发一部', 'db4500fde6594c839a067b545c586a62', '6902be7cdd4549a2be9690f62879cb9a.db4500fde6594c839a067b545c586a62.89d7a42baefc495398185059a29281e2', 3, NULL, 1, '2023-01-13 17:27:57', '2023-11-09 17:12:42');
INSERT INTO `z_organization` VALUES ('ab2c7e756dac4043b732829eb77ddac5', '产品中心', '6902be7cdd4549a2be9690f62879cb9a', '6902be7cdd4549a2be9690f62879cb9a.ab2c7e756dac4043b732829eb77ddac5', 2, '', 3, '2023-01-13 17:27:33', '2023-01-14 09:57:05');
INSERT INTO `z_organization` VALUES ('b3c8cf55ef484b3fb4e0f1b5ed4a6b2c', '行政中心', '6902be7cdd4549a2be9690f62879cb9a', '6902be7cdd4549a2be9690f62879cb9a.b3c8cf55ef484b3fb4e0f1b5ed4a6b2c', 2, NULL, 4, '2023-01-13 17:27:41', '2023-01-14 09:57:09');
INSERT INTO `z_organization` VALUES ('d643674591dc4cada17b38c13905719a', '研发二部', 'db4500fde6594c839a067b545c586a62', '6902be7cdd4549a2be9690f62879cb9a.db4500fde6594c839a067b545c586a62.d643674591dc4cada17b38c13905719a', 3, NULL, 2, '2023-01-13 17:28:06', '2023-01-14 09:57:01');
INSERT INTO `z_organization` VALUES ('db4500fde6594c839a067b545c586a62', '研发中心', '6902be7cdd4549a2be9690f62879cb9a', '6902be7cdd4549a2be9690f62879cb9a.db4500fde6594c839a067b545c586a62', 2, NULL, 2, '2023-01-13 17:27:26', '2023-01-13 17:31:10');

-- ----------------------------
-- Table structure for z_permission
-- ----------------------------
DROP TABLE IF EXISTS `z_permission`;
CREATE TABLE `z_permission`  (
  `permission_id` varchar(36) CHARACTER SET utf8mb4 COLLATE utf8mb4_general_ci NOT NULL COMMENT '资源ID',
  `parent_id` varchar(36) CHARACTER SET utf8mb4 COLLATE utf8mb4_general_ci NULL DEFAULT NULL COMMENT '父级ID',
  `permission_name` varchar(50) CHARACTER SET utf8mb4 COLLATE utf8mb4_general_ci NULL DEFAULT NULL COMMENT '资源名称',
  `permission_description` varchar(100) CHARACTER SET utf8mb4 COLLATE utf8mb4_general_ci NULL DEFAULT NULL COMMENT '资源描述',
  `permission_type` char(1) CHARACTER SET utf8mb4 COLLATE utf8mb4_general_ci NULL DEFAULT NULL COMMENT '资源类型（0路由1页面资源2外链3其他）',
  `permission_title` varchar(50) CHARACTER SET utf8mb4 COLLATE utf8mb4_general_ci NULL DEFAULT NULL COMMENT '资源标题',
  `permission_icon` varchar(50) CHARACTER SET utf8mb4 COLLATE utf8mb4_general_ci NULL DEFAULT NULL COMMENT '资源图标',
  `permission_router` varchar(800) CHARACTER SET utf8mb4 COLLATE utf8mb4_general_ci NULL DEFAULT NULL COMMENT '资源标记（路由/外链/标记）',
  `permission_component` varchar(200) CHARACTER SET utf8mb4 COLLATE utf8mb4_general_ci NULL DEFAULT NULL COMMENT '组件地址',
  `permission_config` varchar(500) CHARACTER SET utf8mb4 COLLATE utf8mb4_general_ci NULL DEFAULT NULL COMMENT '自定义配置（JSON）',
  `permission_is_show` tinyint(1) NULL DEFAULT 1 COMMENT '是否可见（0隐藏1显示）',
  `permission_is_enabled` tinyint(1) NULL DEFAULT 1 COMMENT '是否禁用（0禁用1启用）',
  `no_redirect` varchar(20) CHARACTER SET utf8mb4 COLLATE utf8mb4_general_ci NULL DEFAULT 'noRedirect' COMMENT '=noRedirect时,在面包屑导航不可点击',
  `no_cache` tinyint(1) NULL DEFAULT 0 COMMENT '默认false,为true时不被<keep-alive>缓存',
  `breadcrumb` tinyint(1) NULL DEFAULT 1 COMMENT '默认true,为false时不在面包屑中显示',
  `affix` tinyint(1) NULL DEFAULT 0 COMMENT '默认false,为true时固定在标签里',
  `active_menu` varchar(200) CHARACTER SET utf8mb4 COLLATE utf8mb4_general_ci NULL DEFAULT NULL COMMENT '本路由hidden时，菜单栏高亮显示的路由',
  `permission_order` int(11) NULL DEFAULT NULL COMMENT '资源顺序',
  `create_time` datetime(0) NULL DEFAULT NULL COMMENT '创建时间',
  `update_time` datetime(0) NULL DEFAULT NULL COMMENT '最后更新时间',
  PRIMARY KEY (`permission_id`) USING BTREE
) ENGINE = InnoDB CHARACTER SET = utf8mb4 COLLATE = utf8mb4_general_ci COMMENT = '资源权限表' ROW_FORMAT = Dynamic;

-- ----------------------------
-- Records of z_permission
-- ----------------------------
INSERT INTO `z_permission` VALUES ('034119bf-f411-47f8-a181-e04ad47cb7d4', '21c94756-b533-4041-90b5-1d2b26e050f9', 'tradeRefund-busTradeRefund-delete', '退款 - 支付demo-删除按钮', '1', '删除按钮', '', '', '', NULL, 1, 1, NULL, 0, 1, 0, NULL, 1, '2023-06-14 17:09:55', '2023-06-14 17:09:55');
INSERT INTO `z_permission` VALUES ('042cd848-1fa2-4b70-b030-46e1d98a0e67', '688f7aad-2c15-4bcf-959e-632449c37264', 'dictData-zDictData-update', '字典数据-修改按钮', '1', '字典数据-修改按钮', '', '', '', NULL, 1, 1, NULL, 0, 1, 0, NULL, 1, '2023-05-26 17:14:51', '2023-05-26 17:14:51');
INSERT INTO `z_permission` VALUES ('044ca078-54ad-44c8-87bb-29f5938e403c', '12a8f4cb-d1a4-474a-aab1-c15b0b0868bf', 'zlog-zOperateLog-exportExcel', '操作日志表-导出Excel按钮', '1', '导出Excel按钮', '', '', '', NULL, 1, 1, NULL, 0, 1, 0, NULL, 1, '2023-01-07 17:36:25', '2023-01-07 17:36:25');
INSERT INTO `z_permission` VALUES ('046b4ac2-bd1b-411c-b211-8d1cb2899569', 'ba668163-4a82-4f57-8bac-8f18950cdfc8', 'trade-busTrade-AlipayReturn', '', '0', '支付宝返回结果', '', '/demo/trade/AlipayReturn', '/demo/trade/AlipayReturn', NULL, 0, 1, 'noRedirect', 0, 1, 0, '/demo/trade/index', 7, '2023-05-26 09:56:06', NULL);
INSERT INTO `z_permission` VALUES ('086effee-2278-40a9-b8c6-82524087de19', '6499ef0f-0d98-4766-8962-834517681c33', 'sms-demoSms-exportExcel', '短信 - demo-导出Excel按钮', '1', '导出Excel按钮', '', '', '', NULL, 1, 1, NULL, 0, 1, 0, NULL, 1, '2023-12-14 13:55:15', '2023-12-14 13:55:15');
INSERT INTO `z_permission` VALUES ('0b9f6394-00ec-42ef-a566-d29d6c9b4ccd', '5b227a13-b904-4075-901f-4ff658c77fa3', 'system-developer-postman', '', '0', '本项目接口调试', 'el-icon-paperclip', '/tools/postman', '/tools/postman', NULL, 1, 1, 'noRedirect', 0, 1, 0, NULL, 5, '2024-06-29 16:48:09', '2024-06-29 16:48:46');
INSERT INTO `z_permission` VALUES ('0e175784-840a-4a26-b54e-f46718b6710d', '21c94756-b533-4041-90b5-1d2b26e050f9', 'tradeRefund-busTradeRefund-importExcel', '退款 - 支付demo-导入Excel按钮', '1', '导入Excel按钮', '', '', '', NULL, 1, 1, NULL, 0, 1, 0, NULL, 1, '2023-06-14 17:09:56', '2023-06-14 17:09:56');
INSERT INTO `z_permission` VALUES ('0f140f46-21f1-4422-9203-0c1dddc8b5e0', '5b227a13-b904-4075-901f-4ff658c77fa3', 'test-components-tools-swagger', 'Swagger接口界面', '0', 'SwaggerUI', 'el-icon-document', '/knife4jVue3/dashuSwagger/home', '/knife4jVue3/dashuSwagger/home', NULL, 1, 1, 'noRedirect', 0, 1, 0, NULL, 3, '2023-12-02 15:33:21', '2023-12-04 10:16:18');
INSERT INTO `z_permission` VALUES ('12a8f4cb-d1a4-474a-aab1-c15b0b0868bf', 'f2f9c05e-ed12-4f60-b7f9-3bfb0ef9d71b', 'zlog-zOperateLog', '操作日志表', '0', '操作日志管理', 'el-icon-notebook-2', '/system/log', '/system/log/index', NULL, 1, 1, 'noRedirect', 0, 1, 0, NULL, 10, '2023-01-07 17:36:25', '2023-09-09 11:06:29');
INSERT INTO `z_permission` VALUES ('146080c6-143f-46ff-8182-fcfaaf566d86', '6499ef0f-0d98-4766-8962-834517681c33', 'sms-demoSms-add', '短信 - demo-添加按钮', '1', '添加按钮', '', '', '', NULL, 1, 1, NULL, 0, 1, 0, NULL, 1, '2023-12-14 13:55:15', '2023-12-14 13:55:15');
INSERT INTO `z_permission` VALUES ('167fbe82-cce7-4b93-8638-2cd666a5f440', 'a5d1f365-8ac8-4f8f-883b-753ab02e61a1', 'change-status', '用户管理-启用/禁用按钮', '1', '启用/禁用按钮', '', NULL, NULL, NULL, 1, 1, NULL, 0, 1, 0, NULL, 0, '2023-01-28 09:43:21', NULL);
INSERT INTO `z_permission` VALUES ('1a254f73-1137-4d67-b258-82fc403425fc', '688f7aad-2c15-4bcf-959e-632449c37264', 'dictType-zDictType-delete', '字典类型-删除按钮', '1', '字典类型-删除按钮', '', '', '', NULL, 1, 1, NULL, 0, 1, 0, NULL, 1, '2023-05-26 17:14:39', '2023-05-26 17:14:39');
INSERT INTO `z_permission` VALUES ('1a98be57-562e-4c21-8377-d6dae96c153a', 'efbf4424-4e1b-4bf7-9979-2aa158e1b462', 'zquartz-zQuartz-copy', '定时任务管理-复制任务', '1', '复制任务', '', '', '', NULL, 1, 1, 'noRedirect', 0, 1, 0, NULL, 2, '2023-11-09 08:27:55', '2023-11-09 08:28:15');
INSERT INTO `z_permission` VALUES ('1b71a340-8a30-44a0-8042-edad04b4a319', '587918a7-3af4-4085-bf2b-972689c61bbe', 'system-security-ignore', 'Security 权限忽略列表管理（白名单）', '0', 'Security白名单', 'el-icon-circle-check', '/system/security', '/system/security/index', NULL, 1, 1, 'noRedirect', 0, 1, 0, NULL, 12, '2023-09-09 14:25:17', '2024-02-19 11:11:56');
INSERT INTO `z_permission` VALUES ('1d07d0d0-bb6c-449b-a310-a0b91086bb32', '8526963b-445f-4b37-a490-169e5aeb0e29', 'demo-menu1-index-menu1-1', '三级菜单（三级菜单测试）', '0', '三级菜单1', 'tree-table', '/demo/menu1/menu1-1', '/demo/menu1/menu1-1/index', NULL, 1, 1, 'noRedirect', 0, 1, 0, NULL, 0, '2024-01-31 15:12:30', '2024-02-02 10:38:41');
INSERT INTO `z_permission` VALUES ('1d2f42e4-ecb3-40ae-8f87-56aec2b8b107', '3b4b13fe-c6d8-4f6a-a98c-44582d96fb9d', 'config-zConfig-delete', '参数参数配置-删除按钮', '1', '删除按钮', '', '', '', NULL, 1, 1, NULL, 0, 1, 0, NULL, 1, '2024-05-27 15:13:16', '2024-05-27 15:13:16');
INSERT INTO `z_permission` VALUES ('215b7b74-b0ba-4338-a5f1-9c3e6e8bb082', '-1', 'demo-demo', '', '0', 'DEMO', 'international', '/demo-demo', '/layout/index', NULL, 1, 1, 'noRedirect', 0, 1, 0, NULL, 10, '2023-05-16 14:54:45', '2023-09-09 11:09:02');
INSERT INTO `z_permission` VALUES ('21c94756-b533-4041-90b5-1d2b26e050f9', 'ba668163-4a82-4f57-8bac-8f18950cdfc8', 'tradeRefund-busTradeRefund', '退款 - 支付demo', '0', '退款 - 支付demo', '', '/demo/tradeRefund', '/demo/tradeRefund/index', NULL, 0, 1, 'noRedirect', 0, 1, 0, '/demo/trade/index', 100, '2023-06-14 17:09:55', '2023-06-14 17:46:14');
INSERT INTO `z_permission` VALUES ('2442e16a-ca92-4457-a501-da791b2e8176', '8526963b-445f-4b37-a490-169e5aeb0e29', 'demo-menu1-index-menu1-2', '', '0', '三级菜单2', 'tree-table', '/demo/menu1/menu1-2', '/demo/menu1/menu1-2/index', NULL, 1, 1, 'noRedirect', 0, 1, 0, NULL, 1, '2024-02-01 10:59:08', '2024-02-02 10:39:05');
INSERT INTO `z_permission` VALUES ('2515d17a-bf0e-4db3-9a70-76f18b8ab5c2', '6499ef0f-0d98-4766-8962-834517681c33', 'sms-demoSms-importExcel', '短信 - demo-导入Excel按钮', '1', '导入Excel按钮', '', '', '', NULL, 1, 1, NULL, 0, 1, 0, NULL, 1, '2023-12-14 13:55:16', '2023-12-14 13:55:16');
INSERT INTO `z_permission` VALUES ('28c63b15-8dc1-41c5-b5fe-a4e4feed63d8', '68901274-fb04-49b7-9b5c-3f9861e46fb9', 'guide', 'GUIDE', '0', '引导页', 'el-icon-place', '/guide', '/guide/index', NULL, 1, 1, 'noRedirect', 0, 1, 0, NULL, 2, '2025-05-13 15:57:26', NULL);
INSERT INTO `z_permission` VALUES ('2a163bd2-056f-49d9-ad92-442e8f6002a2', '688f7aad-2c15-4bcf-959e-632449c37264', 'dictType-zDictType-importExcel', '字典类型-导入Excel按钮', '1', '字典类型-导入Excel按钮', '', '', '', NULL, 1, 1, NULL, 0, 1, 0, NULL, 1, '2023-05-26 17:14:39', '2023-05-26 17:14:39');
INSERT INTO `z_permission` VALUES ('2a9c9f84-c5aa-4104-ae30-b097c6c3d770', 'ba668163-4a82-4f57-8bac-8f18950cdfc8', 'trade-busTrade-importExcel', '交易 - 支付demo-导入Excel按钮', '1', '导入Excel按钮', '', '', '', NULL, 1, 1, NULL, 0, 1, 0, NULL, 1, '2023-05-16 10:00:16', '2023-05-16 10:00:16');
INSERT INTO `z_permission` VALUES ('2c701537-a3c9-4fdc-bdfd-034f7272aebc', '587918a7-3af4-4085-bf2b-972689c61bbe', 'system-redis-cache', 'Redis缓存管理', '0', 'Redis缓存管理', 'el-icon-coin', '/system/redisCache', '/system/redisCache/index', NULL, 1, 1, 'noRedirect', 0, 1, 0, NULL, 15, '2024-02-02 15:46:13', '2024-02-19 11:12:59');
INSERT INTO `z_permission` VALUES ('31e1fd83-4070-4fcc-a876-b7722339f0f8', 'ba668163-4a82-4f57-8bac-8f18950cdfc8', 'trade-busTrade-WechatH5Pay', '', '0', '微信H5支付', '', '/demo/trade/WechatH5Pay', '/demo/trade/WechatH5Pay', NULL, 0, 1, 'noRedirect', 0, 1, 0, '/demo/trade/index', 2, '2023-05-22 16:45:21', '2023-05-25 16:36:12');
INSERT INTO `z_permission` VALUES ('32431db1-c88d-47aa-ad3f-36e74492ddcf', '893e53ed-0f6c-4524-a91b-4eee098a12c5', 'oauth2.client-oauthClientDetails-resetSecret', '应用商店-重置Secret', '1', '重置Secret', '', '', '', NULL, 1, 1, 'noRedirect', 0, 1, 0, NULL, 2, '2023-09-13 16:03:26', NULL);
INSERT INTO `z_permission` VALUES ('33a3c1fc-2532-423f-8ceb-f003d7f58869', 'a33d3078-7320-4cff-ad33-6f485ffee3bb', 'system-role-add', '角色管理-添加角色', '1', '添加角色', '', NULL, NULL, NULL, 1, 1, NULL, 0, 1, 0, NULL, 0, '2023-01-15 16:50:40', NULL);
INSERT INTO `z_permission` VALUES ('376bfd33-a0a4-4b12-9624-0044708bf7d9', '5b227a13-b904-4075-901f-4ff658c77fa3', 'test-components-tools-generator', '表单代码生成器', '0', '表单代码生成器', 'el-icon-news', '/generator/form', '/generator/form', NULL, 1, 1, 'noRedirect', 0, 1, 0, NULL, 2, '2023-11-21 10:19:32', '2023-11-23 14:33:51');
INSERT INTO `z_permission` VALUES ('393535e6-3612-4f5f-8266-db95ed18cea4', 'f7b9fdcb-4f7f-44ad-8d81-d22165edb0de', 'files-zFiles', '文件记录表（文件秒传列表，用于其他模块文件秒传）', '0', '文件秒传管理', 'el-icon-document-checked', '/files', '/files/index', NULL, 1, 1, 'noRedirect', 0, 1, 0, NULL, 10, '2023-09-15 15:31:17', '2024-02-18 10:28:36');
INSERT INTO `z_permission` VALUES ('39785baa-1e9d-49bf-9aaf-b8f134bf8ebf', '393535e6-3612-4f5f-8266-db95ed18cea4', 'files-zFiles-add', '文件记录表-添加按钮', '1', '添加按钮', '', '', '', NULL, 1, 1, NULL, 0, 1, 0, NULL, 1, '2023-09-15 15:31:17', '2023-09-15 15:31:17');
INSERT INTO `z_permission` VALUES ('3ad6a340-1af5-48fc-9bb1-0c54562a94c5', '587918a7-3af4-4085-bf2b-972689c61bbe', 'ddos-zDdos', 'ddos用户请求记录', '0', 'DDoS记录', 'el-icon-umbrella', '/system/ddos', '/system/ddos/index', NULL, 1, 1, 'noRedirect', 0, 1, 0, NULL, 16, '2024-07-15 16:44:53', '2024-07-15 16:48:59');
INSERT INTO `z_permission` VALUES ('3b4b13fe-c6d8-4f6a-a98c-44582d96fb9d', 'f7b9fdcb-4f7f-44ad-8d81-d22165edb0de', 'config-zConfig', '系统参数配置', '0', '系统参数配置', 'el-icon-setting', '/system/config', '/system/config/index', NULL, 1, 1, 'noRedirect', 0, 1, 0, NULL, 7, '2024-05-27 15:13:16', '2024-05-27 15:16:08');
INSERT INTO `z_permission` VALUES ('3d47c40e-e1e7-49c0-9b84-44e07e934417', '9778004e-94b3-11ed-ae3b-00163e2eaa5f', 'system-menu-update', '菜单管理-修改按钮', '1', '修改按钮', '', NULL, NULL, NULL, 1, 1, NULL, 0, 1, 0, NULL, 0, '2023-01-15 10:01:16', NULL);
INSERT INTO `z_permission` VALUES ('42e02ab4-e040-4dfa-b712-ab144ed24755', 'ba668163-4a82-4f57-8bac-8f18950cdfc8', 'trade-busTrade-AlipayScanPay', '', '0', '支付宝扫码支付', '', '/demo/trade/AlipayScanPay', '/demo/trade/AlipayScanPay', NULL, 0, 1, 'noRedirect', 0, 1, 0, '/demo/trade/index', 4, '2023-05-25 16:35:37', '2023-05-25 16:35:47');
INSERT INTO `z_permission` VALUES ('43d0b63e-1b86-40f8-bd98-c5b82b745b46', '215b7b74-b0ba-4338-a5f1-9c3e6e8bb082', 'news-news', '', '0', '富文本 - demo', 'el-icon-discover', '/demo/news', '/demo/news/index', NULL, 1, 1, 'noRedirect', 0, 1, 0, NULL, 1, '2023-05-16 15:14:54', '2023-09-15 15:42:47');
INSERT INTO `z_permission` VALUES ('443347c4-40dd-4aef-8cd6-6f9eccd81f59', '976b8afa-00f5-4b90-9995-b38d0cd1385b', 'generator-zFormGenerator-add', '代码生成器表单-添加按钮', '1', '添加按钮', '', '', '', NULL, 1, 1, NULL, 0, 1, 0, NULL, 1, '2023-11-22 09:13:15', '2023-11-22 09:13:15');
INSERT INTO `z_permission` VALUES ('495c7ed0-f055-4744-bbd0-4ab135d10020', '12a8f4cb-d1a4-474a-aab1-c15b0b0868bf', 'zlog-zOperateLog-delete', '操作日志表-删除按钮', '1', '删除按钮', '', '', '', NULL, 1, 1, NULL, 0, 1, 0, NULL, 1, '2023-01-07 17:36:25', '2023-01-07 17:36:25');
INSERT INTO `z_permission` VALUES ('495d9d2c-2f6c-4ffa-92aa-c30226bee58d', '688f7aad-2c15-4bcf-959e-632449c37264', 'dictType-zDictType-add', '字典类型-添加按钮', '1', '字典类型-添加按钮', '', '', '', NULL, 1, 1, NULL, 0, 1, 0, NULL, 1, '2023-05-26 17:14:39', '2023-05-26 17:14:39');
INSERT INTO `z_permission` VALUES ('4a208d9a-7127-4f0d-9fcc-78254fee1ae2', 'ba668163-4a82-4f57-8bac-8f18950cdfc8', 'trade-busTrade-add', '交易 - 支付demo-添加按钮', '1', '添加按钮', '', '', '', NULL, 1, 1, NULL, 0, 1, 0, NULL, 1, '2023-05-16 10:00:16', '2023-05-16 10:00:16');
INSERT INTO `z_permission` VALUES ('4e673ad4-e861-4232-9b27-861ec834b0ca', '688f7aad-2c15-4bcf-959e-632449c37264', 'dictType-zDictType-update', '字典类型-修改按钮', '1', '字典类型-修改按钮', '', '', '', NULL, 1, 1, NULL, 0, 1, 0, NULL, 1, '2023-05-26 17:14:39', '2023-05-26 17:14:39');
INSERT INTO `z_permission` VALUES ('4f534b05-7b90-43ec-9884-613243db10fb', '43d0b63e-1b86-40f8-bd98-c5b82b745b46', 'news-news-exportExcel', '新闻表-测试-导出Excel按钮', '1', '导出Excel按钮', '', '', '', NULL, 1, 1, NULL, 0, 1, 0, NULL, 1, '2023-02-17 20:12:16', '2023-02-17 20:12:16');
INSERT INTO `z_permission` VALUES ('517300ad-c3b0-41d6-a308-bc679b6371a2', 'a33d3078-7320-4cff-ad33-6f485ffee3bb', 'system-role-update', '角色管理-修改角色', '1', '修改角色', '', NULL, NULL, NULL, 1, 1, NULL, 0, 1, 0, NULL, 0, '2023-01-15 16:50:52', NULL);
INSERT INTO `z_permission` VALUES ('52ed898f-b146-44e4-8588-f1b1a92e24ff', 'a33d3078-7320-4cff-ad33-6f485ffee3bb', 'system-role-copy', '角色管理-复制角色', '1', '复制角色', '', NULL, NULL, NULL, 1, 1, NULL, 0, 1, 0, NULL, 0, '2023-01-28 09:47:10', NULL);
INSERT INTO `z_permission` VALUES ('54068f86-e4c0-496d-93a9-8ef5a5e3092f', '21c94756-b533-4041-90b5-1d2b26e050f9', 'tradeRefund-busTradeRefund-update', '退款 - 支付demo-修改按钮', '1', '修改按钮', '', '', '', NULL, 1, 1, NULL, 0, 1, 0, NULL, 1, '2023-06-14 17:09:55', '2023-06-14 17:09:55');
INSERT INTO `z_permission` VALUES ('587918a7-3af4-4085-bf2b-972689c61bbe', '-1', 'system-setting', '', '0', '系统配置（开发）', 'el-icon-s-tools', '/system-setting', '/layout/index', NULL, 1, 1, 'noRedirect', 0, 1, 0, NULL, 99, '2023-09-12 16:24:34', '2025-01-09 09:33:35');
INSERT INTO `z_permission` VALUES ('59489e9a-79c7-46a9-8936-301453d319f1', '393535e6-3612-4f5f-8266-db95ed18cea4', 'files-zFiles-delete', '文件记录表-删除按钮', '1', '删除按钮', '', '', '', NULL, 1, 1, NULL, 0, 1, 0, NULL, 1, '2023-09-15 15:31:17', '2023-09-15 15:31:17');
INSERT INTO `z_permission` VALUES ('5b227a13-b904-4075-901f-4ff658c77fa3', '-1', 'system-developer', '', '0', '开发管理', 'el-icon-cpu', '/system-developer', '/layout/index', NULL, 1, 1, 'noRedirect', 0, 1, 0, NULL, 100, '2023-12-06 16:55:25', '2024-01-27 09:54:55');
INSERT INTO `z_permission` VALUES ('5b3572e9-d21b-4882-a72d-d8b391e0d03d', 'ba668163-4a82-4f57-8bac-8f18950cdfc8', 'trade-busTrade-delete', '交易 - 支付demo-删除按钮', '1', '删除按钮', '', '', '', NULL, 1, 1, NULL, 0, 1, 0, NULL, 1, '2023-05-16 10:00:16', '2023-05-16 10:00:16');
INSERT INTO `z_permission` VALUES ('5cd13171-d896-4ffd-9205-8d6978a7b66c', 'dc3395c1-1c1b-41ef-859d-e18b130ef209', 'zorg-zOrganization-importExcel', '部门管理-导入Excel按钮', '1', '导入Excel按钮', '', '', '', NULL, 1, 1, 'noRedirect', 0, 1, 0, NULL, 1, '2025-01-10 11:27:07', NULL);
INSERT INTO `z_permission` VALUES ('5fa93fd5-616b-45a8-a2ff-9544d18eda27', '2442e16a-ca92-4457-a501-da791b2e8176', 'demo-menu1-index-menu1-2-1', '', '0', '4级菜单', 'tree-table', '/demo/menu1/menu1-2/menu1-2-1', '/demo/menu1/menu1-2/menu1-2-1/index', NULL, 1, 1, 'noRedirect', 0, 1, 0, NULL, 0, '2024-02-01 11:00:06', '2024-02-02 10:39:10');
INSERT INTO `z_permission` VALUES ('5fc0f5b2-a428-4c65-92df-6490b5a9c786', '893e53ed-0f6c-4524-a91b-4eee098a12c5', 'oauth2.client-oauthClientDetails-delete', 'Oauth2客户端信息表-删除按钮', '1', '删除按钮', '', '', '', NULL, 1, 1, NULL, 0, 1, 0, NULL, 1, '2023-09-12 17:39:55', '2023-09-12 17:39:55');
INSERT INTO `z_permission` VALUES ('639527e7-45ac-423a-b74e-cfdee0312c8b', '688f7aad-2c15-4bcf-959e-632449c37264', 'dictType-zDictType-exportExcel', '字典类型-导出Excel按钮', '1', '字典类型-导出Excel按钮', '', '', '', NULL, 1, 1, NULL, 0, 1, 0, NULL, 1, '2023-05-26 17:14:39', '2023-05-26 17:14:39');
INSERT INTO `z_permission` VALUES ('6499ef0f-0d98-4766-8962-834517681c33', '215b7b74-b0ba-4338-a5f1-9c3e6e8bb082', 'sms-demoSms', '短信 - demo', '0', '短信 - demo', 'el-icon-chat-dot-round', '/demo/sms', '/demo/sms/index', NULL, 1, 1, 'noRedirect', 0, 1, 0, NULL, 3, '2023-12-14 13:55:15', '2023-12-14 14:02:10');
INSERT INTO `z_permission` VALUES ('688f7aad-2c15-4bcf-959e-632449c37264', 'f2f9c05e-ed12-4f60-b7f9-3bfb0ef9d71b', 'dictType-zDictType', '数据字典管理', '0', '数据字典管理', 'el-icon-coin', '/system/dictType', '/system/dictType/index', NULL, 1, 1, 'noRedirect', 0, 1, 0, NULL, 6, '2023-05-26 17:14:39', '2023-06-02 14:49:09');
INSERT INTO `z_permission` VALUES ('68901274-fb04-49b7-9b5c-3f9861e46fb9', '-1', 'test-components-tools', '组件工具等其他菜单', '0', '组件工具', 'el-icon-set-up', '/test-compontents-tools', '/layout/index', NULL, 1, 1, 'noRedirect', 0, 1, 0, NULL, 110, '2023-09-09 11:24:30', '2024-01-27 09:53:28');
INSERT INTO `z_permission` VALUES ('69030379-ea02-4933-af2b-1d3ad8de0d7b', '3ad6a340-1af5-48fc-9bb1-0c54562a94c5', 'ddos-zDdos-importExcel', 'ddos用户请求记录-导入Excel按钮', '1', '导入Excel按钮', '', '', '', NULL, 1, 1, NULL, 0, 1, 0, NULL, 1, '2024-07-15 16:44:53', '2024-07-15 16:44:53');
INSERT INTO `z_permission` VALUES ('69f2e0a9-26af-4ae7-8239-c6ddc625dce0', '3b4b13fe-c6d8-4f6a-a98c-44582d96fb9d', 'config-zConfig-update', '参数参数配置-修改按钮', '1', '修改按钮', '', '', '', NULL, 1, 1, NULL, 0, 1, 0, NULL, 1, '2024-05-27 15:13:16', '2024-05-27 15:13:16');
INSERT INTO `z_permission` VALUES ('6accaf71-635e-48e2-ac9e-e64a72aaf3a0', 'b8e0acf4-ddb0-4eb4-bd61-4234b2cc56b8', 'zsafety-zSafety-update', '密码安全等设置-修改按钮', '1', '修改按钮', '', '', '', NULL, 1, 1, NULL, 0, 1, 0, NULL, 1, '2022-12-30 09:09:42', '2022-12-30 09:09:42');
INSERT INTO `z_permission` VALUES ('791b43bd-63f0-4d65-ad91-28a7f10165c4', '21c94756-b533-4041-90b5-1d2b26e050f9', 'tradeRefund-busTradeRefund-add', '退款 - 支付demo-添加按钮', '1', '添加按钮', '', '', '', NULL, 1, 1, NULL, 0, 1, 0, NULL, 1, '2023-06-14 17:09:55', '2023-06-14 17:09:55');
INSERT INTO `z_permission` VALUES ('7c1fd84e-66cf-408b-a2a3-e86328f1fbf2', '587918a7-3af4-4085-bf2b-972689c61bbe', 'system-settings-file-header', '文件头管理', '0', '文件头管理', 'el-icon-folder-checked', '/demo/fileHeader', '/demo/fileHeader/index', NULL, 1, 1, 'noRedirect', 0, 1, 0, NULL, 14, '2024-02-18 10:25:42', '2024-02-19 11:13:03');
INSERT INTO `z_permission` VALUES ('7c4696f4-07b8-4e5e-a7c3-63a4fe38f8f5', '-1', 'test-1', 'test-1', '0', 'test-1', 'el-icon-s-open', '/dashboard/111', '/dashboard/111/index', NULL, 1, 0, 'noRedirect', 0, 1, 0, NULL, 900, '2024-01-27 14:55:25', '2024-02-02 11:28:43');
INSERT INTO `z_permission` VALUES ('7c8ce472-3cfa-44de-9957-bc29d831c728', 'a5d1f365-8ac8-4f8f-883b-753ab02e61a1', 'reset-password', '', '1', '重置密码', '', NULL, NULL, NULL, 1, 1, NULL, 0, 1, 0, NULL, 0, '2023-01-02 10:49:24', NULL);
INSERT INTO `z_permission` VALUES ('7fc63a94-bec0-461f-8c4e-12c2d6d77529', 'dc3395c1-1c1b-41ef-859d-e18b130ef209', 'zorg-zOrganization-add', '组织机构表-添加按钮', '1', '添加按钮', '', '', '', NULL, 1, 1, NULL, 0, 1, 0, NULL, 1, '2023-01-11 14:13:51', '2023-01-11 14:13:51');
INSERT INTO `z_permission` VALUES ('8031cc2f-0c10-401b-b666-16b4e25c4148', '9778004e-94b3-11ed-ae3b-00163e2eaa5f', 'system-menu-update-parent', '菜单管理-修改上下级按钮', '1', '修改上下级按钮', '', NULL, NULL, NULL, 1, 1, NULL, 0, 1, 0, NULL, 0, '2023-01-15 10:02:26', NULL);
INSERT INTO `z_permission` VALUES ('81dc5012-252a-4333-9940-42b9b5d9643d', '976b8afa-00f5-4b90-9995-b38d0cd1385b', 'generator-zFormGenerator-exportExcel', '代码生成器表单-导出Excel按钮', '1', '导出Excel按钮', '', '', '', NULL, 1, 1, NULL, 0, 1, 0, NULL, 1, '2023-11-22 09:13:15', '2023-11-22 09:13:15');
INSERT INTO `z_permission` VALUES ('83226fae-ac98-4bb0-a089-6e1de166de83', 'ba668163-4a82-4f57-8bac-8f18950cdfc8', 'trade-busTrade-WechatJsapiPay', '', '0', '微信JSAPI支付', '', '/demo/trade/WechatJsapiPay', '/demo/trade/WechatJsapiPay', NULL, 0, 1, 'noRedirect', 0, 1, 0, '/demo/trade', 1, '2023-05-24 09:15:59', '2023-05-25 16:35:59');
INSERT INTO `z_permission` VALUES ('8331f3f6-4c90-435a-8f50-8b5048601c81', 'ba668163-4a82-4f57-8bac-8f18950cdfc8', 'trade-busTrade-update', '交易 - 支付demo-修改按钮', '1', '修改按钮', '', '', '', NULL, 1, 1, NULL, 0, 1, 0, NULL, 1, '2023-05-16 10:00:16', '2023-05-16 10:00:16');
INSERT INTO `z_permission` VALUES ('83959d0f-a692-4617-9f00-57c68358c8d0', '43d0b63e-1b86-40f8-bd98-c5b82b745b46', 'news-news-delete', '新闻表-测试-删除按钮', '1', '删除按钮', '', '', '', NULL, 1, 1, NULL, 0, 1, 0, NULL, 1, '2023-02-17 20:12:16', '2023-02-17 20:12:16');
INSERT INTO `z_permission` VALUES ('84be0fab-3f4c-4291-9f47-234234df2343', 'efbf4424-4e1b-4bf7-9979-2aa158e1b462', 'zquartz-zQuartz-refresh', '定时任务调度表-刷新状态', '1', '刷新状态', '', '', '', NULL, 1, 1, NULL, 0, 1, 0, NULL, 1, '2022-12-26 15:57:56', '2022-12-26 15:57:56');
INSERT INTO `z_permission` VALUES ('84be0fab-3f4c-4291-9f47-cde08c3b64f1', 'efbf4424-4e1b-4bf7-9979-2aa158e1b462', 'zquartz-zQuartz-delete', '定时任务调度表-删除按钮', '1', '删除按钮', '', '', '', NULL, 1, 1, NULL, 0, 1, 0, NULL, 1, '2022-12-26 15:57:56', '2022-12-26 15:57:56');
INSERT INTO `z_permission` VALUES ('8526963b-445f-4b37-a490-169e5aeb0e29', '215b7b74-b0ba-4338-a5f1-9c3e6e8bb082', 'demo-menu1-index', '这是二级菜单（三级菜单测试）', '0', '二级菜单', 'tree-table', '/demo/menu1', '/demo/menu1/index', NULL, 1, 1, 'noRedirect', 0, 1, 0, NULL, 6, '2024-01-31 15:11:08', '2024-02-02 10:38:32');
INSERT INTO `z_permission` VALUES ('893e53ed-0f6c-4524-a91b-4eee098a12c5', '587918a7-3af4-4085-bf2b-972689c61bbe', 'oauth2.client-oauthClientDetails', 'Oauth2客户端信息表', '0', '应用商店', 'el-icon-takeaway-box', '/oauth2/client', '/oauth2/client/index', NULL, 1, 1, 'noRedirect', 0, 1, 0, NULL, 1, '2023-09-12 17:39:55', '2023-09-12 17:48:22');
INSERT INTO `z_permission` VALUES ('89901c40-3e37-468c-958a-32b5640c2757', '3b4b13fe-c6d8-4f6a-a98c-44582d96fb9d', 'config-zConfig-exportExcel', '参数参数配置-导出Excel按钮', '1', '导出Excel按钮', '', '', '', NULL, 1, 1, NULL, 0, 1, 0, NULL, 1, '2024-05-27 15:13:16', '2024-05-27 15:13:16');
INSERT INTO `z_permission` VALUES ('8d387549-8655-11ed-b3e8-00163e2eaa5f', 'efbf4424-4e1b-4bf7-9979-2aa158e1b462', 'zquartz-zQuartz-exportExcel', '定时任务调度表-导出Excel', '1', '导出Excel', '', '', '', NULL, 1, 1, NULL, 0, 1, 0, NULL, 1, '2022-12-28 10:16:02', NULL);
INSERT INTO `z_permission` VALUES ('8e81c817-350a-4063-a219-44cf4d0df891', 'dc3395c1-1c1b-41ef-859d-e18b130ef209', 'zorg-zOrganization-delete', '组织机构表-删除按钮', '1', '删除按钮', '', '', '', NULL, 1, 1, NULL, 0, 1, 0, NULL, 1, '2023-01-11 14:13:51', '2023-01-11 14:13:51');
INSERT INTO `z_permission` VALUES ('90750c45-b3e5-4cc8-867a-1162d6318cb8', '688f7aad-2c15-4bcf-959e-632449c37264', 'dictData-zDictData-exportExcel', '字典数据-导出Excel按钮', '1', '字典数据-导出Excel按钮', '', '', '', NULL, 1, 1, NULL, 0, 1, 0, NULL, 1, '2023-05-26 17:14:51', '2023-05-26 17:14:51');
INSERT INTO `z_permission` VALUES ('90e957c7-4a30-4319-9dbd-4712eb1a8ea6', '393535e6-3612-4f5f-8266-db95ed18cea4', 'files-zFiles-importExcel', '文件记录表-导入Excel按钮', '1', '导入Excel按钮', '', '', '', NULL, 1, 1, NULL, 0, 1, 0, NULL, 1, '2023-09-15 15:31:17', '2023-09-15 15:31:17');
INSERT INTO `z_permission` VALUES ('91a636c5-d22d-44d9-8c56-f3bdf6f754c5', '587918a7-3af4-4085-bf2b-972689c61bbe', 'userTheme-zUserTheme', '用户主题配置管理', '0', '用户主题管理', 'el-icon-set-up', '/system/userTheme', '/system/userTheme/index', NULL, 1, 1, 'noRedirect', 0, 1, 0, NULL, 11, '2023-11-04 16:47:08', '2024-02-19 11:12:46');
INSERT INTO `z_permission` VALUES ('939c5bb7-1219-486e-bf67-8628fc26386a', '9778004e-94b3-11ed-ae3b-00163e2eaa5f', 'system-menu-add', '菜单管理-新增按钮', '1', '新增按钮', '', NULL, NULL, NULL, 1, 1, NULL, 0, 1, 0, NULL, 0, '2023-01-15 10:01:06', '2023-01-15 10:01:33');
INSERT INTO `z_permission` VALUES ('96f2128c-2cf1-45fd-b444-a8302e6ceca1', '5b227a13-b904-4075-901f-4ff658c77fa3', 'system-developer-static-image', '静态图床（一般用于uni应用开发，上传静态资源）\n注意：只允许开发管理员使用', '0', '开发用静态图床', 'el-icon-files', '/system/staticImg', '/system/staticImg/index', NULL, 1, 1, 'noRedirect', 0, 1, 0, NULL, 0, '2025-01-24 10:55:28', NULL);
INSERT INTO `z_permission` VALUES ('973026ca-8e2f-4967-8422-83190181cb86', 'efbf4424-4e1b-4bf7-9979-2aa158e1b462', 'zquartz-zQuartz-update', '定时任务调度表-修改按钮', '1', '修改按钮', '', '', '', NULL, 1, 1, NULL, 0, 1, 0, NULL, 1, '2022-12-26 15:57:56', '2022-12-26 15:57:56');
INSERT INTO `z_permission` VALUES ('976b8afa-00f5-4b90-9995-b38d0cd1385b', '5b227a13-b904-4075-901f-4ff658c77fa3', 'generator-zFormGenerator', '代码生成器表单', '0', '表单管理', 'el-icon-s-grid', '/generator', '/generator/index', NULL, 1, 1, 'noRedirect', 0, 1, 0, NULL, 1, '2023-11-22 09:13:15', '2023-11-23 14:33:11');
INSERT INTO `z_permission` VALUES ('9778004e-94b3-11ed-ae3b-00163e2eaa5f', 'f7b9fdcb-4f7f-44ad-8d81-d22165edb0de', 'system-menu', '菜单管理模块（路由管理）', '0', '菜单管理', 'tree-table', '/system/menu', '/system/menu/index', '', 1, 1, 'noRedirect', 0, 1, 0, NULL, 4, '2022-05-11 22:06:44', '2023-09-09 10:51:19');
INSERT INTO `z_permission` VALUES ('97d509be-85e5-4a64-bf33-c669df91ba53', 'dc3395c1-1c1b-41ef-859d-e18b130ef209', 'zorg-zOrganization-update', '组织机构表-修改按钮', '1', '修改按钮', '', '', '', NULL, 1, 1, NULL, 0, 1, 0, NULL, 1, '2023-01-11 14:13:51', '2023-01-11 14:13:51');
INSERT INTO `z_permission` VALUES ('9ba96f7f-7812-4407-90f7-c6c5e016f52e', 'f2f9c05e-ed12-4f60-b7f9-3bfb0ef9d71b', 'zuserlock-zUserLock', '用户锁定管理', '0', '用户锁定管理', 'el-icon-unlock', '/system/userlock', '/system/userlock/index', NULL, 1, 1, 'noRedirect', 0, 1, 0, NULL, 8, '2023-01-05 15:13:32', '2024-05-27 15:15:35');
INSERT INTO `z_permission` VALUES ('9d7e2230-94b3-11ed-ae3b-00163e2eaa5f', '68901274-fb04-49b7-9b5c-3f9861e46fb9', 'icons', 'ICONS', '0', 'ICONS', 'icon', '/icons', '/icons/index', NULL, 1, 1, 'noRedirect', 0, 1, 0, NULL, 1, NULL, '2025-05-13 15:57:34');
INSERT INTO `z_permission` VALUES ('9ed91adf-7c51-41ad-b62a-d9984374f07b', 'fa9357f4-41e2-4be6-86e1-4945a3e1a6e4', 'test-2-1', 'test-2-1', '0', 'test-2-1', 'drag', '/icons/111', '/icons/111/index', NULL, 1, 0, 'noRedirect', 0, 1, 0, NULL, 0, '2024-01-27 14:56:47', '2024-01-27 15:09:12');
INSERT INTO `z_permission` VALUES ('9fc3d5e8-e976-461e-844b-929214423881', '6499ef0f-0d98-4766-8962-834517681c33', 'sms-demoSms-delete', '短信 - demo-删除按钮', '1', '删除按钮', '', '', '', NULL, 1, 1, NULL, 0, 1, 0, NULL, 1, '2023-12-14 13:55:15', '2023-12-14 13:55:15');
INSERT INTO `z_permission` VALUES ('a025494d-94b3-11ed-ae3b-00163e2eaa5f', '68901274-fb04-49b7-9b5c-3f9861e46fb9', 'documentation', '文档', '0', '文档', 'documentation', '/documentation', '/documentation/index', NULL, 1, 1, 'noRedirect', 0, 1, 0, '/system/menu', 3, NULL, '2025-05-13 15:57:39');
INSERT INTO `z_permission` VALUES ('a33d3078-7320-4cff-ad33-6f485ffee3bb', 'f7b9fdcb-4f7f-44ad-8d81-d22165edb0de', 'system-role', '角色管理及权限配置', '0', '角色管理', 'peoples', '/system/role', '/system/role/index', NULL, 1, 1, 'noRedirect', 0, 1, 0, NULL, 2, '2022-05-21 22:30:37', '2023-09-09 10:50:05');
INSERT INTO `z_permission` VALUES ('a443ff7a-3c4e-4763-93a4-c05498af00b8', '215b7b74-b0ba-4338-a5f1-9c3e6e8bb082', 'demo-files', '', '0', '分片上传 - demo', 'el-icon-folder-add', '/demo/files', '/demo/files/index', NULL, 1, 1, 'noRedirect', 0, 1, 0, NULL, 2, '2023-09-15 15:42:39', '2023-09-15 15:43:35');
INSERT INTO `z_permission` VALUES ('a5d1f365-8ac8-4f8f-883b-753ab02e61a1', 'f2f9c05e-ed12-4f60-b7f9-3bfb0ef9d71b', 'system-user', '', '0', '用户管理', 'el-icon-user-solid', '/system/user', '/system/user/index', NULL, 1, 1, 'noRedirect', 0, 1, 0, NULL, 1, '2022-05-26 08:20:58', '2023-01-14 17:18:06');
INSERT INTO `z_permission` VALUES ('a906d2d2-b007-4eb6-9435-e36c875c3f8b', 'a5d1f365-8ac8-4f8f-883b-753ab02e61a1', 'user-delete', '', '1', '用户删除', '', NULL, NULL, NULL, 1, 1, NULL, 0, 1, 0, NULL, 0, '2023-01-02 10:49:13', NULL);
INSERT INTO `z_permission` VALUES ('a9a33859-97ec-46b6-af71-1b32838c8ba1', '976b8afa-00f5-4b90-9995-b38d0cd1385b', 'generator-zFormGenerator-importExcel', '代码生成器表单-导入Excel按钮', '1', '导入Excel按钮', '', '', '', NULL, 1, 1, NULL, 0, 1, 0, NULL, 1, '2023-11-22 09:13:15', '2023-11-22 09:13:15');
INSERT INTO `z_permission` VALUES ('aa86e76c-312b-4f9d-a066-0abed5abdac3', 'ba668163-4a82-4f57-8bac-8f18950cdfc8', 'trade-busTrade-exportExcel', '交易 - 支付demo-导出Excel按钮', '1', '导出Excel按钮', '', '', '', NULL, 1, 1, NULL, 0, 1, 0, NULL, 1, '2023-05-16 10:00:16', '2023-05-16 10:00:16');
INSERT INTO `z_permission` VALUES ('b04614f5-b615-4312-aa5e-efe489b35557', '893e53ed-0f6c-4524-a91b-4eee098a12c5', 'oauth2.client-oauthClientDetails-exportExcel', 'Oauth2客户端信息表-导出Excel按钮', '1', '导出Excel按钮', '', '', '', NULL, 1, 1, NULL, 0, 1, 0, NULL, 1, '2023-09-12 17:39:55', '2023-09-12 17:39:55');
INSERT INTO `z_permission` VALUES ('b1a20ba4-8b91-4daa-a27e-d9896dbc3252', '393535e6-3612-4f5f-8266-db95ed18cea4', 'files-zFiles-update', '文件记录表-修改按钮', '1', '修改按钮', '', '', '', NULL, 1, 1, NULL, 0, 1, 0, NULL, 1, '2023-09-15 15:31:17', '2023-09-15 15:31:17');
INSERT INTO `z_permission` VALUES ('b53889ed-7768-4d06-9408-221fb6432690', '3b4b13fe-c6d8-4f6a-a98c-44582d96fb9d', 'config-zConfig-add', '参数参数配置-添加按钮', '1', '添加按钮', '', '', '', NULL, 1, 1, NULL, 0, 1, 0, NULL, 1, '2024-05-27 15:13:16', '2024-05-27 15:13:16');
INSERT INTO `z_permission` VALUES ('b6e8ada2-34f1-478e-ad47-68121c905b42', '91a636c5-d22d-44d9-8c56-f3bdf6f754c5', 'userTheme-zUserTheme-delete', '用户主题配置-删除按钮', '1', '删除按钮', '', '', '', NULL, 1, 1, NULL, 0, 1, 0, NULL, 1, '2023-11-04 16:47:08', '2023-11-04 16:47:08');
INSERT INTO `z_permission` VALUES ('b8da2060-59bb-41b9-b642-7b38f755361a', 'efbf4424-4e1b-4bf7-9979-2aa158e1b462', 'zquartz-zQuartz-add', '定时任务调度表-添加按钮', '1', '添加按钮', '', '', '', NULL, 1, 1, NULL, 0, 1, 0, NULL, 1, '2022-12-26 15:57:56', '2022-12-26 15:57:56');
INSERT INTO `z_permission` VALUES ('b8e0acf4-ddb0-4eb4-bd61-4234b2cc56b8', '587918a7-3af4-4085-bf2b-972689c61bbe', 'zsafety-zSafety', '密码安全等设置', '0', '安全策略管理', 'el-icon-umbrella', '/system/safety', '/system/safety/index', NULL, 1, 1, 'noRedirect', 0, 1, 0, NULL, 9, '2022-12-30 09:09:42', '2023-09-09 11:03:11');
INSERT INTO `z_permission` VALUES ('ba668163-4a82-4f57-8bac-8f18950cdfc8', '215b7b74-b0ba-4338-a5f1-9c3e6e8bb082', 'trade-busTrade', '交易 - 支付demo', '0', '支付 - demo', 'el-icon-bank-card', '/demo/trade', '/demo/trade/index', NULL, 1, 1, 'noRedirect', 0, 1, 0, NULL, 100, '2023-05-16 10:00:16', '2023-09-15 15:20:14');
INSERT INTO `z_permission` VALUES ('bc5d6a89-d073-4f6f-9b5e-911d5d08b004', '68901274-fb04-49b7-9b5c-3f9861e46fb9', '6aa3f297-d86e-43c7-9cc7-3d9ccaab6ef9', '框架演示地址', '2', '框架演示地址', 'example', 'http://yanshi.java119.cn/', '', NULL, 1, 1, 'noRedirect', 0, 1, 0, NULL, 10, '2023-12-19 10:08:44', '2025-05-13 15:57:45');
INSERT INTO `z_permission` VALUES ('bc96325c-ecd4-4492-8b77-3ca1b6e76676', '688f7aad-2c15-4bcf-959e-632449c37264', 'dictData-zDictData-importExcel', '字典数据-导入Excel按钮', '1', '字典数据-导入Excel按钮', '', '', '', NULL, 1, 1, NULL, 0, 1, 0, NULL, 1, '2023-05-26 17:14:51', '2023-05-26 17:14:51');
INSERT INTO `z_permission` VALUES ('be62b2e3-a3c6-4345-b254-b790ab2999e4', '21c94756-b533-4041-90b5-1d2b26e050f9', 'tradeRefund-busTradeRefund-exportExcel', '退款 - 支付demo-导出Excel按钮', '1', '导出Excel按钮', '', '', '', NULL, 1, 1, NULL, 0, 1, 0, NULL, 1, '2023-06-14 17:09:55', '2023-06-14 17:09:55');
INSERT INTO `z_permission` VALUES ('c0c958c0-bec0-4291-95f2-fe41345df42b', '893e53ed-0f6c-4524-a91b-4eee098a12c5', 'oauth2.client-oauthClientDetails-update', 'Oauth2客户端信息表-修改按钮', '1', '修改按钮', '', '', '', NULL, 1, 1, NULL, 0, 1, 0, NULL, 1, '2023-09-12 17:39:55', '2023-09-12 17:39:55');
INSERT INTO `z_permission` VALUES ('c52e64ac-061b-4100-b3c2-8baffa41c249', '893e53ed-0f6c-4524-a91b-4eee098a12c5', 'oauth2.client-oauthClientDetails-importExcel', 'Oauth2客户端信息表-导入Excel按钮', '1', '导入Excel按钮', '', '', '', NULL, 1, 1, NULL, 0, 1, 0, NULL, 1, '2023-09-12 17:39:55', '2023-09-12 17:39:55');
INSERT INTO `z_permission` VALUES ('c8d00954-900e-470e-9310-8ce3eda5d838', 'a5d1f365-8ac8-4f8f-883b-753ab02e61a1', 'user-update', '', '1', '用户修改', '', NULL, NULL, NULL, 1, 1, NULL, 0, 1, 0, NULL, 0, '2023-01-02 10:49:03', NULL);
INSERT INTO `z_permission` VALUES ('c8e27837-8e91-4907-a4ac-c24c3e72113b', '976b8afa-00f5-4b90-9995-b38d0cd1385b', 'generator-zFormGenerator-delete', '代码生成器表单-删除按钮', '1', '删除按钮', '', '', '', NULL, 1, 1, NULL, 0, 1, 0, NULL, 1, '2023-11-22 09:13:15', '2023-11-22 09:13:15');
INSERT INTO `z_permission` VALUES ('caad3539-d9ef-4561-aba8-c57282b28ecd', '43d0b63e-1b86-40f8-bd98-c5b82b745b46', 'news-news-add', '新闻表-测试-添加按钮', '1', '添加按钮', '', '', '', NULL, 1, 1, NULL, 0, 1, 0, NULL, 1, '2023-02-17 20:12:16', '2023-02-17 20:12:16');
INSERT INTO `z_permission` VALUES ('cb55d6d8-243e-4aa9-803e-695991dde7d8', '68901274-fb04-49b7-9b5c-3f9861e46fb9', '082acbe4-49a8-4f11-a0d8-a17da60f1c82', '框架使用文档', '2', '框架使用文档', 'excel', 'http://docs.java119.cn/', '', NULL, 1, 1, 'noRedirect', 0, 1, 0, NULL, 11, '2023-12-19 10:56:20', '2025-05-13 15:57:48');
INSERT INTO `z_permission` VALUES ('cbcc3f17-594e-45c5-b1b1-2bfa6e1b57f8', '9778004e-94b3-11ed-ae3b-00163e2eaa5f', 'system-menu-delete', '菜单管理-删除按钮', '1', '删除按钮', '', NULL, NULL, NULL, 1, 1, NULL, 0, 1, 0, NULL, 0, '2023-01-15 10:01:28', NULL);
INSERT INTO `z_permission` VALUES ('ccdaa101-b2a8-4d27-95ee-3f55cea1b8b0', '9ba96f7f-7812-4407-90f7-c6c5e016f52e', 'zuserlock-zUserLock-unlock', '用户解锁', '1', '解锁按钮', '', '', '', NULL, 1, 1, NULL, 0, 1, 0, NULL, 1, '2023-01-05 15:13:32', '2023-01-05 15:13:32');
INSERT INTO `z_permission` VALUES ('d38cba60-5e97-45a7-a273-07f3c95305eb', 'a33d3078-7320-4cff-ad33-6f485ffee3bb', 'system-role-delete', '角色管理-删除角色', '1', '删除角色', '', NULL, NULL, NULL, 1, 1, NULL, 0, 1, 0, NULL, 0, '2023-01-15 16:51:28', NULL);
INSERT INTO `z_permission` VALUES ('d3d8f608-c0d4-47fc-9575-4167edc58cf4', '3b4b13fe-c6d8-4f6a-a98c-44582d96fb9d', 'config-zConfig-importExcel', '参数参数配置-导入Excel按钮', '1', '导入Excel按钮', '', '', '', NULL, 1, 1, NULL, 0, 1, 0, NULL, 1, '2024-05-27 15:13:16', '2024-05-27 15:13:16');
INSERT INTO `z_permission` VALUES ('d5d026ba-f73e-4496-93e5-44161c4d87ce', '3ad6a340-1af5-48fc-9bb1-0c54562a94c5', 'ddos-zDdos-exportExcel', 'ddos用户请求记录-导出Excel按钮', '1', '导出Excel按钮', '', '', '', NULL, 1, 1, NULL, 0, 1, 0, NULL, 1, '2024-07-15 16:44:53', '2024-07-15 16:44:53');
INSERT INTO `z_permission` VALUES ('dc3395c1-1c1b-41ef-859d-e18b130ef209', 'f2f9c05e-ed12-4f60-b7f9-3bfb0ef9d71b', 'zorg-zOrganization', '组织机构管理', '0', '部门管理', 'tree', '/system/org', '/system/org/index', NULL, 1, 1, 'noRedirect', 0, 1, 0, NULL, 3, '2023-01-11 14:13:51', '2023-09-09 10:50:36');
INSERT INTO `z_permission` VALUES ('dc630503-d53c-4f4e-973f-2abc3be5ac67', '3ad6a340-1af5-48fc-9bb1-0c54562a94c5', 'ddos-zDdos-add', 'ddos用户请求记录-添加按钮', '1', '添加按钮', '', '', '', NULL, 1, 1, NULL, 0, 1, 0, NULL, 1, '2024-07-15 16:44:53', '2024-07-15 16:44:53');
INSERT INTO `z_permission` VALUES ('de6521a7-fa99-4f1d-9b5b-131cfc1446d3', 'a33d3078-7320-4cff-ad33-6f485ffee3bb', 'system-role-save-permission', '角色管理-保存角色权限', '1', '保存角色权限', '', NULL, NULL, NULL, 1, 1, NULL, 0, 1, 0, NULL, 0, '2023-01-15 16:52:13', NULL);
INSERT INTO `z_permission` VALUES ('e1752fb6-fb5f-4b7b-8207-ee3922d3985b', '393535e6-3612-4f5f-8266-db95ed18cea4', 'files-zFiles-exportExcel', '文件记录表-导出Excel按钮', '1', '导出Excel按钮', '', '', '', NULL, 1, 1, NULL, 0, 1, 0, NULL, 1, '2023-09-15 15:31:17', '2023-09-15 15:31:17');
INSERT INTO `z_permission` VALUES ('e4a72674-6d53-46f2-b757-6ed63e8ea0f4', '976b8afa-00f5-4b90-9995-b38d0cd1385b', 'generator-zFormGenerator-update', '代码生成器表单-修改按钮', '1', '修改按钮', '', '', '', NULL, 1, 1, NULL, 0, 1, 0, NULL, 1, '2023-11-22 09:13:15', '2023-11-22 09:13:15');
INSERT INTO `z_permission` VALUES ('e4d603f0-6aae-4551-bc2c-0a533777326d', '893e53ed-0f6c-4524-a91b-4eee098a12c5', 'oauth2.client-oauthClientDetails-add', 'Oauth2客户端信息表-添加按钮', '1', '添加按钮', '', '', '', NULL, 1, 1, NULL, 0, 1, 0, NULL, 1, '2023-09-12 17:39:55', '2023-09-12 17:39:55');
INSERT INTO `z_permission` VALUES ('ea5912f8-534c-4998-9a06-3eaf679f9989', '688f7aad-2c15-4bcf-959e-632449c37264', 'dictData-zDictData-add', '字典数据-添加按钮', '1', '字典数据-添加按钮', '', '', '', NULL, 1, 1, NULL, 0, 1, 0, NULL, 1, '2023-05-26 17:14:51', '2023-05-26 17:14:51');
INSERT INTO `z_permission` VALUES ('eaa6e076-a8a2-4242-914d-a378b2293675', '587918a7-3af4-4085-bf2b-972689c61bbe', 'system-xss-ignore', 'XSS 列表白名单', '0', 'XSS白名单', 'el-icon-tickets', '/system/xss', '/system/xss/index', NULL, 1, 1, 'noRedirect', 0, 1, 0, NULL, 13, '2023-11-29 17:17:48', '2024-02-02 15:39:55');
INSERT INTO `z_permission` VALUES ('ee9c8b52-0222-4f9b-a910-88e2aa1407c0', 'a5d1f365-8ac8-4f8f-883b-753ab02e61a1', 'user-add', '', '1', '用户添加', '', NULL, NULL, NULL, 1, 1, NULL, 0, 1, 0, NULL, 0, '2023-01-02 10:48:54', NULL);
INSERT INTO `z_permission` VALUES ('ef4b28f3-a5a8-4a9e-8abb-5a52d0ea9d53', '6499ef0f-0d98-4766-8962-834517681c33', 'sms-demoSms-update', '短信 - demo-修改按钮', '1', '修改按钮', '', '', '', NULL, 1, 1, NULL, 0, 1, 0, NULL, 1, '2023-12-14 13:55:15', '2023-12-14 13:55:15');
INSERT INTO `z_permission` VALUES ('efbf4424-4e1b-4bf7-9979-2aa158e1b462', 'f7b9fdcb-4f7f-44ad-8d81-d22165edb0de', 'zquartz-zQuartz', '定时任务调度表', '0', '定时任务管理', 'el-icon-time', '/system/quartz', '/system/quartz/index', NULL, 1, 1, 'noRedirect', 0, 1, 0, NULL, 8, '2022-12-26 15:57:56', '2023-09-09 10:57:36');
INSERT INTO `z_permission` VALUES ('f2c8a5f4-67e9-408a-91a9-c269ad8035f3', '3ad6a340-1af5-48fc-9bb1-0c54562a94c5', 'ddos-zDdos-delete', 'ddos用户请求记录-删除按钮', '1', '删除按钮', '', '', '', NULL, 1, 1, NULL, 0, 1, 0, NULL, 1, '2024-07-15 16:44:53', '2024-07-15 16:44:53');
INSERT INTO `z_permission` VALUES ('f2f9c05e-ed12-4f60-b7f9-3bfb0ef9d71b', '-1', 'system-new', '系统管理', '0', '系统管理', 'el-icon-setting', '/system-new', '/layout/index', NULL, 1, 1, 'noRedirect', 0, 1, 0, NULL, 80, '2025-01-09 09:34:16', NULL);
INSERT INTO `z_permission` VALUES ('f341914e-88e1-46e4-9493-7b5adf1bc7fc', '3ad6a340-1af5-48fc-9bb1-0c54562a94c5', 'ddos-zDdos-update', 'ddos用户请求记录-修改按钮', '1', '修改按钮', '', '', '', NULL, 1, 1, NULL, 0, 1, 0, NULL, 1, '2024-07-15 16:44:53', '2024-07-15 16:44:53');
INSERT INTO `z_permission` VALUES ('f7b9fdcb-4f7f-44ad-8d81-d22165edb0de', '-1', 'system', '', '0', '系统管理（开发）', 'el-icon-setting', '/system', '/layout/index', NULL, 1, 1, 'noRedirect', 0, 1, 0, NULL, 98, '2022-06-16 23:04:46', '2025-01-09 09:33:27');
INSERT INTO `z_permission` VALUES ('f8cea28a-4f62-4ae9-b603-71a40f6a3c99', '688f7aad-2c15-4bcf-959e-632449c37264', 'dictData-zDictData-delete', '字典数据-删除按钮', '1', '字典数据-删除按钮', '', '', '', NULL, 1, 1, NULL, 0, 1, 0, NULL, 1, '2023-05-26 17:14:51', '2023-05-26 17:14:51');
INSERT INTO `z_permission` VALUES ('f986b63e-a377-4102-8751-d07b37165039', 'ba668163-4a82-4f57-8bac-8f18950cdfc8', 'trade-busTrade-WechatPcPay', '', '0', '微信PC端扫码支付', '', '/demo/trade/WechatPcPay', '/demo/trade/WechatPcPay', NULL, 0, 1, 'noRedirect', 0, 1, 0, '/demo/trade/index', 0, '2023-05-22 15:42:27', '2024-01-31 15:05:56');
INSERT INTO `z_permission` VALUES ('fa9357f4-41e2-4be6-86e1-4945a3e1a6e4', '-1', 'test-2', 'test-2', '0', 'test-2', 'tree', '/test-2', '/layout/index', NULL, 1, 0, 'noRedirect', 0, 1, 0, NULL, 901, '2024-01-27 14:56:04', '2024-01-27 15:07:36');
INSERT INTO `z_permission` VALUES ('fbfec480-b534-4eee-a832-6d31393f2cb9', '43d0b63e-1b86-40f8-bd98-c5b82b745b46', 'news-news-update', '新闻表-测试-修改按钮', '1', '修改按钮', '', '', '', NULL, 1, 1, NULL, 0, 1, 0, NULL, 1, '2023-02-17 20:12:16', '2023-02-17 20:12:16');
INSERT INTO `z_permission` VALUES ('fed08350-a5d1-4633-bd03-6972ed651109', 'dc3395c1-1c1b-41ef-859d-e18b130ef209', 'zorg-zOrganization-exportExcel', '组织机构表-导出Excel按钮', '1', '导出Excel按钮', '', '', '', NULL, 1, 1, NULL, 0, 1, 0, NULL, 1, '2023-01-11 14:13:51', '2023-01-11 14:13:51');
INSERT INTO `z_permission` VALUES ('system-api', 'f7b9fdcb-4f7f-44ad-8d81-d22165edb0de', 'system-api', 'API管理模块', '0', 'API管理', 'el-icon-connection', '/system/api', '/system/api/index', NULL, 1, 1, 'noRedirect', 0, 1, 0, NULL, 5, NULL, '2023-09-09 10:54:18');

-- ----------------------------
-- Table structure for z_permission_api
-- ----------------------------
DROP TABLE IF EXISTS `z_permission_api`;
CREATE TABLE `z_permission_api`  (
  `permission_id` varchar(36) CHARACTER SET utf8mb4 COLLATE utf8mb4_general_ci NULL DEFAULT NULL COMMENT 'permission_id',
  `api_id` varchar(36) CHARACTER SET utf8mb4 COLLATE utf8mb4_general_ci NULL DEFAULT NULL COMMENT 'api_id'
) ENGINE = InnoDB CHARACTER SET = utf8mb4 COLLATE = utf8mb4_general_ci COMMENT = '资源API关联表' ROW_FORMAT = Dynamic;

-- ----------------------------
-- Records of z_permission_api
-- ----------------------------
INSERT INTO `z_permission_api` VALUES ('b8da2060-59bb-41b9-b642-7b38f755361a', '5c43ab1b-438c-4cf1-9df7-86448eeb1520');
INSERT INTO `z_permission_api` VALUES ('973026ca-8e2f-4967-8422-83190181cb86', '136dba1c-deab-4b95-85bf-43557789ff3e');
INSERT INTO `z_permission_api` VALUES ('84be0fab-3f4c-4291-9f47-cde08c3b64f1', '81ddb4e1-4998-4d91-8164-47d6f6167a81');
INSERT INTO `z_permission_api` VALUES ('efbf4424-4e1b-4bf7-9979-2aa158e1b462', 'e77ea885-beab-49b4-ab75-c3d972db47da');
INSERT INTO `z_permission_api` VALUES ('efbf4424-4e1b-4bf7-9979-2aa158e1b462', '5f9bd3af-347f-4913-bb29-02d1267310c2');
INSERT INTO `z_permission_api` VALUES ('84be0fab-3f4c-4291-9f47-234234df2343', '5f9bd3af-347f-4913-bb29-234234df2343');
INSERT INTO `z_permission_api` VALUES ('8d387549-8655-11ed-b3e8-00163e2eaa5f', 'c6e82e05-1bd7-488c-a362-d895a036c815');
INSERT INTO `z_permission_api` VALUES ('6accaf71-635e-48e2-ac9e-e64a72aaf3a0', 'f79e96d2-7fe3-457e-a3a9-ebc33b610634');
INSERT INTO `z_permission_api` VALUES ('b8e0acf4-ddb0-4eb4-bd61-4234b2cc56b8', '1cd0d688-4b39-4ca8-a01c-d4b1c737d297');
INSERT INTO `z_permission_api` VALUES ('ccdaa101-b2a8-4d27-95ee-3f55cea1b8b0', 'b2285a87-b869-4585-bc1b-b469e2b37f49');
INSERT INTO `z_permission_api` VALUES ('9ba96f7f-7812-4407-90f7-c6c5e016f52e', '1db593ca-0715-4f78-9b29-ff2fdf93ec5d');
INSERT INTO `z_permission_api` VALUES ('9ba96f7f-7812-4407-90f7-c6c5e016f52e', '206cb14f-1c22-4ac4-bd6c-12be4d2389bb');
INSERT INTO `z_permission_api` VALUES ('495c7ed0-f055-4744-bbd0-4ab135d10020', 'eab60c29-7f2c-4fed-b350-1164e4107694');
INSERT INTO `z_permission_api` VALUES ('044ca078-54ad-44c8-87bb-29f5938e403c', '8d137faf-d578-4a6a-81ea-6c770ccb050c');
INSERT INTO `z_permission_api` VALUES ('12a8f4cb-d1a4-474a-aab1-c15b0b0868bf', '01d17c0e-2db0-4960-a497-3a5fd757c237');
INSERT INTO `z_permission_api` VALUES ('12a8f4cb-d1a4-474a-aab1-c15b0b0868bf', '44fe7e2b-e8f2-486f-b7d0-6c57acc8013a');
INSERT INTO `z_permission_api` VALUES ('7c8ce472-3cfa-44de-9957-bc29d831c728', '823483ea-b544-4716-841d-c66a2fa21606');
INSERT INTO `z_permission_api` VALUES ('a906d2d2-b007-4eb6-9435-e36c875c3f8b', 'c06df9d5-6da2-435e-97ba-03d95a8af719');
INSERT INTO `z_permission_api` VALUES ('c8d00954-900e-470e-9310-8ce3eda5d838', 'e537a477-30a7-48af-b609-a34e181d4947');
INSERT INTO `z_permission_api` VALUES ('ee9c8b52-0222-4f9b-a910-88e2aa1407c0', 'ed19f7a8-aa03-4c55-91a9-ad06da07905b');
INSERT INTO `z_permission_api` VALUES ('7fc63a94-bec0-461f-8c4e-12c2d6d77529', '097abf79-00a2-49ef-91c6-acdd08afed30');
INSERT INTO `z_permission_api` VALUES ('7fc63a94-bec0-461f-8c4e-12c2d6d77529', '6cace0db-8a92-4761-afa2-6c118e817fd4');
INSERT INTO `z_permission_api` VALUES ('8e81c817-350a-4063-a219-44cf4d0df891', '02955bbb-ae0f-441a-8f75-79524a630614');
INSERT INTO `z_permission_api` VALUES ('97d509be-85e5-4a64-bf33-c669df91ba53', '204ee757-ab6e-467c-ae4c-b9a1d2d4cc29');
INSERT INTO `z_permission_api` VALUES ('97d509be-85e5-4a64-bf33-c669df91ba53', '6cace0db-8a92-4761-afa2-6c118e817fd4');
INSERT INTO `z_permission_api` VALUES ('fed08350-a5d1-4633-bd03-6972ed651109', '2ed7f103-880d-45f0-b597-31ef350ee4c8');
INSERT INTO `z_permission_api` VALUES ('3d47c40e-e1e7-49c0-9b84-44e07e934417', 'b1a7a275-ad0a-4ca6-9a70-bb82054c303b');
INSERT INTO `z_permission_api` VALUES ('8031cc2f-0c10-401b-b666-16b4e25c4148', 'ca8291e2-256b-4ac8-8d20-8b93a36e3fa2');
INSERT INTO `z_permission_api` VALUES ('939c5bb7-1219-486e-bf67-8628fc26386a', 'c3838c54-6661-4b2a-b927-3c265ab28a86');
INSERT INTO `z_permission_api` VALUES ('cbcc3f17-594e-45c5-b1b1-2bfa6e1b57f8', '23fe4f41-bd03-437a-8ba5-185a3f5ec363');
INSERT INTO `z_permission_api` VALUES ('9778004e-94b3-11ed-ae3b-00163e2eaa5f', '89216faa-16bb-44db-bafd-a49b33e573f6');
INSERT INTO `z_permission_api` VALUES ('9778004e-94b3-11ed-ae3b-00163e2eaa5f', 'a5979831-656e-4dbe-9fd2-ca007f387a52');
INSERT INTO `z_permission_api` VALUES ('9778004e-94b3-11ed-ae3b-00163e2eaa5f', '35844170-250a-4b06-a9ca-f040dcf3d8a4');
INSERT INTO `z_permission_api` VALUES ('a33d3078-7320-4cff-ad33-6f485ffee3bb', '7c8a4f90-416b-4595-8354-4ab605779cd0');
INSERT INTO `z_permission_api` VALUES ('a33d3078-7320-4cff-ad33-6f485ffee3bb', 'd78c535e-df5f-4bbe-9cb5-b14a18a67ca5');
INSERT INTO `z_permission_api` VALUES ('33a3c1fc-2532-423f-8ceb-f003d7f58869', '7a74f05c-7732-4e2d-ae97-71bc018c5915');
INSERT INTO `z_permission_api` VALUES ('517300ad-c3b0-41d6-a308-bc679b6371a2', 'a7b9c28d-b6e8-429a-8420-756d1068ef4b');
INSERT INTO `z_permission_api` VALUES ('d38cba60-5e97-45a7-a273-07f3c95305eb', '67bc9c2c-d2dd-4c6e-a032-fcefa5ea81e2');
INSERT INTO `z_permission_api` VALUES ('de6521a7-fa99-4f1d-9b5b-131cfc1446d3', '75f49fa5-77f6-4367-bde7-06573f5a422c');
INSERT INTO `z_permission_api` VALUES ('167fbe82-cce7-4b93-8638-2cd666a5f440', '75582fbb-0592-4fc1-8122-9116c1fb4a5e');
INSERT INTO `z_permission_api` VALUES ('52ed898f-b146-44e4-8588-f1b1a92e24ff', '04829347-180c-4d59-865d-172c7425dc76');
INSERT INTO `z_permission_api` VALUES ('caad3539-d9ef-4561-aba8-c57282b28ecd', '98fec7a4-467f-4c2d-b3ec-ea71b1b101cb');
INSERT INTO `z_permission_api` VALUES ('fbfec480-b534-4eee-a832-6d31393f2cb9', '65ef3a41-5c77-4395-adf3-d76ab5d3c37d');
INSERT INTO `z_permission_api` VALUES ('83959d0f-a692-4617-9f00-57c68358c8d0', '10fb6e84-2767-4d10-818c-fba3ad439b90');
INSERT INTO `z_permission_api` VALUES ('43d0b63e-1b86-40f8-bd98-c5b82b745b46', 'a1b3a310-1ed9-42ac-9423-4c71effd0ce5');
INSERT INTO `z_permission_api` VALUES ('43d0b63e-1b86-40f8-bd98-c5b82b745b46', '9ea479ff-f0d6-4c3b-bce9-e1ce6249f7bf');
INSERT INTO `z_permission_api` VALUES ('4a208d9a-7127-4f0d-9fcc-78254fee1ae2', '25a5f088-ffb9-4d60-aaa3-55ebd7c2e639');
INSERT INTO `z_permission_api` VALUES ('8331f3f6-4c90-435a-8f50-8b5048601c81', '4265a428-f887-4c82-95f4-9bda6a9a8c01');
INSERT INTO `z_permission_api` VALUES ('5b3572e9-d21b-4882-a72d-d8b391e0d03d', 'f8a1beda-8d22-40d7-bcac-e939d71cc30f');
INSERT INTO `z_permission_api` VALUES ('aa86e76c-312b-4f9d-a066-0abed5abdac3', '86cd45d5-a007-4597-986f-d321654184b6');
INSERT INTO `z_permission_api` VALUES ('2a9c9f84-c5aa-4104-ae30-b097c6c3d770', 'dc3a4f6e-1116-4bc4-a412-5f8b1940e6cb');
INSERT INTO `z_permission_api` VALUES ('ba668163-4a82-4f57-8bac-8f18950cdfc8', '240bbc2b-450a-473b-b6fb-c65a0ce9f931');
INSERT INTO `z_permission_api` VALUES ('ba668163-4a82-4f57-8bac-8f18950cdfc8', '24968ee8-0901-454d-a149-a8aa60ca4993');
INSERT INTO `z_permission_api` VALUES ('495d9d2c-2f6c-4ffa-92aa-c30226bee58d', 'ccd6fca6-aae8-4e7b-b334-658d31de48f2');
INSERT INTO `z_permission_api` VALUES ('4e673ad4-e861-4232-9b27-861ec834b0ca', '03b1007d-17c4-4ab6-974e-405e39fb2028');
INSERT INTO `z_permission_api` VALUES ('1a254f73-1137-4d67-b258-82fc403425fc', '037d1fe4-912e-4d68-b430-f391095a37d9');
INSERT INTO `z_permission_api` VALUES ('639527e7-45ac-423a-b74e-cfdee0312c8b', '03da5ff1-bdc3-46b0-b8b9-cb2f016d44e1');
INSERT INTO `z_permission_api` VALUES ('2a163bd2-056f-49d9-ad92-442e8f6002a2', 'c4717414-dee8-4469-87b0-081f4b6284d7');
INSERT INTO `z_permission_api` VALUES ('ea5912f8-534c-4998-9a06-3eaf679f9989', '4b20e90f-4586-4f5f-9563-ff0719b4bd9b');
INSERT INTO `z_permission_api` VALUES ('042cd848-1fa2-4b70-b030-46e1d98a0e67', '8289e110-7ec7-4cfe-ab43-3a6a00562a69');
INSERT INTO `z_permission_api` VALUES ('f8cea28a-4f62-4ae9-b603-71a40f6a3c99', '0f3178eb-7ae2-449e-a9de-8016971f87ba');
INSERT INTO `z_permission_api` VALUES ('90750c45-b3e5-4cc8-867a-1162d6318cb8', '12e5a69e-5a64-473d-acb2-4a26b52c5661');
INSERT INTO `z_permission_api` VALUES ('bc96325c-ecd4-4492-8b77-3ca1b6e76676', 'dbf36d3c-623e-451e-b85c-6ed8a3aef00d');
INSERT INTO `z_permission_api` VALUES ('791b43bd-63f0-4d65-ad91-28a7f10165c4', '4c5931b1-fd6a-42da-856a-c22b06475848');
INSERT INTO `z_permission_api` VALUES ('54068f86-e4c0-496d-93a9-8ef5a5e3092f', '67025cd0-6b3e-44a2-9f86-d9991778a80a');
INSERT INTO `z_permission_api` VALUES ('034119bf-f411-47f8-a181-e04ad47cb7d4', '0fabdb76-a506-461f-a6b2-2f0c153e9531');
INSERT INTO `z_permission_api` VALUES ('be62b2e3-a3c6-4345-b254-b790ab2999e4', '0b8c1605-f66f-40b4-9a08-cdac9f247361');
INSERT INTO `z_permission_api` VALUES ('0e175784-840a-4a26-b54e-f46718b6710d', 'ed4694fe-0d1b-485b-9dec-877378130602');
INSERT INTO `z_permission_api` VALUES ('21c94756-b533-4041-90b5-1d2b26e050f9', '5e0b9bc8-9b91-4bf6-9b91-6512aa9c0384');
INSERT INTO `z_permission_api` VALUES ('21c94756-b533-4041-90b5-1d2b26e050f9', 'd6761175-7a42-43ff-8ffb-013d6edbea0c');
INSERT INTO `z_permission_api` VALUES ('688f7aad-2c15-4bcf-959e-632449c37264', '15fc63cc-6618-4704-acc1-12c3801ffc15');
INSERT INTO `z_permission_api` VALUES ('688f7aad-2c15-4bcf-959e-632449c37264', 'fed5aaef-799c-4399-b9af-c6b964706cda');
INSERT INTO `z_permission_api` VALUES ('688f7aad-2c15-4bcf-959e-632449c37264', 'd35c2b97-3f04-4fd8-8d2a-fa717436d6ac');
INSERT INTO `z_permission_api` VALUES ('688f7aad-2c15-4bcf-959e-632449c37264', '746b4596-61f1-457d-8e89-c424fcf40a0f');
INSERT INTO `z_permission_api` VALUES ('e4d603f0-6aae-4551-bc2c-0a533777326d', '50736719-90a3-40d2-a259-7e1430f24938');
INSERT INTO `z_permission_api` VALUES ('c0c958c0-bec0-4291-95f2-fe41345df42b', '6cd3af3a-09b9-4542-a67c-1cd266118593');
INSERT INTO `z_permission_api` VALUES ('5fc0f5b2-a428-4c65-92df-6490b5a9c786', 'eac7786d-8ed5-45b3-9b39-30c52f84eb01');
INSERT INTO `z_permission_api` VALUES ('b04614f5-b615-4312-aa5e-efe489b35557', 'b27b4616-e09b-419e-85a4-5f94d348380e');
INSERT INTO `z_permission_api` VALUES ('c52e64ac-061b-4100-b3c2-8baffa41c249', '8adce246-8d95-4d03-a35e-005b2ec3540a');
INSERT INTO `z_permission_api` VALUES ('39785baa-1e9d-49bf-9aaf-b8f134bf8ebf', 'bd0afbbd-807f-49b5-adcc-fb41fbb3af42');
INSERT INTO `z_permission_api` VALUES ('b1a20ba4-8b91-4daa-a27e-d9896dbc3252', 'b647294e-2de3-4dbc-be06-218116611462');
INSERT INTO `z_permission_api` VALUES ('59489e9a-79c7-46a9-8936-301453d319f1', '3eaea914-b718-40a6-9f4f-369735a4ac1a');
INSERT INTO `z_permission_api` VALUES ('e1752fb6-fb5f-4b7b-8207-ee3922d3985b', 'a8c3d7c9-2dda-48ef-a918-f1b3405f4250');
INSERT INTO `z_permission_api` VALUES ('90e957c7-4a30-4319-9dbd-4712eb1a8ea6', 'cba9683a-f4e5-4ea5-88ba-e70fa551abef');
INSERT INTO `z_permission_api` VALUES ('393535e6-3612-4f5f-8266-db95ed18cea4', '2ab44440-a148-49bd-a597-383ec057b24b');
INSERT INTO `z_permission_api` VALUES ('393535e6-3612-4f5f-8266-db95ed18cea4', '0e9b99da-5fd7-40b2-a090-d5d2676cc074');
INSERT INTO `z_permission_api` VALUES ('b6e8ada2-34f1-478e-ad47-68121c905b42', '0f5bd33a-2572-4ea6-abd6-de6c0619ce36');
INSERT INTO `z_permission_api` VALUES ('91a636c5-d22d-44d9-8c56-f3bdf6f754c5', '21ee6c61-afd3-482d-87d0-5ca3d6a69605');
INSERT INTO `z_permission_api` VALUES ('91a636c5-d22d-44d9-8c56-f3bdf6f754c5', 'ce1ddfa7-c414-4535-8828-8766f90f5e70');
INSERT INTO `z_permission_api` VALUES ('1a98be57-562e-4c21-8377-d6dae96c153a', '5c43ab1b-438c-4cf1-9df7-86448eeb1520');
INSERT INTO `z_permission_api` VALUES ('443347c4-40dd-4aef-8cd6-6f9eccd81f59', 'a7ef1f66-a411-48d6-8c0a-cd99e5949c2c');
INSERT INTO `z_permission_api` VALUES ('e4a72674-6d53-46f2-b757-6ed63e8ea0f4', '45b484db-c5e6-4c72-baf8-cdbe2a8600ba');
INSERT INTO `z_permission_api` VALUES ('c8e27837-8e91-4907-a4ac-c24c3e72113b', '86602ef4-10f9-4fb3-a90c-96f419280cc8');
INSERT INTO `z_permission_api` VALUES ('81dc5012-252a-4333-9940-42b9b5d9643d', '89ed5e9a-a500-43c4-89df-11611159a772');
INSERT INTO `z_permission_api` VALUES ('a9a33859-97ec-46b6-af71-1b32838c8ba1', '63b4d0cc-609b-45e7-b288-fbf304a2e988');
INSERT INTO `z_permission_api` VALUES ('976b8afa-00f5-4b90-9995-b38d0cd1385b', 'b83dab5a-edbf-4cb3-8d13-9a5934f6d8ec');
INSERT INTO `z_permission_api` VALUES ('976b8afa-00f5-4b90-9995-b38d0cd1385b', '96585c77-50b1-46bf-92b2-b1500df10146');
INSERT INTO `z_permission_api` VALUES ('146080c6-143f-46ff-8182-fcfaaf566d86', '6e237d4c-7659-461b-8b18-c0480138d74d');
INSERT INTO `z_permission_api` VALUES ('ef4b28f3-a5a8-4a9e-8abb-5a52d0ea9d53', '3cd5f71a-1c79-4da2-b39c-2c6474887175');
INSERT INTO `z_permission_api` VALUES ('9fc3d5e8-e976-461e-844b-929214423881', '57c6140b-c453-49d3-9f8c-30941f3ddbb8');
INSERT INTO `z_permission_api` VALUES ('086effee-2278-40a9-b8c6-82524087de19', 'a576ed0f-f7f9-41d6-8375-b1a4ea3489a8');
INSERT INTO `z_permission_api` VALUES ('2515d17a-bf0e-4db3-9a70-76f18b8ab5c2', '759bd3cb-874b-41dd-a253-e8d7494cae87');
INSERT INTO `z_permission_api` VALUES ('6499ef0f-0d98-4766-8962-834517681c33', 'a3515024-bcb3-46b9-9a2f-6ac46d398bcd');
INSERT INTO `z_permission_api` VALUES ('6499ef0f-0d98-4766-8962-834517681c33', '02242cc9-d512-44d1-8e5f-f8e424835115');
INSERT INTO `z_permission_api` VALUES ('b53889ed-7768-4d06-9408-221fb6432690', 'd28e568f-8dce-4058-ad59-bb1bbb309406');
INSERT INTO `z_permission_api` VALUES ('69f2e0a9-26af-4ae7-8239-c6ddc625dce0', '84e4b9da-a515-4e56-a610-d6a63c104a24');
INSERT INTO `z_permission_api` VALUES ('1d2f42e4-ecb3-40ae-8f87-56aec2b8b107', 'd1f5569a-6772-4e94-bd7d-133609a4438b');
INSERT INTO `z_permission_api` VALUES ('89901c40-3e37-468c-958a-32b5640c2757', 'bed3696d-f07f-4e88-82c2-4f4feb4f62c5');
INSERT INTO `z_permission_api` VALUES ('d3d8f608-c0d4-47fc-9575-4167edc58cf4', 'adf62e8c-0e1d-4519-8823-a1b588835182');
INSERT INTO `z_permission_api` VALUES ('3b4b13fe-c6d8-4f6a-a98c-44582d96fb9d', 'd65487f5-1449-4377-856d-975a0dd3012a');
INSERT INTO `z_permission_api` VALUES ('3b4b13fe-c6d8-4f6a-a98c-44582d96fb9d', '160e0e73-3b43-4e3d-b84a-5f8b201d82d3');
INSERT INTO `z_permission_api` VALUES ('dc630503-d53c-4f4e-973f-2abc3be5ac67', '14ae6834-86a7-4511-97e1-f0a27608a6a0');
INSERT INTO `z_permission_api` VALUES ('f341914e-88e1-46e4-9493-7b5adf1bc7fc', '8f7e1491-5b18-43f6-9a32-99a77c7d2d0f');
INSERT INTO `z_permission_api` VALUES ('f2c8a5f4-67e9-408a-91a9-c269ad8035f3', 'cba131c5-98af-4ad4-826c-e2eea84bba91');
INSERT INTO `z_permission_api` VALUES ('d5d026ba-f73e-4496-93e5-44161c4d87ce', 'bb1c1477-1b05-43c2-93c3-4f0e2ac86327');
INSERT INTO `z_permission_api` VALUES ('69030379-ea02-4933-af2b-1d3ad8de0d7b', 'dd58a1d7-42fb-45e2-87d2-8b9b99bfca32');
INSERT INTO `z_permission_api` VALUES ('3ad6a340-1af5-48fc-9bb1-0c54562a94c5', 'a748922a-1aaa-473a-9f46-e52b92f53d99');
INSERT INTO `z_permission_api` VALUES ('3ad6a340-1af5-48fc-9bb1-0c54562a94c5', '01bd8cb2-3a76-4678-902f-e7030b83ff5f');
INSERT INTO `z_permission_api` VALUES ('dc3395c1-1c1b-41ef-859d-e18b130ef209', 'c44babb2-413e-48f4-9e7c-330b37891ffd');
INSERT INTO `z_permission_api` VALUES ('dc3395c1-1c1b-41ef-859d-e18b130ef209', 'd9eaa3ae-5f3f-4ef6-99e6-0e03f1643334');
INSERT INTO `z_permission_api` VALUES ('dc3395c1-1c1b-41ef-859d-e18b130ef209', '3f175aaf-288a-4533-8902-32da3d519f66');
INSERT INTO `z_permission_api` VALUES ('dc3395c1-1c1b-41ef-859d-e18b130ef209', '6cace0db-8a92-4761-afa2-6c118e817fd4');
INSERT INTO `z_permission_api` VALUES ('a5d1f365-8ac8-4f8f-883b-753ab02e61a1', 'ffa64801-06ca-43ed-9c2b-1001344b9471');
INSERT INTO `z_permission_api` VALUES ('a5d1f365-8ac8-4f8f-883b-753ab02e61a1', '6eac843c-45b9-449f-a074-ae3f8d2c1b26');
INSERT INTO `z_permission_api` VALUES ('a5d1f365-8ac8-4f8f-883b-753ab02e61a1', '725d1061-93be-4cc7-8aef-09ab637603be');
INSERT INTO `z_permission_api` VALUES ('a5d1f365-8ac8-4f8f-883b-753ab02e61a1', '7c8a4f90-416b-4595-8354-4ab605779cd0');
INSERT INTO `z_permission_api` VALUES ('893e53ed-0f6c-4524-a91b-4eee098a12c5', '210ce819-cf3b-4552-8927-46d9ec3bdd7d');
INSERT INTO `z_permission_api` VALUES ('893e53ed-0f6c-4524-a91b-4eee098a12c5', '006a54bd-6f5b-4436-bbfe-08ef00f3c4f6');
INSERT INTO `z_permission_api` VALUES ('4f534b05-7b90-43ec-9884-613243db10fb', 'e6eeef03-20fd-441e-afe6-b9735148927f');

-- ----------------------------
-- Table structure for z_quartz
-- ----------------------------
DROP TABLE IF EXISTS `z_quartz`;
CREATE TABLE `z_quartz`  (
  `quartz_id` varchar(36) CHARACTER SET utf8mb4 COLLATE utf8mb4_general_ci NOT NULL COMMENT '定时任务id',
  `job_name` varchar(50) CHARACTER SET utf8mb4 COLLATE utf8mb4_general_ci NULL DEFAULT NULL COMMENT '任务名称（不能重复）',
  `job_class` varchar(100) CHARACTER SET utf8mb4 COLLATE utf8mb4_general_ci NULL DEFAULT NULL COMMENT '任务执行类（该类必须实现org.quartz.Job）',
  `job_time_cron` varchar(30) CHARACTER SET utf8mb4 COLLATE utf8mb4_general_ci NULL DEFAULT NULL COMMENT '任务执行时间（cron表达式，格式：秒 分 时 日 月 年）',
  `description` varchar(200) CHARACTER SET utf8mb4 COLLATE utf8mb4_general_ci NULL DEFAULT NULL COMMENT '任务描述',
  `status` char(1) CHARACTER SET utf8mb4 COLLATE utf8mb4_general_ci NULL DEFAULT NULL COMMENT '状态0关闭1开启',
  `create_time` datetime(0) NULL DEFAULT NULL COMMENT '创建时间',
  `update_time` datetime(0) NULL DEFAULT NULL COMMENT '最后更新时间',
  PRIMARY KEY (`quartz_id`) USING BTREE
) ENGINE = InnoDB CHARACTER SET = utf8mb4 COLLATE = utf8mb4_general_ci COMMENT = '定时任务调度表' ROW_FORMAT = Dynamic;

-- ----------------------------
-- Records of z_quartz
-- ----------------------------
INSERT INTO `z_quartz` VALUES ('1', 'job1', 'com.kg.core.quartz.job.Job1', '*/5 * * * * ?', '定时任务demo（每5s执行一次）', '0', '2022-12-26 16:37:58', '2024-10-16 22:16:54');
INSERT INTO `z_quartz` VALUES ('7b785251-32cd-4e25-a954-411ea38fc67d', '删除分片上传临时文件', 'com.kg.core.quartz.job.DeleteFileChunkTempJob', '0 0 1 * * ?', '每天1:00执行', '0', '2023-09-26 11:22:52', '2023-11-09 09:12:11');
INSERT INTO `z_quartz` VALUES ('93d90dba-2fb9-4f33-8063-4ceb2aedf3b2', '定时删除操作日志任务', 'com.kg.core.quartz.job.DeleteOperateLogJob', '0 30 0 * * ?', '每天0:30执行\n定时删除操作日志z_operate_log\n默认保留180天\n可以在配置文件中配置com.kg.auto-operate-log', '1', '2023-11-09 08:46:30', '2025-05-09 16:14:44');

-- ----------------------------
-- Table structure for z_role
-- ----------------------------
DROP TABLE IF EXISTS `z_role`;
CREATE TABLE `z_role`  (
  `role_id` varchar(36) CHARACTER SET utf8mb4 COLLATE utf8mb4_general_ci NOT NULL COMMENT '角色ID',
  `role_name` varchar(100) CHARACTER SET utf8mb4 COLLATE utf8mb4_general_ci NULL DEFAULT NULL COMMENT '角色名称',
  `role_description` varchar(255) CHARACTER SET utf8mb4 COLLATE utf8mb4_general_ci NULL DEFAULT NULL COMMENT '角色描述',
  `role_order` int(11) NULL DEFAULT NULL COMMENT '角色顺序',
  `create_time` datetime(0) NULL DEFAULT NULL COMMENT '创建时间',
  `update_time` datetime(0) NULL DEFAULT NULL COMMENT '最后更新时间',
  PRIMARY KEY (`role_id`) USING BTREE
) ENGINE = InnoDB CHARACTER SET = utf8mb4 COLLATE = utf8mb4_general_ci COMMENT = '角色表' ROW_FORMAT = Dynamic;

-- ----------------------------
-- Records of z_role
-- ----------------------------
INSERT INTO `z_role` VALUES ('032844a1f06890c0f689a7818ec6fbac', '系统管理员', '系统管理员', 1, '2023-01-15 17:11:09', '2023-11-09 15:59:27');
INSERT INTO `z_role` VALUES ('1c5da30bd1f387d036e438d19cebadec', '222', '222', 1, '2024-10-12 17:59:52', NULL);
INSERT INTO `z_role` VALUES ('54eaea4ee678e9fa5c600e9be57626b9', '注册用户', '注意：注册用户在后台写死的角色，若删除可能导致注册功能报错', 100, '2024-05-27 14:05:44', '2024-05-27 14:08:03');
INSERT INTO `z_role` VALUES ('6c28e0351c57fce1f2e7b61a03a93992', '测试测试', '测试测试测试测试测试测试测试测试测试测试测试测试测试测试测试测试测试测试测试测试测试测试测试测试测试测试测试测试测试测试测试测试测试测试', 1, '2023-01-15 17:11:26', NULL);

-- ----------------------------
-- Table structure for z_role_permission
-- ----------------------------
DROP TABLE IF EXISTS `z_role_permission`;
CREATE TABLE `z_role_permission`  (
  `role_id` varchar(36) CHARACTER SET utf8mb4 COLLATE utf8mb4_general_ci NOT NULL COMMENT 'role_id',
  `permission_id` varchar(36) CHARACTER SET utf8mb4 COLLATE utf8mb4_general_ci NOT NULL COMMENT 'permission_id',
  PRIMARY KEY (`role_id`, `permission_id`) USING BTREE
) ENGINE = InnoDB CHARACTER SET = utf8mb4 COLLATE = utf8mb4_general_ci COMMENT = '角色权限表' ROW_FORMAT = Dynamic;

-- ----------------------------
-- Records of z_role_permission
-- ----------------------------
INSERT INTO `z_role_permission` VALUES ('032844a1f06890c0f689a7818ec6fbac', '034119bf-f411-47f8-a181-e04ad47cb7d4');
INSERT INTO `z_role_permission` VALUES ('032844a1f06890c0f689a7818ec6fbac', '042cd848-1fa2-4b70-b030-46e1d98a0e67');
INSERT INTO `z_role_permission` VALUES ('032844a1f06890c0f689a7818ec6fbac', '044ca078-54ad-44c8-87bb-29f5938e403c');
INSERT INTO `z_role_permission` VALUES ('032844a1f06890c0f689a7818ec6fbac', '046b4ac2-bd1b-411c-b211-8d1cb2899569');
INSERT INTO `z_role_permission` VALUES ('032844a1f06890c0f689a7818ec6fbac', '0e175784-840a-4a26-b54e-f46718b6710d');
INSERT INTO `z_role_permission` VALUES ('032844a1f06890c0f689a7818ec6fbac', '12a8f4cb-d1a4-474a-aab1-c15b0b0868bf');
INSERT INTO `z_role_permission` VALUES ('032844a1f06890c0f689a7818ec6fbac', '167fbe82-cce7-4b93-8638-2cd666a5f440');
INSERT INTO `z_role_permission` VALUES ('032844a1f06890c0f689a7818ec6fbac', '1a254f73-1137-4d67-b258-82fc403425fc');
INSERT INTO `z_role_permission` VALUES ('032844a1f06890c0f689a7818ec6fbac', '1a98be57-562e-4c21-8377-d6dae96c153a');
INSERT INTO `z_role_permission` VALUES ('032844a1f06890c0f689a7818ec6fbac', '1b71a340-8a30-44a0-8042-edad04b4a319');
INSERT INTO `z_role_permission` VALUES ('032844a1f06890c0f689a7818ec6fbac', '215b7b74-b0ba-4338-a5f1-9c3e6e8bb082');
INSERT INTO `z_role_permission` VALUES ('032844a1f06890c0f689a7818ec6fbac', '21c94756-b533-4041-90b5-1d2b26e050f9');
INSERT INTO `z_role_permission` VALUES ('032844a1f06890c0f689a7818ec6fbac', '2a163bd2-056f-49d9-ad92-442e8f6002a2');
INSERT INTO `z_role_permission` VALUES ('032844a1f06890c0f689a7818ec6fbac', '2a9c9f84-c5aa-4104-ae30-b097c6c3d770');
INSERT INTO `z_role_permission` VALUES ('032844a1f06890c0f689a7818ec6fbac', '31e1fd83-4070-4fcc-a876-b7722339f0f8');
INSERT INTO `z_role_permission` VALUES ('032844a1f06890c0f689a7818ec6fbac', '32431db1-c88d-47aa-ad3f-36e74492ddcf');
INSERT INTO `z_role_permission` VALUES ('032844a1f06890c0f689a7818ec6fbac', '33a3c1fc-2532-423f-8ceb-f003d7f58869');
INSERT INTO `z_role_permission` VALUES ('032844a1f06890c0f689a7818ec6fbac', '393535e6-3612-4f5f-8266-db95ed18cea4');
INSERT INTO `z_role_permission` VALUES ('032844a1f06890c0f689a7818ec6fbac', '39785baa-1e9d-49bf-9aaf-b8f134bf8ebf');
INSERT INTO `z_role_permission` VALUES ('032844a1f06890c0f689a7818ec6fbac', '3d47c40e-e1e7-49c0-9b84-44e07e934417');
INSERT INTO `z_role_permission` VALUES ('032844a1f06890c0f689a7818ec6fbac', '42e02ab4-e040-4dfa-b712-ab144ed24755');
INSERT INTO `z_role_permission` VALUES ('032844a1f06890c0f689a7818ec6fbac', '43d0b63e-1b86-40f8-bd98-c5b82b745b46');
INSERT INTO `z_role_permission` VALUES ('032844a1f06890c0f689a7818ec6fbac', '495c7ed0-f055-4744-bbd0-4ab135d10020');
INSERT INTO `z_role_permission` VALUES ('032844a1f06890c0f689a7818ec6fbac', '495d9d2c-2f6c-4ffa-92aa-c30226bee58d');
INSERT INTO `z_role_permission` VALUES ('032844a1f06890c0f689a7818ec6fbac', '4a208d9a-7127-4f0d-9fcc-78254fee1ae2');
INSERT INTO `z_role_permission` VALUES ('032844a1f06890c0f689a7818ec6fbac', '4e673ad4-e861-4232-9b27-861ec834b0ca');
INSERT INTO `z_role_permission` VALUES ('032844a1f06890c0f689a7818ec6fbac', '4f534b05-7b90-43ec-9884-613243db10fb');
INSERT INTO `z_role_permission` VALUES ('032844a1f06890c0f689a7818ec6fbac', '517300ad-c3b0-41d6-a308-bc679b6371a2');
INSERT INTO `z_role_permission` VALUES ('032844a1f06890c0f689a7818ec6fbac', '52ed898f-b146-44e4-8588-f1b1a92e24ff');
INSERT INTO `z_role_permission` VALUES ('032844a1f06890c0f689a7818ec6fbac', '54068f86-e4c0-496d-93a9-8ef5a5e3092f');
INSERT INTO `z_role_permission` VALUES ('032844a1f06890c0f689a7818ec6fbac', '587918a7-3af4-4085-bf2b-972689c61bbe');
INSERT INTO `z_role_permission` VALUES ('032844a1f06890c0f689a7818ec6fbac', '59489e9a-79c7-46a9-8936-301453d319f1');
INSERT INTO `z_role_permission` VALUES ('032844a1f06890c0f689a7818ec6fbac', '5b3572e9-d21b-4882-a72d-d8b391e0d03d');
INSERT INTO `z_role_permission` VALUES ('032844a1f06890c0f689a7818ec6fbac', '5fc0f5b2-a428-4c65-92df-6490b5a9c786');
INSERT INTO `z_role_permission` VALUES ('032844a1f06890c0f689a7818ec6fbac', '639527e7-45ac-423a-b74e-cfdee0312c8b');
INSERT INTO `z_role_permission` VALUES ('032844a1f06890c0f689a7818ec6fbac', '688f7aad-2c15-4bcf-959e-632449c37264');
INSERT INTO `z_role_permission` VALUES ('032844a1f06890c0f689a7818ec6fbac', '68901274-fb04-49b7-9b5c-3f9861e46fb9');
INSERT INTO `z_role_permission` VALUES ('032844a1f06890c0f689a7818ec6fbac', '6accaf71-635e-48e2-ac9e-e64a72aaf3a0');
INSERT INTO `z_role_permission` VALUES ('032844a1f06890c0f689a7818ec6fbac', '791b43bd-63f0-4d65-ad91-28a7f10165c4');
INSERT INTO `z_role_permission` VALUES ('032844a1f06890c0f689a7818ec6fbac', '7c8ce472-3cfa-44de-9957-bc29d831c728');
INSERT INTO `z_role_permission` VALUES ('032844a1f06890c0f689a7818ec6fbac', '7fc63a94-bec0-461f-8c4e-12c2d6d77529');
INSERT INTO `z_role_permission` VALUES ('032844a1f06890c0f689a7818ec6fbac', '8031cc2f-0c10-401b-b666-16b4e25c4148');
INSERT INTO `z_role_permission` VALUES ('032844a1f06890c0f689a7818ec6fbac', '83226fae-ac98-4bb0-a089-6e1de166de83');
INSERT INTO `z_role_permission` VALUES ('032844a1f06890c0f689a7818ec6fbac', '8331f3f6-4c90-435a-8f50-8b5048601c81');
INSERT INTO `z_role_permission` VALUES ('032844a1f06890c0f689a7818ec6fbac', '83959d0f-a692-4617-9f00-57c68358c8d0');
INSERT INTO `z_role_permission` VALUES ('032844a1f06890c0f689a7818ec6fbac', '84be0fab-3f4c-4291-9f47-234234df2343');
INSERT INTO `z_role_permission` VALUES ('032844a1f06890c0f689a7818ec6fbac', '84be0fab-3f4c-4291-9f47-cde08c3b64f1');
INSERT INTO `z_role_permission` VALUES ('032844a1f06890c0f689a7818ec6fbac', '893e53ed-0f6c-4524-a91b-4eee098a12c5');
INSERT INTO `z_role_permission` VALUES ('032844a1f06890c0f689a7818ec6fbac', '8d387549-8655-11ed-b3e8-00163e2eaa5f');
INSERT INTO `z_role_permission` VALUES ('032844a1f06890c0f689a7818ec6fbac', '8e81c817-350a-4063-a219-44cf4d0df891');
INSERT INTO `z_role_permission` VALUES ('032844a1f06890c0f689a7818ec6fbac', '90750c45-b3e5-4cc8-867a-1162d6318cb8');
INSERT INTO `z_role_permission` VALUES ('032844a1f06890c0f689a7818ec6fbac', '90e957c7-4a30-4319-9dbd-4712eb1a8ea6');
INSERT INTO `z_role_permission` VALUES ('032844a1f06890c0f689a7818ec6fbac', '91a636c5-d22d-44d9-8c56-f3bdf6f754c5');
INSERT INTO `z_role_permission` VALUES ('032844a1f06890c0f689a7818ec6fbac', '939c5bb7-1219-486e-bf67-8628fc26386a');
INSERT INTO `z_role_permission` VALUES ('032844a1f06890c0f689a7818ec6fbac', '973026ca-8e2f-4967-8422-83190181cb86');
INSERT INTO `z_role_permission` VALUES ('032844a1f06890c0f689a7818ec6fbac', '9778004e-94b3-11ed-ae3b-00163e2eaa5f');
INSERT INTO `z_role_permission` VALUES ('032844a1f06890c0f689a7818ec6fbac', '97d509be-85e5-4a64-bf33-c669df91ba53');
INSERT INTO `z_role_permission` VALUES ('032844a1f06890c0f689a7818ec6fbac', '9ba96f7f-7812-4407-90f7-c6c5e016f52e');
INSERT INTO `z_role_permission` VALUES ('032844a1f06890c0f689a7818ec6fbac', '9d7e2230-94b3-11ed-ae3b-00163e2eaa5f');
INSERT INTO `z_role_permission` VALUES ('032844a1f06890c0f689a7818ec6fbac', 'a025494d-94b3-11ed-ae3b-00163e2eaa5f');
INSERT INTO `z_role_permission` VALUES ('032844a1f06890c0f689a7818ec6fbac', 'a33d3078-7320-4cff-ad33-6f485ffee3bb');
INSERT INTO `z_role_permission` VALUES ('032844a1f06890c0f689a7818ec6fbac', 'a443ff7a-3c4e-4763-93a4-c05498af00b8');
INSERT INTO `z_role_permission` VALUES ('032844a1f06890c0f689a7818ec6fbac', 'a5d1f365-8ac8-4f8f-883b-753ab02e61a1');
INSERT INTO `z_role_permission` VALUES ('032844a1f06890c0f689a7818ec6fbac', 'a906d2d2-b007-4eb6-9435-e36c875c3f8b');
INSERT INTO `z_role_permission` VALUES ('032844a1f06890c0f689a7818ec6fbac', 'aa86e76c-312b-4f9d-a066-0abed5abdac3');
INSERT INTO `z_role_permission` VALUES ('032844a1f06890c0f689a7818ec6fbac', 'b04614f5-b615-4312-aa5e-efe489b35557');
INSERT INTO `z_role_permission` VALUES ('032844a1f06890c0f689a7818ec6fbac', 'b1a20ba4-8b91-4daa-a27e-d9896dbc3252');
INSERT INTO `z_role_permission` VALUES ('032844a1f06890c0f689a7818ec6fbac', 'b6e8ada2-34f1-478e-ad47-68121c905b42');
INSERT INTO `z_role_permission` VALUES ('032844a1f06890c0f689a7818ec6fbac', 'b8da2060-59bb-41b9-b642-7b38f755361a');
INSERT INTO `z_role_permission` VALUES ('032844a1f06890c0f689a7818ec6fbac', 'b8e0acf4-ddb0-4eb4-bd61-4234b2cc56b8');
INSERT INTO `z_role_permission` VALUES ('032844a1f06890c0f689a7818ec6fbac', 'ba668163-4a82-4f57-8bac-8f18950cdfc8');
INSERT INTO `z_role_permission` VALUES ('032844a1f06890c0f689a7818ec6fbac', 'bc96325c-ecd4-4492-8b77-3ca1b6e76676');
INSERT INTO `z_role_permission` VALUES ('032844a1f06890c0f689a7818ec6fbac', 'be62b2e3-a3c6-4345-b254-b790ab2999e4');
INSERT INTO `z_role_permission` VALUES ('032844a1f06890c0f689a7818ec6fbac', 'c0c958c0-bec0-4291-95f2-fe41345df42b');
INSERT INTO `z_role_permission` VALUES ('032844a1f06890c0f689a7818ec6fbac', 'c52e64ac-061b-4100-b3c2-8baffa41c249');
INSERT INTO `z_role_permission` VALUES ('032844a1f06890c0f689a7818ec6fbac', 'c8d00954-900e-470e-9310-8ce3eda5d838');
INSERT INTO `z_role_permission` VALUES ('032844a1f06890c0f689a7818ec6fbac', 'caad3539-d9ef-4561-aba8-c57282b28ecd');
INSERT INTO `z_role_permission` VALUES ('032844a1f06890c0f689a7818ec6fbac', 'cbcc3f17-594e-45c5-b1b1-2bfa6e1b57f8');
INSERT INTO `z_role_permission` VALUES ('032844a1f06890c0f689a7818ec6fbac', 'ccdaa101-b2a8-4d27-95ee-3f55cea1b8b0');
INSERT INTO `z_role_permission` VALUES ('032844a1f06890c0f689a7818ec6fbac', 'd38cba60-5e97-45a7-a273-07f3c95305eb');
INSERT INTO `z_role_permission` VALUES ('032844a1f06890c0f689a7818ec6fbac', 'dc3395c1-1c1b-41ef-859d-e18b130ef209');
INSERT INTO `z_role_permission` VALUES ('032844a1f06890c0f689a7818ec6fbac', 'de6521a7-fa99-4f1d-9b5b-131cfc1446d3');
INSERT INTO `z_role_permission` VALUES ('032844a1f06890c0f689a7818ec6fbac', 'e1752fb6-fb5f-4b7b-8207-ee3922d3985b');
INSERT INTO `z_role_permission` VALUES ('032844a1f06890c0f689a7818ec6fbac', 'e4d603f0-6aae-4551-bc2c-0a533777326d');
INSERT INTO `z_role_permission` VALUES ('032844a1f06890c0f689a7818ec6fbac', 'ea5912f8-534c-4998-9a06-3eaf679f9989');
INSERT INTO `z_role_permission` VALUES ('032844a1f06890c0f689a7818ec6fbac', 'ee9c8b52-0222-4f9b-a910-88e2aa1407c0');
INSERT INTO `z_role_permission` VALUES ('032844a1f06890c0f689a7818ec6fbac', 'efbf4424-4e1b-4bf7-9979-2aa158e1b462');
INSERT INTO `z_role_permission` VALUES ('032844a1f06890c0f689a7818ec6fbac', 'f7b9fdcb-4f7f-44ad-8d81-d22165edb0de');
INSERT INTO `z_role_permission` VALUES ('032844a1f06890c0f689a7818ec6fbac', 'f8cea28a-4f62-4ae9-b603-71a40f6a3c99');
INSERT INTO `z_role_permission` VALUES ('032844a1f06890c0f689a7818ec6fbac', 'f986b63e-a377-4102-8751-d07b37165039');
INSERT INTO `z_role_permission` VALUES ('032844a1f06890c0f689a7818ec6fbac', 'fbfec480-b534-4eee-a832-6d31393f2cb9');
INSERT INTO `z_role_permission` VALUES ('032844a1f06890c0f689a7818ec6fbac', 'fed08350-a5d1-4633-bd03-6972ed651109');
INSERT INTO `z_role_permission` VALUES ('1c5da30bd1f387d036e438d19cebadec', '215b7b74-b0ba-4338-a5f1-9c3e6e8bb082');
INSERT INTO `z_role_permission` VALUES ('1c5da30bd1f387d036e438d19cebadec', '2442e16a-ca92-4457-a501-da791b2e8176');
INSERT INTO `z_role_permission` VALUES ('1c5da30bd1f387d036e438d19cebadec', '5fa93fd5-616b-45a8-a2ff-9544d18eda27');
INSERT INTO `z_role_permission` VALUES ('1c5da30bd1f387d036e438d19cebadec', '8526963b-445f-4b37-a490-169e5aeb0e29');
INSERT INTO `z_role_permission` VALUES ('4055598b-245c-452d-879c-100c53738407', '960ad206-d6cb-4724-a28b-d4e0960ca43a');
INSERT INTO `z_role_permission` VALUES ('4055598b-245c-452d-879c-100c53738407', '9d7e2230-94b3-11ed-ae3b-00163e2eaa5f');
INSERT INTO `z_role_permission` VALUES ('4055598b-245c-452d-879c-100c53738407', 'a025494d-94b3-11ed-ae3b-00163e2eaa5f');
INSERT INTO `z_role_permission` VALUES ('4055598b-245c-452d-879c-100c53738407', 'f7b9fdcb-4f7f-44ad-8d81-d22165edb0de');
INSERT INTO `z_role_permission` VALUES ('54eaea4ee678e9fa5c600e9be57626b9', '034119bf-f411-47f8-a181-e04ad47cb7d4');
INSERT INTO `z_role_permission` VALUES ('54eaea4ee678e9fa5c600e9be57626b9', '046b4ac2-bd1b-411c-b211-8d1cb2899569');
INSERT INTO `z_role_permission` VALUES ('54eaea4ee678e9fa5c600e9be57626b9', '086effee-2278-40a9-b8c6-82524087de19');
INSERT INTO `z_role_permission` VALUES ('54eaea4ee678e9fa5c600e9be57626b9', '0e175784-840a-4a26-b54e-f46718b6710d');
INSERT INTO `z_role_permission` VALUES ('54eaea4ee678e9fa5c600e9be57626b9', '146080c6-143f-46ff-8182-fcfaaf566d86');
INSERT INTO `z_role_permission` VALUES ('54eaea4ee678e9fa5c600e9be57626b9', '1d07d0d0-bb6c-449b-a310-a0b91086bb32');
INSERT INTO `z_role_permission` VALUES ('54eaea4ee678e9fa5c600e9be57626b9', '215b7b74-b0ba-4338-a5f1-9c3e6e8bb082');
INSERT INTO `z_role_permission` VALUES ('54eaea4ee678e9fa5c600e9be57626b9', '21c94756-b533-4041-90b5-1d2b26e050f9');
INSERT INTO `z_role_permission` VALUES ('54eaea4ee678e9fa5c600e9be57626b9', '2442e16a-ca92-4457-a501-da791b2e8176');
INSERT INTO `z_role_permission` VALUES ('54eaea4ee678e9fa5c600e9be57626b9', '2515d17a-bf0e-4db3-9a70-76f18b8ab5c2');
INSERT INTO `z_role_permission` VALUES ('54eaea4ee678e9fa5c600e9be57626b9', '2a9c9f84-c5aa-4104-ae30-b097c6c3d770');
INSERT INTO `z_role_permission` VALUES ('54eaea4ee678e9fa5c600e9be57626b9', '31e1fd83-4070-4fcc-a876-b7722339f0f8');
INSERT INTO `z_role_permission` VALUES ('54eaea4ee678e9fa5c600e9be57626b9', '42e02ab4-e040-4dfa-b712-ab144ed24755');
INSERT INTO `z_role_permission` VALUES ('54eaea4ee678e9fa5c600e9be57626b9', '43d0b63e-1b86-40f8-bd98-c5b82b745b46');
INSERT INTO `z_role_permission` VALUES ('54eaea4ee678e9fa5c600e9be57626b9', '4a208d9a-7127-4f0d-9fcc-78254fee1ae2');
INSERT INTO `z_role_permission` VALUES ('54eaea4ee678e9fa5c600e9be57626b9', '4f534b05-7b90-43ec-9884-613243db10fb');
INSERT INTO `z_role_permission` VALUES ('54eaea4ee678e9fa5c600e9be57626b9', '54068f86-e4c0-496d-93a9-8ef5a5e3092f');
INSERT INTO `z_role_permission` VALUES ('54eaea4ee678e9fa5c600e9be57626b9', '5b3572e9-d21b-4882-a72d-d8b391e0d03d');
INSERT INTO `z_role_permission` VALUES ('54eaea4ee678e9fa5c600e9be57626b9', '5fa93fd5-616b-45a8-a2ff-9544d18eda27');
INSERT INTO `z_role_permission` VALUES ('54eaea4ee678e9fa5c600e9be57626b9', '6499ef0f-0d98-4766-8962-834517681c33');
INSERT INTO `z_role_permission` VALUES ('54eaea4ee678e9fa5c600e9be57626b9', '791b43bd-63f0-4d65-ad91-28a7f10165c4');
INSERT INTO `z_role_permission` VALUES ('54eaea4ee678e9fa5c600e9be57626b9', '83226fae-ac98-4bb0-a089-6e1de166de83');
INSERT INTO `z_role_permission` VALUES ('54eaea4ee678e9fa5c600e9be57626b9', '8331f3f6-4c90-435a-8f50-8b5048601c81');
INSERT INTO `z_role_permission` VALUES ('54eaea4ee678e9fa5c600e9be57626b9', '83959d0f-a692-4617-9f00-57c68358c8d0');
INSERT INTO `z_role_permission` VALUES ('54eaea4ee678e9fa5c600e9be57626b9', '8526963b-445f-4b37-a490-169e5aeb0e29');
INSERT INTO `z_role_permission` VALUES ('54eaea4ee678e9fa5c600e9be57626b9', '9fc3d5e8-e976-461e-844b-929214423881');
INSERT INTO `z_role_permission` VALUES ('54eaea4ee678e9fa5c600e9be57626b9', 'a443ff7a-3c4e-4763-93a4-c05498af00b8');
INSERT INTO `z_role_permission` VALUES ('54eaea4ee678e9fa5c600e9be57626b9', 'aa86e76c-312b-4f9d-a066-0abed5abdac3');
INSERT INTO `z_role_permission` VALUES ('54eaea4ee678e9fa5c600e9be57626b9', 'ba668163-4a82-4f57-8bac-8f18950cdfc8');
INSERT INTO `z_role_permission` VALUES ('54eaea4ee678e9fa5c600e9be57626b9', 'be62b2e3-a3c6-4345-b254-b790ab2999e4');
INSERT INTO `z_role_permission` VALUES ('54eaea4ee678e9fa5c600e9be57626b9', 'caad3539-d9ef-4561-aba8-c57282b28ecd');
INSERT INTO `z_role_permission` VALUES ('54eaea4ee678e9fa5c600e9be57626b9', 'ef4b28f3-a5a8-4a9e-8abb-5a52d0ea9d53');
INSERT INTO `z_role_permission` VALUES ('54eaea4ee678e9fa5c600e9be57626b9', 'f986b63e-a377-4102-8751-d07b37165039');
INSERT INTO `z_role_permission` VALUES ('54eaea4ee678e9fa5c600e9be57626b9', 'fbfec480-b534-4eee-a832-6d31393f2cb9');
INSERT INTO `z_role_permission` VALUES ('6c28e0351c57fce1f2e7b61a03a93992', '034119bf-f411-47f8-a181-e04ad47cb7d4');
INSERT INTO `z_role_permission` VALUES ('6c28e0351c57fce1f2e7b61a03a93992', '046b4ac2-bd1b-411c-b211-8d1cb2899569');
INSERT INTO `z_role_permission` VALUES ('6c28e0351c57fce1f2e7b61a03a93992', '086effee-2278-40a9-b8c6-82524087de19');
INSERT INTO `z_role_permission` VALUES ('6c28e0351c57fce1f2e7b61a03a93992', '0e175784-840a-4a26-b54e-f46718b6710d');
INSERT INTO `z_role_permission` VALUES ('6c28e0351c57fce1f2e7b61a03a93992', '146080c6-143f-46ff-8182-fcfaaf566d86');
INSERT INTO `z_role_permission` VALUES ('6c28e0351c57fce1f2e7b61a03a93992', '167fbe82-cce7-4b93-8638-2cd666a5f440');
INSERT INTO `z_role_permission` VALUES ('6c28e0351c57fce1f2e7b61a03a93992', '1d07d0d0-bb6c-449b-a310-a0b91086bb32');
INSERT INTO `z_role_permission` VALUES ('6c28e0351c57fce1f2e7b61a03a93992', '215b7b74-b0ba-4338-a5f1-9c3e6e8bb082');
INSERT INTO `z_role_permission` VALUES ('6c28e0351c57fce1f2e7b61a03a93992', '21c94756-b533-4041-90b5-1d2b26e050f9');
INSERT INTO `z_role_permission` VALUES ('6c28e0351c57fce1f2e7b61a03a93992', '2442e16a-ca92-4457-a501-da791b2e8176');
INSERT INTO `z_role_permission` VALUES ('6c28e0351c57fce1f2e7b61a03a93992', '2515d17a-bf0e-4db3-9a70-76f18b8ab5c2');
INSERT INTO `z_role_permission` VALUES ('6c28e0351c57fce1f2e7b61a03a93992', '2a9c9f84-c5aa-4104-ae30-b097c6c3d770');
INSERT INTO `z_role_permission` VALUES ('6c28e0351c57fce1f2e7b61a03a93992', '31e1fd83-4070-4fcc-a876-b7722339f0f8');
INSERT INTO `z_role_permission` VALUES ('6c28e0351c57fce1f2e7b61a03a93992', '42e02ab4-e040-4dfa-b712-ab144ed24755');
INSERT INTO `z_role_permission` VALUES ('6c28e0351c57fce1f2e7b61a03a93992', '43d0b63e-1b86-40f8-bd98-c5b82b745b46');
INSERT INTO `z_role_permission` VALUES ('6c28e0351c57fce1f2e7b61a03a93992', '4a208d9a-7127-4f0d-9fcc-78254fee1ae2');
INSERT INTO `z_role_permission` VALUES ('6c28e0351c57fce1f2e7b61a03a93992', '4f534b05-7b90-43ec-9884-613243db10fb');
INSERT INTO `z_role_permission` VALUES ('6c28e0351c57fce1f2e7b61a03a93992', '54068f86-e4c0-496d-93a9-8ef5a5e3092f');
INSERT INTO `z_role_permission` VALUES ('6c28e0351c57fce1f2e7b61a03a93992', '5b3572e9-d21b-4882-a72d-d8b391e0d03d');
INSERT INTO `z_role_permission` VALUES ('6c28e0351c57fce1f2e7b61a03a93992', '5fa93fd5-616b-45a8-a2ff-9544d18eda27');
INSERT INTO `z_role_permission` VALUES ('6c28e0351c57fce1f2e7b61a03a93992', '6499ef0f-0d98-4766-8962-834517681c33');
INSERT INTO `z_role_permission` VALUES ('6c28e0351c57fce1f2e7b61a03a93992', '791b43bd-63f0-4d65-ad91-28a7f10165c4');
INSERT INTO `z_role_permission` VALUES ('6c28e0351c57fce1f2e7b61a03a93992', '7c8ce472-3cfa-44de-9957-bc29d831c728');
INSERT INTO `z_role_permission` VALUES ('6c28e0351c57fce1f2e7b61a03a93992', '83226fae-ac98-4bb0-a089-6e1de166de83');
INSERT INTO `z_role_permission` VALUES ('6c28e0351c57fce1f2e7b61a03a93992', '8331f3f6-4c90-435a-8f50-8b5048601c81');
INSERT INTO `z_role_permission` VALUES ('6c28e0351c57fce1f2e7b61a03a93992', '83959d0f-a692-4617-9f00-57c68358c8d0');
INSERT INTO `z_role_permission` VALUES ('6c28e0351c57fce1f2e7b61a03a93992', '8526963b-445f-4b37-a490-169e5aeb0e29');
INSERT INTO `z_role_permission` VALUES ('6c28e0351c57fce1f2e7b61a03a93992', '9fc3d5e8-e976-461e-844b-929214423881');
INSERT INTO `z_role_permission` VALUES ('6c28e0351c57fce1f2e7b61a03a93992', 'a443ff7a-3c4e-4763-93a4-c05498af00b8');
INSERT INTO `z_role_permission` VALUES ('6c28e0351c57fce1f2e7b61a03a93992', 'a5d1f365-8ac8-4f8f-883b-753ab02e61a1');
INSERT INTO `z_role_permission` VALUES ('6c28e0351c57fce1f2e7b61a03a93992', 'a906d2d2-b007-4eb6-9435-e36c875c3f8b');
INSERT INTO `z_role_permission` VALUES ('6c28e0351c57fce1f2e7b61a03a93992', 'aa86e76c-312b-4f9d-a066-0abed5abdac3');
INSERT INTO `z_role_permission` VALUES ('6c28e0351c57fce1f2e7b61a03a93992', 'ba668163-4a82-4f57-8bac-8f18950cdfc8');
INSERT INTO `z_role_permission` VALUES ('6c28e0351c57fce1f2e7b61a03a93992', 'be62b2e3-a3c6-4345-b254-b790ab2999e4');
INSERT INTO `z_role_permission` VALUES ('6c28e0351c57fce1f2e7b61a03a93992', 'c8d00954-900e-470e-9310-8ce3eda5d838');
INSERT INTO `z_role_permission` VALUES ('6c28e0351c57fce1f2e7b61a03a93992', 'caad3539-d9ef-4561-aba8-c57282b28ecd');
INSERT INTO `z_role_permission` VALUES ('6c28e0351c57fce1f2e7b61a03a93992', 'ee9c8b52-0222-4f9b-a910-88e2aa1407c0');
INSERT INTO `z_role_permission` VALUES ('6c28e0351c57fce1f2e7b61a03a93992', 'ef4b28f3-a5a8-4a9e-8abb-5a52d0ea9d53');
INSERT INTO `z_role_permission` VALUES ('6c28e0351c57fce1f2e7b61a03a93992', 'f7b9fdcb-4f7f-44ad-8d81-d22165edb0de');
INSERT INTO `z_role_permission` VALUES ('6c28e0351c57fce1f2e7b61a03a93992', 'f986b63e-a377-4102-8751-d07b37165039');
INSERT INTO `z_role_permission` VALUES ('6c28e0351c57fce1f2e7b61a03a93992', 'fbfec480-b534-4eee-a832-6d31393f2cb9');
INSERT INTO `z_role_permission` VALUES ('8a4f9aea-5828-4570-bde8-da3b419207a6', 'dc3395c1-1c1b-41ef-859d-e18b130ef209');
INSERT INTO `z_role_permission` VALUES ('8a4f9aea-5828-4570-bde8-da3b419207a6', 'f7b9fdcb-4f7f-44ad-8d81-d22165edb0de');
INSERT INTO `z_role_permission` VALUES ('8a4f9aea-5828-4570-bde8-da3b419207a6', 'fed08350-a5d1-4633-bd03-6972ed651109');

-- ----------------------------
-- Table structure for z_safety
-- ----------------------------
DROP TABLE IF EXISTS `z_safety`;
CREATE TABLE `z_safety`  (
  `id` int(11) NOT NULL COMMENT '配置ID',
  `start_length` smallint(2) NOT NULL DEFAULT 0 COMMENT '开始长度',
  `end_length` smallint(2) NOT NULL DEFAULT 0 COMMENT '结束长度',
  `lowercase` smallint(2) NOT NULL DEFAULT 0 COMMENT '小写字母 0必须无 1必须有 2可有可无',
  `uppercase` smallint(2) NOT NULL DEFAULT 0 COMMENT '大写字母 0必须无 1必须有 2可有可无',
  `numbers` smallint(2) NOT NULL DEFAULT 0 COMMENT '数字 0必须无 1必须有 2可有可无',
  `special_characters` smallint(2) NOT NULL DEFAULT 0 COMMENT '是否有特殊字符 0必须无 1必须有 2可有可无',
  `ban_username` smallint(2) NOT NULL DEFAULT 0 COMMENT '不能包含用户名 0否 1是',
  `valid_time` smallint(6) NOT NULL DEFAULT 0 COMMENT '有效时间 天',
  `prompt` varchar(255) CHARACTER SET utf8mb4 COLLATE utf8mb4_general_ci NOT NULL COMMENT '提示语',
  `login_failed_times` smallint(6) NOT NULL DEFAULT 0 COMMENT '登录失败限制次数（0不限制）',
  `lock_time` smallint(6) NOT NULL DEFAULT 0 COMMENT '锁定时间 分钟（0永久锁定）',
  `default_password` varchar(255) CHARACTER SET utf8mb4 COLLATE utf8mb4_general_ci NOT NULL COMMENT '默认密码',
  `update_time` datetime(0) NULL DEFAULT NULL COMMENT '修改时间',
  PRIMARY KEY (`id`) USING BTREE
) ENGINE = InnoDB CHARACTER SET = utf8mb4 COLLATE = utf8mb4_general_ci COMMENT = '密码安全等设置' ROW_FORMAT = Dynamic;

-- ----------------------------
-- Records of z_safety
-- ----------------------------
INSERT INTO `z_safety` VALUES (1, 8, 30, 1, 2, 1, 1, 1, 0, '密码长度8~30位，必须包含大写或小写字母、数字、特殊字符，密码90天内过期', 5, 120, 'ABCabc@123', '2023-04-22 11:30:24');

-- ----------------------------
-- Table structure for z_user
-- ----------------------------
DROP TABLE IF EXISTS `z_user`;
CREATE TABLE `z_user`  (
  `user_id` varchar(36) CHARACTER SET utf8mb4 COLLATE utf8mb4_general_ci NOT NULL COMMENT '用户ID',
  `org_id` varchar(32) CHARACTER SET utf8mb4 COLLATE utf8mb4_general_ci NULL DEFAULT NULL COMMENT '用户所在部门ID',
  `user_name` varchar(50) CHARACTER SET utf8mb4 COLLATE utf8mb4_general_ci NULL DEFAULT NULL COMMENT '用户名',
  `password` varchar(80) CHARACTER SET utf8mb4 COLLATE utf8mb4_general_ci NULL DEFAULT NULL COMMENT '密码',
  `sex` char(1) CHARACTER SET utf8mb4 COLLATE utf8mb4_general_ci NULL DEFAULT NULL COMMENT '性别(0未知1男2女)',
  `nick_name` varchar(80) CHARACTER SET utf8mb4 COLLATE utf8mb4_general_ci NULL DEFAULT NULL COMMENT '昵称',
  `introduce` varchar(255) CHARACTER SET utf8mb4 COLLATE utf8mb4_general_ci NULL DEFAULT NULL COMMENT '简介',
  `avatar` varchar(200) CHARACTER SET utf8mb4 COLLATE utf8mb4_general_ci NULL DEFAULT NULL COMMENT '用户头像',
  `name` varchar(20) CHARACTER SET utf8mb4 COLLATE utf8mb4_general_ci NULL DEFAULT NULL COMMENT '姓名',
  `phone` varchar(20) CHARACTER SET utf8mb4 COLLATE utf8mb4_general_ci NULL DEFAULT NULL COMMENT '手机号',
  `status` char(1) CHARACTER SET utf8mb4 COLLATE utf8mb4_general_ci NOT NULL DEFAULT '1' COMMENT '用户状态(0禁用1正常)',
  `create_time` datetime(0) NULL DEFAULT NULL COMMENT '创建时间',
  `update_time` datetime(0) NULL DEFAULT NULL COMMENT '最后更新时间',
  PRIMARY KEY (`user_id`) USING BTREE
) ENGINE = InnoDB CHARACTER SET = utf8mb4 COLLATE = utf8mb4_general_ci COMMENT = '用户表' ROW_FORMAT = Dynamic;

-- ----------------------------
-- Records of z_user
-- ----------------------------
INSERT INTO `z_user` VALUES ('1', '6902be7cdd4549a2be9690f62879cb9a', 'dashuadmin', '$2a$10$e58v6yZLAbqcUKuvo6MsHOQO14WRPD3PyKVuvMh3rbA6nMBamE.K2', '0', '大树', '我还没有介绍啦啦啦啦啦啦点到', '/upload/images/20241220/746699eceaf443eb8dac46facae34c9b.gif', '超级管理员', '13012341234', '1', NULL, '2025-04-23 17:57:33');
INSERT INTO `z_user` VALUES ('11', '6902be7cdd4549a2be9690f62879cb9a', 'admin1', '$2a$10$B/zaM3Gh4ZZH0zbpUJDgHeptaK72ObbR0LTKjKRvVAWeCVkYFrvam', '0', 'test', 'test', NULL, 'test', '12345678901', '1', NULL, '2024-12-28 10:44:30');
INSERT INTO `z_user` VALUES ('5e5847c2-29d2-4e7e-ad85-acd6de02ae50', NULL, 'lewis', '$2a$10$uiauwHOfhjjfPwr9AMu0M./VncoczpVLFydYuwEyHkOypnnCkoK1W', '0', NULL, NULL, NULL, NULL, NULL, '1', '2025-03-22 10:26:10', NULL);
INSERT INTO `z_user` VALUES ('679d3fb6-217c-4c1c-80f3-67745cd265c2', '', 'test4', '$2a$10$KcfrTzfyQWI5vpnME2Cqe.ySCPsyJdltOwzN6LCmmTDDgn28THKDa', '0', '', '', '', '', '', '1', '2023-01-17 14:05:22', '2023-05-16 11:21:20');
INSERT INTO `z_user` VALUES ('97208f9f-3afc-4a48-a941-2b70589ab62c', NULL, 'fermili', '$2a$10$IcNoHRFt80BCJE6daog6Zu5VWtPmlpbBIQzQNzUpKPqMnr2U.AAnO', '0', NULL, NULL, NULL, NULL, NULL, '1', '2025-03-18 16:24:06', NULL);
INSERT INTO `z_user` VALUES ('a1711529-40bd-49d4-b276-1193588fedb0', NULL, 'test1', '$2a$10$5rhC6cd/q6uSD0IQo1Oi0eRt5w/i4nFFUN1fV.MROQyZD9OG0zUMq', '1', 'vuygu', 'chvuhi', NULL, 'bgh', NULL, '1', '2024-05-27 14:33:52', '2025-02-15 18:51:19');
INSERT INTO `z_user` VALUES ('b7433e5d-07e0-48a8-bc90-559f18f5ab76', '6902be7cdd4549a2be9690f62879cb9a', 'test', '$2a$10$vJQqyxeXsdlBLUFdJ8g4Gej8pnAF1LM0aGzFe0p1BXc505vg2EZ2e', '0', 'test', '张三张三张三', '/upload/images/20240117/fafa54bdd95a4fecba90ab5cd741a072.jpg', '张三', '13012341234', '1', '2023-05-26 15:56:08', '2025-03-07 22:49:52');
INSERT INTO `z_user` VALUES ('e400decc-2c7d-4a4a-9a2a-9392be60bbe4', NULL, 'enjay', '$2a$10$ViiJw4NPF/FkvLuicmGPhe5QXYXZgF.kN/fyAI9yZtaO.2zElrwwq', '0', NULL, NULL, NULL, NULL, NULL, '1', '2025-02-26 14:45:41', NULL);

-- ----------------------------
-- Table structure for z_user_lock
-- ----------------------------
DROP TABLE IF EXISTS `z_user_lock`;
CREATE TABLE `z_user_lock`  (
  `lock_id` varchar(36) CHARACTER SET utf8mb4 COLLATE utf8mb4_general_ci NOT NULL COMMENT '用户锁定id',
  `user_name` varchar(100) CHARACTER SET utf8mb4 COLLATE utf8mb4_general_ci NULL DEFAULT NULL COMMENT '用户名',
  `lock_reason` varchar(200) CHARACTER SET utf8mb4 COLLATE utf8mb4_general_ci NULL DEFAULT NULL COMMENT '锁定原因',
  `create_time` datetime(0) NULL DEFAULT NULL COMMENT '添加时间',
  PRIMARY KEY (`lock_id`) USING BTREE
) ENGINE = InnoDB CHARACTER SET = utf8mb4 COLLATE = utf8mb4_general_ci COMMENT = '用户锁定' ROW_FORMAT = Dynamic;

-- ----------------------------
-- Table structure for z_user_password
-- ----------------------------
DROP TABLE IF EXISTS `z_user_password`;
CREATE TABLE `z_user_password`  (
  `user_id` varchar(36) CHARACTER SET utf8mb4 COLLATE utf8mb4_general_ci NOT NULL COMMENT '用户id',
  `old_password` varchar(80) CHARACTER SET utf8mb4 COLLATE utf8mb4_general_ci NULL DEFAULT NULL COMMENT '旧密码',
  `edit_password_time` datetime(0) NULL DEFAULT NULL COMMENT '修改密码时间',
  PRIMARY KEY (`user_id`) USING BTREE
) ENGINE = InnoDB CHARACTER SET = utf8mb4 COLLATE = utf8mb4_general_ci COMMENT = '用户密码修改记录' ROW_FORMAT = Dynamic;

-- ----------------------------
-- Records of z_user_password
-- ----------------------------
INSERT INTO `z_user_password` VALUES ('0344b356-513f-491b-830f-2a709d403b7f', '$2a$10$3pEkFDruZNRoKEZ645hTLuaaT6UycFhkAHrdHtriTjK/wLmC7tKMu', '2023-05-16 11:20:30');
INSERT INTO `z_user_password` VALUES ('1', '$2a$10$CD.F31zI3ozEhB7sBtb9me6ICCDlU7DRGggMfktdZGh9xNQ6LFqQK', '2025-04-25 07:52:48');
INSERT INTO `z_user_password` VALUES ('11', '$2a$10$.BckqTTN0yQc.BTTmcr5ueSjNs08MNL0O4D6UaKhr22z2NrunEO86', '2024-12-28 10:45:01');
INSERT INTO `z_user_password` VALUES ('1d6b6582-6ca6-44c4-9ffb-e1e83b94353f', '$2a$10$oMJYJhsd8mfNHSUzjNXCzObmOU4JyhiJodPeb5Dq6SH20J1pahj5u', '2023-05-16 11:21:19');
INSERT INTO `z_user_password` VALUES ('4fc27e5a-7de0-458c-a3cd-accbf0486c4a', '$2a$10$6l6PwylLQKRDWQ9gY5tnJePdsH8Glt8UChzrCRDOyAUUmi.LJtX5m', '2023-12-15 08:29:15');
INSERT INTO `z_user_password` VALUES ('54eb616a-741f-4302-9bb8-360c4346ac69', '$2a$10$ONaRjHG4jj2GXM0wtv0Aweb.nEA8hQMAy3vxTQqUzPZsmluiqx9by', '2023-05-16 10:29:52');
INSERT INTO `z_user_password` VALUES ('593a09b3-7ddd-452a-9d0e-a8143f8a6012', '$2a$10$mZ5.xc/K4g3tO6x9DfNDL.2ZEfsRqcQob6Iv4djsRptwR/1gVR0PO', '2023-05-16 11:15:51');
INSERT INTO `z_user_password` VALUES ('608cdfb7-bb86-43e6-bbaa-2079b3946e1b', '$2a$10$JzYrdNFNZ/qSlizrZx7Nhe.Hi1k3/7RmkRa4W0r4i09miropy2rPm', '2023-05-16 11:13:52');
INSERT INTO `z_user_password` VALUES ('679d3fb6-217c-4c1c-80f3-67745cd265c2', '$2a$10$fi2Db6GrISjk7TeWvpL5K.DVDBvDGex3/EMRQp9tinvXbvlEa/6fy', '2023-05-16 11:21:20');
INSERT INTO `z_user_password` VALUES ('81073be5-a27c-4869-b870-38db60be1048', '$2a$10$4KqtJs8mgJ/Re/ucASRFJOFnoDnZbkp6GiOvsgKKZCed9GuEotqCm', '2023-05-16 11:17:44');
INSERT INTO `z_user_password` VALUES ('b7433e5d-07e0-48a8-bc90-559f18f5ab76', '$2a$10$IT/fkOndwWNbj.UfcrkXyOmFspiexDH2k/by2/jglbS6p2.30I9Ha', '2025-03-07 22:50:17');
INSERT INTO `z_user_password` VALUES ('d0b39ab6-35d5-4cbb-918f-45d3ce89e3f1', '$2a$10$4kvEscNzm6vd5wW.0ZU22Of6J8lTiZfmuZpUvvKMOJBlS4Xqk0AOO', '2023-05-16 11:15:51');
INSERT INTO `z_user_password` VALUES ('dddbfc33-f66d-4a50-8747-e48abfc52ccb', '$2a$10$IFhl4ecdV2jQ6CkJ0cWYsu/0IX2z9YXGPNJ0IMseMnwFTKFdSamBG', '2024-09-21 10:24:51');
INSERT INTO `z_user_password` VALUES ('e02e709c-1dba-4c9f-9606-45ca749a7d06', '$2a$10$97V4cWe1ytj42uamPoPckOigfCWVTi3AZOKXgFwwxOSn/5SXbiTK.', '2023-02-11 10:31:08');
INSERT INTO `z_user_password` VALUES ('e71ffa9e-9aad-401f-9f0f-c1d697afbf54', '$2a$10$ezf8CmBOq9CdNr82JcEoW.xHyM4QXFSUGo/5ksQngZGpXjGfH7O4S', '2023-02-10 16:18:17');
INSERT INTO `z_user_password` VALUES ('ebe4afa1-1dbc-4fb2-a715-3480452df9af', '$2a$10$tErV/3BTL2qQL3zzPzr4IO/4n1eY08yZz7tkrdm7yeBiCpseJWZCu', '2023-11-09 15:40:24');
INSERT INTO `z_user_password` VALUES ('f2a7ea30-dfec-4104-847b-5bbaa143e7a1', '$2a$10$YUl9E5qXrq0xs3QExtM6D.iHl0oSZs8DLxBzt99ltQ2GztRcdAsu2', '2023-02-11 10:30:28');

-- ----------------------------
-- Table structure for z_user_role
-- ----------------------------
DROP TABLE IF EXISTS `z_user_role`;
CREATE TABLE `z_user_role`  (
  `user_id` varchar(36) CHARACTER SET utf8mb4 COLLATE utf8mb4_general_ci NOT NULL COMMENT 'user_id',
  `role_id` varchar(36) CHARACTER SET utf8mb4 COLLATE utf8mb4_general_ci NOT NULL COMMENT 'role_id',
  PRIMARY KEY (`user_id`, `role_id`) USING BTREE
) ENGINE = InnoDB CHARACTER SET = utf8mb4 COLLATE = utf8mb4_general_ci COMMENT = '用户角色表' ROW_FORMAT = Dynamic;

-- ----------------------------
-- Records of z_user_role
-- ----------------------------
INSERT INTO `z_user_role` VALUES ('1', '1');
INSERT INTO `z_user_role` VALUES ('11', '032844a1f06890c0f689a7818ec6fbac');
INSERT INTO `z_user_role` VALUES ('5e5847c2-29d2-4e7e-ad85-acd6de02ae50', '54eaea4ee678e9fa5c600e9be57626b9');
INSERT INTO `z_user_role` VALUES ('679d3fb6-217c-4c1c-80f3-67745cd265c2', '6c28e0351c57fce1f2e7b61a03a93992');
INSERT INTO `z_user_role` VALUES ('97208f9f-3afc-4a48-a941-2b70589ab62c', '54eaea4ee678e9fa5c600e9be57626b9');
INSERT INTO `z_user_role` VALUES ('a1711529-40bd-49d4-b276-1193588fedb0', '54eaea4ee678e9fa5c600e9be57626b9');
INSERT INTO `z_user_role` VALUES ('b7433e5d-07e0-48a8-bc90-559f18f5ab76', '032844a1f06890c0f689a7818ec6fbac');
INSERT INTO `z_user_role` VALUES ('b7433e5d-07e0-48a8-bc90-559f18f5ab76', '6c28e0351c57fce1f2e7b61a03a93992');
INSERT INTO `z_user_role` VALUES ('e400decc-2c7d-4a4a-9a2a-9392be60bbe4', '54eaea4ee678e9fa5c600e9be57626b9');

-- ----------------------------
-- Table structure for z_user_theme
-- ----------------------------
DROP TABLE IF EXISTS `z_user_theme`;
CREATE TABLE `z_user_theme`  (
  `theme_id` varchar(36) CHARACTER SET utf8mb4 COLLATE utf8mb4_general_ci NOT NULL COMMENT '用户主题配置id',
  `user_id` varchar(36) CHARACTER SET utf8mb4 COLLATE utf8mb4_general_ci NOT NULL COMMENT '用户id',
  `theme_json` varchar(500) CHARACTER SET utf8mb4 COLLATE utf8mb4_general_ci NOT NULL COMMENT '主题内容json',
  `create_time` datetime(0) NULL DEFAULT NULL COMMENT '添加时间',
  `update_time` datetime(0) NULL DEFAULT NULL COMMENT '修改时间',
  PRIMARY KEY (`theme_id`) USING BTREE
) ENGINE = InnoDB CHARACTER SET = utf8mb4 COLLATE = utf8mb4_general_ci COMMENT = '用户主题配置' ROW_FORMAT = Dynamic;

-- ----------------------------
-- Records of z_user_theme
-- ----------------------------
INSERT INTO `z_user_theme` VALUES ('182e37cc-d4e4-4bd2-8b00-d0ce9bfb3401', '1', '{\"theme\":\"#4080FF\",\"title\":\"大树快速开发平台\",\"showSettings\":true,\"tagsView\":false,\"fixedHeader\":false,\"sidebarLogo\":false,\"layout\":\"leftMenu\"}', '2025-05-14 14:11:13', NULL);
INSERT INTO `z_user_theme` VALUES ('997ea3f7-842a-4adb-94fc-502c523a11b3', '54eb616a-741f-4302-9bb8-360c4346ac69', '{\"theme\":\"#4080FF\",\"title\":\"大树快速开发平台\",\"showSettings\":true,\"tagsView\":true,\"fixedHeader\":false,\"sidebarLogo\":true,\"layout\":\"leftMenu\"}', '2024-08-27 17:33:34', '2024-08-27 17:34:21');
INSERT INTO `z_user_theme` VALUES ('999', '999111', '999', '2024-07-04 15:27:19', '2024-07-04 15:27:34');

-- ----------------------------
-- Table structure for z_user_wechat
-- ----------------------------
DROP TABLE IF EXISTS `z_user_wechat`;
CREATE TABLE `z_user_wechat`  (
  `openid` varchar(64) CHARACTER SET utf8mb4 COLLATE utf8mb4_general_ci NOT NULL COMMENT '微信openid',
  `user_id` varchar(36) CHARACTER SET utf8mb4 COLLATE utf8mb4_general_ci NOT NULL COMMENT '用户ID',
  PRIMARY KEY (`openid`, `user_id`) USING BTREE
) ENGINE = InnoDB CHARACTER SET = utf8mb4 COLLATE = utf8mb4_general_ci COMMENT = '用户-微信-绑定关系表' ROW_FORMAT = Dynamic;

-- ----------------------------
-- Records of z_user_wechat
-- ----------------------------
INSERT INTO `z_user_wechat` VALUES ('oliRq7UhR-LVAqPGq1xo-9AiLQfA', '1');

SET FOREIGN_KEY_CHECKS = 1;
